question,options,answer,task_label,label,iri,depth,domain
"In the ontology of Addiction, which of the following definitions best describes 'point prevalence tobacco smoking abstinence'?","A. Tobacco smoking abstinence that lasts for a defined period of time.

B. A process boundary that involves the end of a period of tobacco use.

C. An oxide in which the oxygen atom is bonded to a carbon atom.

D. Point prevalence tobacco smoking abstinence that lasts for 7 days prior to a time point.",A,1_1,point prevalence tobacco smoking abstinence,http://addictovocab.org/ADDICTO_0000697,5,"Health & Medicine, Addiction Ontology"
"In the ontology of Addiction, which of the following definitions best describes 'adolescent'?","A. A person whose identity is female, based on societal and cultural conceptualizations of being female, usually (but not always) reflected by specific anatomical variations, chromosome combinations, and/or sex hormones.

B. A person who has never smoked tobacco.

C. A person who is undergoing the developmental stage of transition from childhood to adulthood.

D. A person whose age is less than that of an adult.",C,1_1,adolescent,http://addictovocab.org/ADDICTO_0000523,7,"Health & Medicine, Addiction Ontology"
"In the ontology of Addiction, which of the following definitions best describes 'alcohol consumption'?","A. A substance use behaviour that involves drinking an alcohol-containing product.

B. Alcohol consumption in which the person consuming an alcohol-containing product does so with no-one else present in the same location.

C. Alcohol consumption by an adolescent.

D. A substance use behaviour that involves ingesting constituents of a tobacco-containing product.",A,1_1,alcohol consumption,http://humanbehaviourchange.org/ontology/BCIO_050376,9,"Health & Medicine, Addiction Ontology"
"In the ontology of Addiction, which of the following definitions best describes 'consumption behaviour pattern'?","A. A consumption behaviour pattern in which the behaviour is repeated in a session to an extent that is excessive.

B. A consumption behaviour pattern involving use of a substance containing alcohol concurrently with use of a psychoactive substance that has not been legally sanctioned in the jurisdiction in which the user resides.

C. An individual human behaviour pattern that involves consumption behaviour.

D. A consumption behaviour pattern involving repeated occurrences of binge behaviour sessions.",C,1_1,consumption behaviour pattern,http://humanbehaviourchange.org/ontology/BCIO_050210,6,"Health & Medicine, Addiction Ontology"
"In the ontology of Addiction, which of the following definitions best describes 'consumption behaviour'?","A. An individual human behaviour that relates to a material entity.

B. The first instance of alcohol consumption.

C. A consumption behaviour that involves breathing in a material through the nose or mouth.

D. A material entity-related behaviour that involves ingesting material into the body.",D,1_1,consumption behaviour,http://humanbehaviourchange.org/ontology/BCIO_036061,7,"Health & Medicine, Addiction Ontology"
"In the ontology of Addiction, which of the following definitions best describes 'alcohol consumption reduction'?","A. A reduction in alcohol consumption.

B. A material entity-related behaviour that involves ingesting material into the body.

C. The first instance of alcohol consumption.

D. A change quantity or pattern of alcohol consumption.",A,1_1,alcohol consumption reduction,http://addictovocab.org/ADDICTO_0000116,8,"Health & Medicine, Addiction Ontology"
"In the ontology of Addiction, which of the following definitions best describes 'alcohol misuse'?","A. A change quantity or pattern of alcohol consumption.

B. Consumption of alcohol in a manner that is deemed unacceptable in the jurisdiction in which the user resides.

C. A consumption behaviour that involves ingestion of a drug.

D. A consumption behaviour that involves breathing in a material through the nose or mouth.",B,1_1,alcohol misuse,http://addictovocab.org/ADDICTO_0000119,8,"Health & Medicine, Addiction Ontology"
"In the ontology of Addiction, which of the following definitions best describes 'process profile'?","A. A <process> in which at least one bodily component of an organism participates.

B. A process that involves a person and of which the person has some subjective experience of what is occurring, either at the time or later.

C. A process that involves repeated occurrences of a behaviour.

D. b is a process_profile =Def. there is some process c such that b process_profile_of c (axiom label in BFO2 Reference: [093-002])",D,1_1,process profile,http://purl.obolibrary.org/obo/BFO_0000144,4,"Health & Medicine, Addiction Ontology"
"In the ontology of Addiction, which of the following definitions best describes 'process boundary'?","A. An entity that has temporal parts and that happens, unfolds or develops through time.

B. p is a process boundary =Def. p is a temporal part of a process & p has no proper temporal parts. (axiom label in BFO2 Reference: [084-001])

C. An occurrent that has temporal proper parts and for some time t, p s-depends_on some material entity at t.

D. The process boundary when a process or temporal region starts.",B,1_1,process boundary,http://purl.obolibrary.org/obo/BFO_0000035,3,"Health & Medicine, Addiction Ontology"
"In the ontology of Addiction, which of the following definitions best describes 'product-use behaviour'?","A. A person with COPD that reports being a current smoker.

B. Product use behaviour that is harmful.

C. Object-using behaviour that involves use of a product.

D. A material entity-related behaviour that uses a non-living object.",C,1_1,product-use behaviour,http://addictovocab.org/ADDICTO_0000137,8,"Health & Medicine, Addiction Ontology"
"In the ontology of Addiction, which of the following definitions best describes 'confidence interval'?","A. A quantitative confidence value that is used in Bayesian analysis to describe the range in which a posterior probability estimate is likely to reside.

B. A quantitative confidence value that refers to an interval give values within which there is a high probability (95 percent by convention) that the true population value can be found. The calculation of a confidence interval considers the standard deviation of the data and the number of observations. Thus, a confidence interval narrows as the number of observations increases, or its variance (dispersion) decreases.

C. A data item which is used to indicate the degree of uncertainty about a measurement.

D. An enzyme inhibitor which interferes with the action of an oxidoreductase (EC 1.*.*.*).",B,1_1,confidence interval,http://addictovocab.org/ADDICTO_0000147,10,"Health & Medicine, Addiction Ontology"
"In the ontology of Addiction, which of the following definitions best describes 'quantitative confidence value'?","A. A quantitative confidence value that refers to an interval give values within which there is a high probability (95 percent by convention) that the true population value can be found. The calculation of a confidence interval considers the standard deviation of the data and the number of observations. Thus, a confidence interval narrows as the number of observations increases, or its variance (dispersion) decreases.

B. A data item which is used to indicate the degree of uncertainty about a measurement.

C. A data item which is the ratio of observed deaths in the study group to expected deaths in the general population.

D. A data item that is derived from an inferential statistical data analysis.",B,1_1,quantitative confidence value,http://purl.obolibrary.org/obo/OBI_0000071,9,"Health & Medicine, Addiction Ontology"
"In the ontology of Addiction, which of the following definitions best describes 'research activity'?","A. Research activity about addiction.

B. A planned process that has the aim of influencing an outcome.

C. A planned process which results in physical changes in a specified input material.

D. A planned process executed in the performance of scientific research wherein systematic investigations are performed to establish facts and reach new conclusions about phenomena in the world.",D,1_1,research activity,http://purl.obolibrary.org/obo/SEPIO_0000004,5,"Health & Medicine, Addiction Ontology"
"In the ontology of Addiction, which of the following definitions best describes 'document'?","A. An information content entity whose concretizations indicate to their bearer how to realize them in a process.

B. A collection of information content entities intended to be understood together as a whole

C. An information content entity that is about the use of multiple brands for the same product in order to increase the market for that product.

D. An information content entity that is an aggregate of documents.",B,1_1,document,http://purl.obolibrary.org/obo/IAO_0000310,5,"Health & Medicine, Addiction Ontology"
"In the ontology of Addiction, which of the following definitions best describes 'questionnaire administration'?","A. A process in which use of a product delivering a psychoactive substance increases the likelihood of use of another product delivering a psychoactive substance.

B. A process that is produced by a person.

C. An aggregate of individual human behaviours of members of a population.

D. A process in which answers to questions in a questionnaire are obtained.",D,1_1,questionnaire administration,http://addictovocab.org/ADDICTO_0000151,4,"Health & Medicine, Addiction Ontology"
"In the ontology of Addiction, which of the following definitions best describes 'research measure'?","A. An information content entity that is intended to be a truthful statement about something (modulo, e.g., measurement precision or other systematic errors) and is constructed/acquired by a method which reliably tends to produce (approximately) truthful statements.

B. A generically dependent continuant that is about some thing.

C. An information content entity that is used in a research study to specify how a measurement should be undertaken.

D. A research measure that has been subjected to evaluation for one or more forms of validity and which it is claimed has reached or exceeded an appropriate threshold on that criterion.",C,1_1,research measure,http://addictovocab.org/ADDICTO_0000152,5,"Health & Medicine, Addiction Ontology"
"In the ontology of Addiction, which of the following definitions best describes 'research study measurement'?","A. A planned process that has the aim of influencing an outcome.

B. A planned process with the objective to improve the health status of a patient that directly involves the treatment, diagnosis, or prevention of disease or injury of a patient

C. A planned process which results in physical changes in a specified input material.

D. A planned process that has as its output a data item corresponding to a quantitative or qualitative description of the attributes of an entity.",D,1_1,research study measurement,http://addictovocab.org/ADDICTO_0000153,5,"Health & Medicine, Addiction Ontology"
"In the ontology of Addiction, which of the following definitions best describes 'planned process'?","A. A process that realizes a plan which is the concretization of a plan specification.

B. A planned process that has the aim of influencing an outcome.

C. A <process> in which at least one bodily component of an organism participates.

D. A process that is causally influenced by consumption of alcohol by a person.",A,1_1,planned process,http://purl.obolibrary.org/obo/OBI_0000011,4,"Health & Medicine, Addiction Ontology"
"In the ontology of Addiction, which of the following definitions best describes 'measurement datum'?","A. A data item describing how often a person has engaged in a binge drinking session within the past 30 days.

B. A data item that is about human age and is expressed in years rounded down.

C. A measurement datum is an information content entity that is a recording of the output of a measurement such as produced by a device.

D. A data item which indicates the number of alcoholic drinks consumed per week.",C,1_1,measurement datum,http://purl.obolibrary.org/obo/IAO_0000109,6,"Health & Medicine, Addiction Ontology"
"In the ontology of Addiction, which of the following definitions best describes 'temporal start'?","A. The process boundary when a process or temporal region starts.

B. The process boundary at the beginning of a follow-up period.

C. A process boundary that involves the end of a period of tobacco use.

D. A process boundary that involves restarting a behaviour pattern after a period of abstinence from that behaviour pattern.",A,1_1,temporal start,http://addictovocab.org/ADDICTO_0000157,4,"Health & Medicine, Addiction Ontology"
"In the ontology of Addiction, which of the following definitions best describes '3-way statistical interaction'?","A. A statistical interaction between three variables.

B. A statistical parameter that describes the extent and manner in which two or more variables combine to influence or predict an outcome variable.

C. A statistical interaction between two variables.

D. A reference to a place on the Earth, by its name or by its geographical location",A,1_1,3-way statistical interaction,http://addictovocab.org/ADDICTO_0000158,8,"Health & Medicine, Addiction Ontology"
"In the ontology of Addiction, which of the following definitions best describes 'scientific model'?","A. A generically dependent continuant that is a representation or abstraction of a portion of reality, is created by a cognitive agent or group of agents through a process of scientific enquiry, and serves to explain, predict or describe phenomena within a specified domain.

B. A generically dependent continuant that is about some thing.

C. A continuant that is dependent on one or other independent continuant bearers. For every instance of A requires some instance of (an independent continuant type) B but which instance of B serves can change from time to time.

D. Funding that originates from one or more tobacco companies.",A,1_1,scientific model,http://addictovocab.org/ADDICTO_0000159,4,"Health & Medicine, Addiction Ontology"
"In the ontology of Addiction, which of the following definitions best describes 'addiction relapse case'?","A. A data item that is about the amount and quality of human and physical resources available to the inhabitants of a geospatial region.

B. A data item that is about the quantity and frequency of alcohol consumption of a person.

C. A data item that represents a human being who has received an intervention intended to result in cessation of an addictive behaviour and who, after a period of abstinence, has resumed the behaviour.

D. A data item which indicates the number of days per week a person has drunk alcohol to levels which are considered to be excessive.",C,1_1,addiction relapse case,http://addictovocab.org/ADDICTO_0000160,6,"Health & Medicine, Addiction Ontology"
"In the ontology of Addiction, which of the following definitions best describes 'data item'?","A. An information content entity that specifies the amount of a drug in a single item of a drug preparation.

B. A data item that represents a human being who has received an intervention intended to result in cessation of an addictive behaviour and who, after a period of abstinence, has resumed the behaviour.

C. A data item that describes the percentage of study participants for whom a measurement is taken at a follow-up point.

D. An information content entity that is intended to be a truthful statement about something (modulo, e.g., measurement precision or other systematic errors) and is constructed/acquired by a method which reliably tends to produce (approximately) truthful statements.",D,1_1,data item,http://purl.obolibrary.org/obo/IAO_0000027,5,"Health & Medicine, Addiction Ontology"
"In the ontology of Addiction, which of the following definitions best describes 'follow-up period'?","A. A temporal region during which a follow-up occurs.

B. The temporal extent that a behavioural process projects into.

C. especially one of the three months of gestation into which a human pregnancy is divided.

D. A temporal region between a research activity and a follow-up.",D,1_1,follow-up period,http://addictovocab.org/ADDICTO_0000167,4,"Health & Medicine, Addiction Ontology"
"In the ontology of Addiction, which of the following definitions best describes 'work absence register'?","A. A data item which indicates the number of alcoholic drinks consumed per day.

B. A data item that is output from a statistical analysis describing a feature of a data set.

C. A database documenting absence from work

D. A data item that is the number of cigarettes that are sold in a packet of cigarettes.",C,1_1,work absence register,http://addictovocab.org/ADDICTO_0000173,6,"Health & Medicine, Addiction Ontology"
"In the ontology of Addiction, which of the following definitions best describes 'personal stake'?","A. A sample is a substance role played by a biological substance as an input substance to a protocol.

B. A personal attribute that involves an outcome of value to that person arising from a process.

C. A product that is used by a person for the purpose of quitting smoking.

D. A role that inheres in some material entity and is realized in some act of appraisal.",B,1_1,personal stake,http://addictovocab.org/ADDICTO_0000179,6,"Health & Medicine, Addiction Ontology"
"In the ontology of Addiction, which of the following definitions best describes 'population-level harm from product use'?","A. A data item that is the percentage of study participants for whom measurements are not taken at a follow-up.

B. A process aggregate of harm processes affecting some members of a population caused by product use by some members of the population.

C. A data item that is derived from a statistical data analysis.

D. A data item describing how often a person has engaged in a binge drinking session within the past 30 days.",B,1_1,population-level harm from product use,http://addictovocab.org/ADDICTO_0000185,6,"Health & Medicine, Addiction Ontology"
"In the ontology of Addiction, which of the following definitions best describes 'individual-level relative harmfulness to health of a product'?","A. A data item which is about the amount of cigarette smoking a person does and is the average number of cigarettes smoked per day by a person over a period.

B. A data item that is about how many times the person has attempted to stop tobacco smoking in the past year.

C. A data item that is about the amount of harm to health caused by an individual using a product relative to other products.

D. A data item describing how often a person has engaged in a binge drinking session within the past 30 days.",C,1_1,individual-level relative harmfulness to health of a product,http://addictovocab.org/ADDICTO_0000187,6,"Health & Medicine, Addiction Ontology"
"In the ontology of Addiction, which of the following definitions best describes 'abuse potential of a substance'?","A. A product disposition that is realised as harm processes resulting from its use.

B. Product harm potential from a population using a product.

C. A psychoactive substance disposition that is its propensity to lead people who use the substance to develop a harmful pattern of consumption.

D. Product harm potential from an individual using the product.",C,1_1,abuse potential of a substance,http://addictovocab.org/ADDICTO_0000188,8,"Health & Medicine, Addiction Ontology"
"In the ontology of Addiction, which of the following definitions best describes 'adjustable power e-cigarette atomiser'?","A. An e-cigarette atomiser that is designed to be replaceable.

B. A product that is manufactured to be part of an e-cigarette and to heat e-liquid during e-cigarette use to produce a vapour.

C. An e-cigarette atomiser which has only one power level.

D. An e-cigarette atomiser which the user can adjust to different levels of power.",D,1_1,adjustable power e-cigarette atomiser,http://addictovocab.org/ADDICTO_0000190,9,"Health & Medicine, Addiction Ontology"
"In the ontology of Addiction, which of the following definitions best describes 'central nervous system depressant'?","A. A central nervous system depressant that is used to prevent seizures or reduce their severity.

B. A loosely defined grouping of drugs that have effects on psychological function.

C. A class of drugs producing both physiological and psychological effects through a variety of mechanisms involving the central nervous system.

D. A loosely defined group of drugs that tend to reduce the activity of the central nervous system.",D,1_1,central nervous system depressant,http://purl.obolibrary.org/obo/CHEBI_35488,10,"Health & Medicine, Addiction Ontology"
"In the ontology of Addiction, which of the following definitions best describes 'chewing tobacco product'?","A. An oral tobacco-containing product that is composed mainly or exclusively of moist, ground or powdered tobacco that is processed to make it suitable for use by a person placing it in the mouth between the gum and the cheek.

B. An oral tobacco-containing product that is manufactured to be chewed.

C. A smokeless tobacco-containing product that is manufactured to be held in the mouth.

D. An architectural structure that bears some function.",B,1_1,chewing tobacco product,http://addictovocab.org/ADDICTO_0000198,11,"Health & Medicine, Addiction Ontology"
"In the ontology of Addiction, which of the following definitions best describes 'oral tobacco-containing product'?","A. A smokeless tobacco-containing product that is designed for oral use, in which air- or fire-cured burley tobacco leaf is treated with a tar-like tobacco leaf extract and sometimes sweeteners and other flavourings, then twisted into rope-like strands that are dried and braided.

B. A smokeless tobacco-containing product that is manufactured to be held in the mouth.

C. A smokeless tobacco-containing product that is designed for oral use, in which the tobacco leaf, stems, and seeds are fermented, air- and/or fire-cured, mixed with different flavourings, augmented with stimulants (caffeine, ginseng), taurine, and vitamins B and C, and processed into moist fine particles (fine cut) or strips (long cut).

D. A smokeless tobacco containing product that is designed for oral use, in which tobacco, slaked lime, ash, black pepper, oil, flavourings, bombosa (sodium carbonate) are mixed to form a dry product.",B,1_1,oral tobacco-containing product,http://addictovocab.org/ADDICTO_0001203,10,"Health & Medicine, Addiction Ontology"
"In the ontology of Addiction, which of the following definitions best describes 'combustible tobacco-containing product'?","A. A tobacco-containing product that consists of chopped tobacco processed in a way to make it suitable for including in a hand-rolled cigarette.

B. A tobacco-containing product in which the tobacco is processed to enable absorption of a some tobacco constituent through an epithelial membrane.

C. A tobacco-containing product in which the tobacco is processed to make it suitable for burning for the user to take the smoke into the body.

D. A combustible tobacco-containing product that is a cylinder formed of chopped tobacco encased in tobacco leaf.",C,1_1,combustible tobacco-containing product,http://addictovocab.org/ADDICTO_0000207,9,"Health & Medicine, Addiction Ontology"
"In the ontology of Addiction, which of the following definitions best describes 'cigarette smoke'?","A. A mixed study design in which two or more groups experience the same study processes but in a different order.

B. A drug that has a marketing authorisation from a medicines regulatory agency.

C. Smoke that is produced through the use of a cigarette.

D. Smoke that is produced through the burning of tobacco.",C,1_1,cigarette smoke,http://addictovocab.org/ADDICTO_0000203,9,"Health & Medicine, Addiction Ontology"
"In the ontology of Addiction, which of the following definitions best describes 'chemical substance'?","A. A chemical substance that is manufactured for use as part of an e-liquid.

B. A chemical substance is a portion of matter of constant composition, composed of molecular entities of the same type or of different types.

C. A chemical entity is a physical entity of interest in chemistry including molecular entities, parts thereof, and chemical substances.

D. A chemical substance that is designed to be part of an e-liquid to impart a flavour to the vapour produced when the e-liquid is used in an e-cigarette.",B,1_1,chemical substance,http://purl.obolibrary.org/obo/CHEBI_59999,6,"Health & Medicine, Addiction Ontology"
"In the ontology of Addiction, which of the following definitions best describes 'tobacco-containing product'?","A. A product that is made of tobacco or has tobacco as a part and is used by people to take some tobacco constituent into the body.

B. A product that is an e-cigarette part and is designed to be placed to the mouth of the user through which to inhale the vapour.

C. A product that is manufactured to be part of a cigarette, located at the end that the user puts to the lips, which blocks some smoke particles from entering the mouth during use.

D. An artifact that has a product role.",A,1_1,tobacco-containing product,http://addictovocab.org/ADDICTO_0000311,8,"Health & Medicine, Addiction Ontology"
"In the ontology of Addiction, which of the following definitions best describes 'product'?","A. A product that is manufactured to be part of a cigarette, located at the end that the user puts to the lips, which blocks some smoke particles from entering the mouth during use.

B. An artifact that has a product role.

C. A product that is designed to be an e-cigarette part that is a container to hold e-liquid.

D. An object that is designed by humans to fulfil some function.",B,1_1,product,http://addictovocab.org/ADDICTO_0000279,7,"Health & Medicine, Addiction Ontology"
"In the ontology of Addiction, which of the following definitions best describes 'e-cigarette battery power'?","A. A disposition inhering in an e-cigarette battery.

B. An e-cigarette battery disposition to transfer electrical energy in a circuit containing an atomiser.

C. A cannabis user who uses cannabis products daily.

D. A subjective affective feeling that is a strong feeling of desire or a strong feeling of urge.",B,1_1,e-cigarette battery power,http://addictovocab.org/ADDICTO_0001198,7,"Health & Medicine, Addiction Ontology"
"In the ontology of Addiction, which of the following definitions best describes 'e-cigarette brand'?","A. A brand that is applied to a manufactured cigarette.

B. A data item which indicates the number of days a person has remained abstinent from a particular substance or behaviour.

C. An information content entity that is used by a person or organisation to denote and promote a product.

D. A brand of e-cigarette.",D,1_1,e-cigarette brand,http://addictovocab.org/ADDICTO_0000215,6,"Health & Medicine, Addiction Ontology"
"In the ontology of Addiction, which of the following definitions best describes 'e-cigarette fire'?","A. A method that results in the separation of two or more components according to some property.

B. Any organonitrogen heterocyclic compound based on a pyridine skeleton and its substituted derivatives.

C. A fire that is caused by malfunction of an e-cigarette or a part of an e-cigarette.

D. A fire is a process whereby rapid and exothermic oxidation of a material through a combustion process releases heat, light, and other products.",C,1_1,e-cigarette fire,http://addictovocab.org/ADDICTO_0000217,9,"Health & Medicine, Addiction Ontology"
"In the ontology of Addiction, which of the following definitions best describes 'e-liquid'?","A. A liquid commodity that contains a high concentration of sugar, caffeine or another stimulant and is promoted as capable of increasing alertness and reducing fatigue.

B. A liquid commodity that is used in e-cigarettes for the purpose of aerosolization and inhalation by a person.

C. An e-liquid that does not contain any e-liquid flavouring.

D. An e-liquid that has e-liquid flavouring.",B,1_1,e-liquid,http://addictovocab.org/ADDICTO_0000232,7,"Health & Medicine, Addiction Ontology"
"In the ontology of Addiction, which of the following definitions best describes 'e-cigarette mouthpiece'?","A. An artifact that has a product role.

B. A product that includes or contains nicotine.

C. A product that is manufactured to be part of an e-cigarette and contain e-liquid.

D. A product that is an e-cigarette part and is designed to be placed to the mouth of the user through which to inhale the vapour.",D,1_1,e-cigarette mouthpiece,http://addictovocab.org/ADDICTO_0000222,8,"Health & Medicine, Addiction Ontology"
"In the ontology of Addiction, which of the following definitions best describes 'e-cigarette starter kit'?","A. A product that is manufactured to be part of an e-cigarette and contain e-liquid.

B. A product that is manufactured to be part of an e-cigarette and to heat e-liquid during e-cigarette use to produce a vapour.

C. A product that is an e-cigarette together with packing, instructions and spare parts required to use the e-cigarette for an initial period.

D. An artifact that has a product role.",C,1_1,e-cigarette starter kit,http://addictovocab.org/ADDICTO_0000226,8,"Health & Medicine, Addiction Ontology"
"In the ontology of Addiction, which of the following definitions best describes 'aerosol'?","A. A material entity which other material entities in an environmental system are primarily or partially composed of.

B. An aerosol produced by heating an e-liquid designed for use in an e-cigarette.

C. Smoke is a collection of airborne solid and liquid particulates and gases emitted when a material undergoes combustion or pyrolysis, together with the quantity of gas that is entrained or otherwise mixed into the mass

D. Airborne solid particles (also called dust or particulate matter (PM)) or liquid droplets.",D,1_1,aerosol,http://purl.obolibrary.org/obo/ENVO_00010505,6,"Health & Medicine, Addiction Ontology"
"In the ontology of Addiction, which of the following definitions best describes 'e-liquid nicotine concentration'?","A. A quality inhering in a substance by virtue of the amount of the bearer's there is mixed with another substance.

B. The concentration of nicotine in a portion of e-liquid.

C. The concentration of a drug in a portion of matter.

D. The concentration of carbonyls in an e-cigarette vapour.",B,1_1,e-liquid nicotine concentration,http://addictovocab.org/ADDICTO_0000234,8,"Health & Medicine, Addiction Ontology"
"In the ontology of Addiction, which of the following definitions best describes 'concentration'?","A. The concentration of nicotine in a portion of e-liquid.

B. The concentration of carbonyls in an e-cigarette vapour.

C. A quality inhering in a substance by virtue of the amount of the bearer's there is mixed with another substance.

D. The concentration of a drug in a portion of matter.",C,1_1,concentration,http://purl.obolibrary.org/obo/PATO_0000033,7,"Health & Medicine, Addiction Ontology"
"In the ontology of Addiction, which of the following definitions best describes 'environmental tobacco smoke'?","A. An environmental tobacco smoke that is produced by a person from the lighting of a combustible tobacco product, it is inhaled by the person and exhaled into the environment.

B. An environmental tobacco smoke that is produced upon the lighting of a combustible tobacco-containing product and is released into the environment.

C. Smoke is a collection of airborne solid and liquid particulates and gases emitted when a material undergoes combustion or pyrolysis, together with the quantity of gas that is entrained or otherwise mixed into the mass

D. Smoke that is produced through the burning of a combustible tobacco-containing product and released into the environment.",D,1_1,environmental tobacco smoke,http://addictovocab.org/ADDICTO_0000236,8,"Health & Medicine, Addiction Ontology"
"In the ontology of Addiction, which of the following definitions best describes 'fixed power e-cigarette atomiser'?","A. A product that is manufactured to be part of an e-cigarette and to heat e-liquid during e-cigarette use to produce a vapour.

B. An e-cigarette atomiser which has only one power level.

C. An e-cigarette atomiser which is built by the end user.

D. An e-cigarette atomiser which the user can adjust to different levels of power.",B,1_1,fixed power e-cigarette atomiser,http://addictovocab.org/ADDICTO_0000237,9,"Health & Medicine, Addiction Ontology"
"In the ontology of Addiction, which of the following definitions best describes 'individual health risk'?","A. A bodily disposition that is a person's likelihood of an adverse health outcome.

B. A bodily disposition to undergo pathological processes characterized by physiological or psychological dysfunction that exists in an organism because of homeostatic disruption resulting from the cessation or reduction of repeated drug exposure.

C. A bodily disposition which is realised as impaired functioning following reduction or termination of use of a psychoactive substance as a result of long-term physiological adaptation to that substance.

D. A <disposition> that inheres in some extended organism.",A,1_1,individual health risk,http://addictovocab.org/ADDICTO_0000244,7,"Health & Medicine, Addiction Ontology"
"In the ontology of Addiction, which of the following definitions best describes 'bodily disposition'?","A. A disposition (i) to undergo pathological processes that (ii) exists in an organism because of one or more disorders in that organism.

B. A bodily disposition which is the degree to which the person is at risk of relapse to tobacco use.

C. A <disposition> that inheres in some extended organism.

D. A disposition inhering in a manufactured cigarette",C,1_1,bodily disposition,http://purl.obolibrary.org/obo/MF_0000032,6,"Health & Medicine, Addiction Ontology"
"In the ontology of Addiction, which of the following definitions best describes 'heated tobacco product'?","A. A tobacco-containing product in which the tobacco is processed to enable absorption of a some tobacco constituent through an epithelial membrane.

B. A tobacco-containing product that contains a tobacco stick that it heats to cause minimal or no combustion to produce smoke or a vapour for inhalation by a person.

C. A heated tobacco-containing product that involves heating a heated tobacco stick to up to 350 degrees centigrade using power from a battery. It is marketed by Philip Morris under the brand name iQOS.

D. A tobacco-containing product in which the tobacco is processed to make it suitable for burning for the user to take the smoke into the body.",B,1_1,heated tobacco product,http://addictovocab.org/ADDICTO_0000245,9,"Health & Medicine, Addiction Ontology"
"In the ontology of Addiction, which of the following definitions best describes 'high nicotine concentration e-liquid'?","A. A facility to assist in physical or addiction recovery

B. A material entity consisting of multiple components that are causally integrated.

C. An e-liquid that includes nicotine.

D. A nicotine-containing e-liquid in which the e-liquid nicotine concentration is high.",D,1_1,high nicotine concentration e-liquid,http://addictovocab.org/ADDICTO_0000247,9,"Health & Medicine, Addiction Ontology"
"In the ontology of Addiction, which of the following definitions best describes 'nicotine-containing e-liquid'?","A. A nicotine-containing e-liquid in which the e-liquid nicotine concentration is high.

B. An e-liquid that includes nicotine.

C. An e-liquid that has e-liquid flavouring.

D. E-liquid that includes cannabis or some cannabis extract.",B,1_1,nicotine-containing e-liquid,http://addictovocab.org/ADDICTO_0000826,8,"Health & Medicine, Addiction Ontology"
"In the ontology of Addiction, which of the following definitions best describes 'licensed nicotine-containing product'?","A. A nicotine-containing product that is designed to be held in the mouth or chewed so that nicotine is absorbed through the buccal mucosa.

B. A nicotine-containing product that is manufactured to enable users to absorb nicotine through the nasal mucosa.

C. A product that includes or contains nicotine.

D. A nicotine-containing product that is a licensed drug",D,1_1,licensed nicotine-containing product,http://addictovocab.org/ADDICTO_0000251,9,"Health & Medicine, Addiction Ontology"
"In the ontology of Addiction, which of the following definitions best describes 'mainstream smoke'?","A. Smoke that is produced through the burning of a combustible tobacco-containing product and released into the environment.

B. A bodily disposition that is the pressure of circulating blood.

C. An environmental tobacco smoke that is produced by a person from the lighting of a combustible tobacco product, it is inhaled by the person and exhaled into the environment.

D. An environmental tobacco smoke that is produced upon the lighting of a combustible tobacco-containing product and is released into the environment.",C,1_1,mainstream smoke,http://addictovocab.org/ADDICTO_0000253,9,"Health & Medicine, Addiction Ontology"
"In the ontology of Addiction, which of the following definitions best describes 'manufactured cigarette disposition'?","A. A disposition of a manufactured cigarette to produce a quantity of nicotine in the smoke produced when tested in a smoking machine that is programmed to take puffs in a standard way.

B. A disposition inhering in a manufactured cigarette

C. A disposition inhering in an e-cigarette battery.

D. A disposition of a product.",B,1_1,manufactured cigarette disposition,http://addictovocab.org/ADDICTO_0001200,6,"Health & Medicine, Addiction Ontology"
"In the ontology of Addiction, which of the following definitions best describes 'nicotine'?","A. A racemate composed of equimolar amounts of (R)- and (S)-nicotine.

B. A racemate comprising equimolar amounts of (R)-amphetamine (also known as levamphetamine or levoamphetamine) and (S)-amphetamine (also known as dexamfetamine or dextroamphetamine.

C. A racemate is an equimolar mixture of a pair of enantiomers.

D. A ketone that is heptan-3-one substituted by a dimethylamino group at position 6 and two phenyl groups at position 4.",A,1_1,nicotine,http://purl.obolibrary.org/obo/CHEBI_18723,9,"Health & Medicine, Addiction Ontology"
"In the ontology of Addiction, which of the following definitions best describes 'nicotine replacement therapy product'?","A. A nicotine-containing product that is manufactured to enable users to absorb nicotine through the nasal mucosa.

B. A nicotine-containing product that is designed to be held in the mouth or chewed so that nicotine is absorbed through the buccal mucosa.

C. A product that includes or contains nicotine.

D. A nicotine-containing product that some country has granted marketing authorisation as a medicine to replace nicotine from tobacco in an attempt to reduce or stop smoking.",D,1_1,nicotine replacement therapy product,http://addictovocab.org/ADDICTO_0001139,9,"Health & Medicine, Addiction Ontology"
"In the ontology of Addiction, which of the following definitions best describes 'nicotine nasal spray'?","A. A nicotine replacement therapy product that delivers nicotine orally by a chewing gum.

B. A nicotine-containing product that some country has granted marketing authorisation as a medicine to replace nicotine from tobacco in an attempt to reduce or stop smoking.

C. A nicotine replacement therapy product that delivers nicotine by a spray in to nose.

D. A nicotine replacement therapy product that consists of a plastic tube which holds a replaceable nicotine cartridge which delivers nicotine orally to a person through a mouthpiece.",C,1_1,nicotine nasal spray,http://addictovocab.org/ADDICTO_0000260,10,"Health & Medicine, Addiction Ontology"
"In the ontology of Addiction, which of the following definitions best describes 'nicotine replacement therapy'?","A. A nicotine replacement therapy that is prescribed to a person by a medical practitioner.

B. A nicotine replacement therapy product that can be sold to a person without the need for a prescription.

C. Treatment in which the disorder that is being treated is addiction.

D. Nicotine replacement therapy are nicotine delivery products that are licensed for use as smoking cessation or harm reduction aids used by people for quitting or reducing use of tobacco containing products.",D,1_1,nicotine replacement therapy,http://addictovocab.org/ADDICTO_0000262,7,"Health & Medicine, Addiction Ontology"
"In the ontology of Addiction, which of the following definitions best describes 'treatment'?","A. A treatment that involves providing a safer opioid agonist to a person with opioid addiction in order to reduce their psychological need for the opioid to which they are addicted.

B. Treatment in which the disorder that is being treated is addiction.

C. A planned process whose completion is hypothesized by a health care provider to eliminate, prevent, or alleviate a disorder, the signs and symptoms of a disorder, or a pathological process

D. A planned process with the objective to improve the health status of a patient that directly involves the treatment, diagnosis, or prevention of disease or injury of a patient",C,1_1,treatment,http://purl.obolibrary.org/obo/OGMS_0000090,6,"Health & Medicine, Addiction Ontology"
"In the ontology of Addiction, which of the following definitions best describes 'nicotine transdermal patch'?","A. A nicotine replacement therapy product that delivers nicotine orally by a tablet which slowly dissolves in the mouth.

B. A nicotine replacement therapy product that delivers nicotine through the skin by use of an adhesive patch.

C. A nicotine-containing product that some country has granted marketing authorisation as a medicine to replace nicotine from tobacco in an attempt to reduce or stop smoking.

D. A nicotine replacement therapy product that delivers nicotine orally by a chewing gum.",B,1_1,nicotine transdermal patch,http://addictovocab.org/ADDICTO_0000263,10,"Health & Medicine, Addiction Ontology"
"In the ontology of Addiction, which of the following definitions best describes 'unflavoured e-liquid'?","A. An e-liquid that has e-liquid flavouring.

B. A liquid commodity that is used in e-cigarettes for the purpose of aerosolization and inhalation by a person.

C. An e-liquid that does not contain any e-liquid flavouring.

D. An e-liquid that is designed to be used with an electronic vaping device to replace the liquid in the tank of that device that has been used.",C,1_1,unflavoured e-liquid,http://addictovocab.org/ADDICTO_0000266,8,"Health & Medicine, Addiction Ontology"
"In the ontology of Addiction, which of the following definitions best describes 'cannabis-containing e-liquid'?","A. An e-liquid that includes nicotine.

B. A liquid commodity that is used in e-cigarettes for the purpose of aerosolization and inhalation by a person.

C. E-liquid that includes cannabis or some cannabis extract.

D. An e-liquid that does not contain any e-liquid flavouring.",C,1_1,cannabis-containing e-liquid,http://addictovocab.org/ADDICTO_0001027,8,"Health & Medicine, Addiction Ontology"
"In the ontology of Addiction, which of the following definitions best describes 'over the counter nicotine replacement therapy'?","A. A nicotine replacement therapy product that can be sold to a person without the need for a prescription.

B. A process that involves repeated occurrences of a behaviour.

C. A nicotine replacement therapy that is prescribed to a person by a medical practitioner.

D. Nicotine replacement therapy are nicotine delivery products that are licensed for use as smoking cessation or harm reduction aids used by people for quitting or reducing use of tobacco containing products.",A,1_1,over the counter nicotine replacement therapy,http://addictovocab.org/ADDICTO_0000270,8,"Health & Medicine, Addiction Ontology"
"In the ontology of Addiction, which of the following definitions best describes 'airborne particulate matter'?","A. An aggregate of human beings.

B. Airborne particulate matter in which the particles are less than or equal to 2.5 microns in size.

C. An object aggregate that consists of particles of solids and liquids suspended in air.

D. Anatomical system that has as its parts the heart and blood vessels.",C,1_1,airborne particulate matter,http://addictovocab.org/ADDICTO_0001238,6,"Health & Medicine, Addiction Ontology"
"In the ontology of Addiction, which of the following definitions best describes 'prescription-only medicine'?","A. A data item referring to an amount of alcohol expressed in gram units.

B. A medicine that is licensed in a jurisdiction only to be provided under authorisation of a prescription from a medical practitioner.

C. An antagonist that binds to and deactivates cannabinoid receptors.

D. A product that has a marketing license from the medicines regulatory authority of a jurisdiction to prevent, manage or treat a condition.",B,1_1,prescription-only medicine,http://addictovocab.org/ADDICTO_0000276,9,"Health & Medicine, Addiction Ontology"
"In the ontology of Addiction, which of the following definitions best describes 'producer of product'?","A. A role preformed by an individual who participates in administering a substance orally.

B. A role is particular behaviour which a material entity may exhibit.

C. A role played by the molecular entity or part thereof within a biological context.

D. A role performed by an organisation or individual who participates in processes that bring the product into existence or purpose it as a product.",D,1_1,producer of product,http://addictovocab.org/ADDICTO_0000278,6,"Health & Medicine, Addiction Ontology"
"In the ontology of Addiction, which of the following definitions best describes 'sinsemilla'?","A. Naltrexone that is consumed via the mouth.

B. A commodity that is formed from parts of the cannabis plant.

C. An intervention scale-up strategy for delivering a opioid agonist treatment programme to a population.

D. highly potent marijuana from female plants that are specially tended and kept seedless by preventing pollination to induce a high resin content",D,1_1,sinsemilla,http://addictovocab.org/ADDICTO_0000290,7,"Health & Medicine, Addiction Ontology"
"In the ontology of Addiction, which of the following definitions best describes 'cannabis'?","A. A commodity that is liquid

B. A commodity that is formed from parts of the cannabis plant.

C. highly potent marijuana from female plants that are specially tended and kept seedless by preventing pollination to induce a high resin content

D. A commodity that is ground, roasted coffee beans.",B,1_1,cannabis,http://addictovocab.org/ADDICTO_0000919,6,"Health & Medicine, Addiction Ontology"
"In the ontology of Addiction, which of the following definitions best describes 'nasal snuff'?","A. A smokeless tobacco containing product that is designed for either oral or nasal use, in which dry fermented tobacco is mixed with natron (a mixture of sodium bicarbonate and sodium chloride) and ground into a fine powder. It can be consumed both nasally or orally.

B. A smokeless tobacco-containing product that is designed for oral use, in which cured tobacco, coriander seeds, and other spices are fried separately and ground, then mixed with aromatic resinous oils to form a coarse powder.

C. A smokeless tobacco-containing product that is designed for oral use, in which the tobacco leaf, stems, and seeds are fermented, air- and/or fire-cured, mixed with different flavourings, augmented with stimulants (caffeine, ginseng), taurine, and vitamins B and C, and processed into moist fine particles (fine cut) or strips (long cut).

D. A smokeless tobacco-containing product that is formed of dry finely-ground tobacco and is placed by a person in the nasal cavity.",D,1_1,nasal snuff,http://addictovocab.org/ADDICTO_0000294,10,"Health & Medicine, Addiction Ontology"
"In the ontology of Addiction, which of the following definitions best describes 'oral snuff'?","A. An oral tobacco-containing product that is manufactured to be chewed.

B. An oral tobacco-containing product that is composed mainly or exclusively of moist, ground or powdered tobacco that is processed to make it suitable for use by a person placing it in the mouth between the gum and the cheek.

C. Oral snuff in which tobacco, moisturizers, sodium carbonate, salt (sodium chloride), sweeteners and flavourings are mixed to form a moist product, resulting in very low concentrations of tobacco-specific nitrosamines.

D. A smokeless tobacco-containing product that is manufactured to be held in the mouth.",B,1_1,oral snuff,http://addictovocab.org/ADDICTO_0000295,11,"Health & Medicine, Addiction Ontology"
"In the ontology of Addiction, which of the following definitions best describes 'squonker'?","A. A product that is designed for use as part of an e-cigarette, having an inbuilt reservoir for e-liquid, that is fed to a dripper by either squeezing or pumping the reservoir.

B. A product that is manufactured to be part of a cigarette, located at the end that the user puts to the lips, which blocks some smoke particles from entering the mouth during use.

C. A product that is manufactured to be part of an e-cigarette and contain e-liquid.

D. A product that is manufactured to be part of an e-cigarette and to heat e-liquid during e-cigarette use to produce a vapour.",A,1_1,squonker,http://addictovocab.org/ADDICTO_0000296,8,"Health & Medicine, Addiction Ontology"
"In the ontology of Addiction, which of the following definitions best describes 'sustained release drug'?","A. A drug withdrawal syndrome that results from cessation or reduction of nicotine consumption.

B. A drug attribute which describes the process by which a drug is released into the blood stream at a predetermined rate to maintain a specific drug concentration over a period of time.

C. A quality or disposition of a product.

D. A system which has the disposition to environ one or more material entities.",B,1_1,sustained release drug,http://addictovocab.org/ADDICTO_0000298,5,"Health & Medicine, Addiction Ontology"
"In the ontology of Addiction, which of the following definitions best describes 'cannabis cart vaping device'?","A. A cannabis vaping device that is shaped like a pen and consists of a battery, a container for cannabis or a cannabis extract, an atomiser to create cannabis vapour, and a mouthpiece.

B. A cannabis vaping device part that is formed of disposable non-refillable cartridge which is attached to a device for the purpose of consuming cannabis.

C. A cannabis vaping device which is large, usually mains powered and intended for use in one location.

D. A cannabis vaping device that is portable.",B,1_1,cannabis cart vaping device,http://addictovocab.org/ADDICTO_0000300,10,"Health & Medicine, Addiction Ontology"
"In the ontology of Addiction, which of the following definitions best describes 'whole plant'?","A. A plant of the species that belongs to the Nicotiana genus of herbaceous plants.

B. A whole plant that belongs to a species of the genus Cannabaceae.

C. An anatomical entity that is or was part of a plant.

D. A plant structure (PO:0005679) which is a whole organism.",D,1_1,whole plant,http://purl.obolibrary.org/obo/PO_0000003,7,"Health & Medicine, Addiction Ontology"
"In the ontology of Addiction, which of the following definitions best describes 'FDA-defined tobacco product'?","A. A product that is classified by the US Food and Drug Administration as a tobacco product.

B. A product that is designed to contain a product or commodity when sold.

C. A product that is a part of an e-cigarette and consists of an e-cigarette atomiser surrounded by a liquid-soaked poly-foam that acts as an e-liquid holder.

D. A product that produces a vapour for inhalation by a person.",A,1_1,FDA-defined tobacco product,http://addictovocab.org/ADDICTO_0000308,8,"Health & Medicine, Addiction Ontology"
"In the ontology of Addiction, which of the following definitions best describes 'cigarette pack'?","A. A product that is designed to contain a product or commodity when sold.

B. A cigarette pack that contains the full product brand name and brand imagery printed on it.

C. Addiction to the behaviour of gambling.

D. Packaging that is designed to hold manufactured cigarettes.",D,1_1,cigarette pack,http://addictovocab.org/ADDICTO_0000309,9,"Health & Medicine, Addiction Ontology"
"In the ontology of Addiction, which of the following definitions best describes 'packaging'?","A. A product that is designed to contain a product or commodity when sold.

B. A product that is formed of tobacco processed in such a way as to make it suitable to be used in a heated tobacco-containing product.

C. A product that is made of tobacco or has tobacco as a part and is used by people to take some tobacco constituent into the body.

D. A product that is manufactured to be part of a cigarette, located at the end that the user puts to the lips, which blocks some smoke particles from entering the mouth during use.",A,1_1,packaging,http://addictovocab.org/ADDICTO_0001235,8,"Health & Medicine, Addiction Ontology"
"In the ontology of Addiction, which of the following definitions best describes 'tobacco-specific nitrosamine'?","A. 4-(N-nitrosomethylamino)-1-(3-pyridyl)butan-1-one (CHEBI:32692) is a nitrosamine (CHEBI:35803).

B. N-Nitroso amines, compounds of the structure R2NNO. Compounds RNHNO are not ordinarily isolable, but they, too, are nitrosamines. The name is a contraction of N-nitrosoamine and, as such, does not require the N locant.

C. A member of the class of nitrosamines that is butan-1-ol substituted by a pyridin-3-yl group at position 1 and by a methyl(nitroso)amino group at position 4. It is a major metabolite of nitrosamine 4-(methylnitrosamino)-1-(3-pyridyl)-1-butanone (NNK), which is a carcinogen found in tobacco and responsible for inducing lung cancer in smokers.

D. A nitrosamine which derives from tobacco products and tobacco smoke.",D,1_1,tobacco-specific nitrosamine,http://addictovocab.org/ADDICTO_0000313,13,"Health & Medicine, Addiction Ontology"
"In the ontology of Addiction, which of the following definitions best describes 'nitrosamine'?","A. N-Nitroso amines, compounds of the structure R2NNO. Compounds RNHNO are not ordinarily isolable, but they, too, are nitrosamines. The name is a contraction of N-nitrosoamine and, as such, does not require the N locant.

B. 4-(N-nitrosomethylamino)-1-(3-pyridyl)butan-1-one (CHEBI:32692) is a nitrosamine (CHEBI:35803).

C. A member of the class of nitrosamines that is butan-1-ol substituted by a pyridin-3-yl group at position 1 and by a methyl(nitroso)amino group at position 4. It is a major metabolite of nitrosamine 4-(methylnitrosamino)-1-(3-pyridyl)-1-butanone (NNK), which is a carcinogen found in tobacco and responsible for inducing lung cancer in smokers.

D. Compounds having the nitroso group, -NO, attached to carbon, or to another element, most commonly nitrogen or oxygen.",A,1_1,nitrosamine,http://purl.obolibrary.org/obo/CHEBI_35803,12,"Health & Medicine, Addiction Ontology"
"In the ontology of Addiction, which of the following definitions best describes 'HIV epidemic'?","A. Epidemic of HIV infection.

B. Epidemic of opioid use disorder

C. Anatomical entity that has mass.

D. A process involving widespread occurrence of a disease or disorder in a population.",A,1_1,HIV epidemic,http://addictovocab.org/ADDICTO_0000323,5,"Health & Medicine, Addiction Ontology"
"In the ontology of Addiction, which of the following definitions best describes 'supply-induced treatment demand'?","A. A <mental process> that has positive or negative valence.

B. A quality of a population that involves the number of people in the population who seek a treatment.

C. Treatment demand that is influenced by the availability of the treatment to to population.

D. An independent continuant that is spatially extended whose identity is independent of that of other entities and can be maintained through time.",C,1_1,supply-induced treatment demand,http://addictovocab.org/ADDICTO_0000327,6,"Health & Medicine, Addiction Ontology"
"In the ontology of Addiction, which of the following definitions best describes '12-month diagnosis of alcohol use disorder'?","A. A data item that is about human age and is expressed in years rounded down.

B. A data item that is the percentage of study participants for whom measurements are not taken at a follow-up.

C. A data item that is the year in which a document was published.

D. A data item that is about a person and signifies that the person has been diagnosed with alcohol use disorder within the past 12 months.",D,1_1,12-month diagnosis of alcohol use disorder,http://addictovocab.org/ADDICTO_0000341,6,"Health & Medicine, Addiction Ontology"
"In the ontology of Addiction, which of the following definitions best describes 'abstainer'?","A. An extended organism that is a member of the species Homo sapiens.

B. A person who is not engaging in a behaviour pattern that they previously enacted.

C. A person who is not a substance user.

D. A person living with tuberculosis.",B,1_1,abstainer,http://addictovocab.org/ADDICTO_0000342,7,"Health & Medicine, Addiction Ontology"
"In the ontology of Addiction, which of the following definitions best describes 'personal attribute'?","A. A personal attribute that inheres in a person by virtue of their bodily makeup.

B. A specifically dependent continuant that inheres in a person.

C. A specifically dependent continuant that inheres in continuant entities and are not exhibited in full at every time in which it inheres in an entity or group of entities. The exhibition or actualization of a realizable entity is a particular manifestation, functioning or process that occurs under certain circumstances.

D. Attempting individual behaviour pattern cessation where the behaviour pattern is cigarette smoking.",B,1_1,personal attribute,http://humanbehaviourchange.org/ontology/BCIO_050300,4,"Health & Medicine, Addiction Ontology"
"In the ontology of Addiction, which of the following definitions best describes 'acute effect of ingesting alcohol on a person'?","A. Acute effect of ingesting a substance on a person in which the substance is alcohol.

B. An emotion directly attributing an affective response to an object, event or experience. It includes liking and disliking.

C. Acute effect of using a product on a person in which use of the product involves ingestion of a psychoactive substance.

D. Any primary alcohol based on an ethanol skeleton.",A,1_1,acute effect of ingesting alcohol on a person,http://addictovocab.org/ADDICTO_0000347,6,"Health & Medicine, Addiction Ontology"
"In the ontology of Addiction, which of the following definitions best describes 'addiction'?","A. An addiction that is to a substance containing cocaine.

B. Addiction to use of a nicotine-containing product.

C. A mental disposition towards repeated episodes of abnormally high levels of motivation to engage in a behaviour, acquired as a result of engaging in the behaviour, where the behaviour results in risk or occurrence of serious net harm.

D. A mental disposition to experience pleasure associated with cigarette smoking.",C,1_1,addiction,http://addictovocab.org/ADDICTO_0000349,8,"Health & Medicine, Addiction Ontology"
"In the ontology of Addiction, which of the following definitions best describes 'adult'?","A. A person who was a cigarette smoker in the past but is not currently a cigarette smoker.

B. A person who was a substance in the past but is not currently a substance user.

C. A protein coding gene in humans.

D. A person who has reached maturity.",D,1_1,adult,http://addictovocab.org/ADDICTO_0000352,7,"Health & Medicine, Addiction Ontology"
"In the ontology of Addiction, which of the following definitions best describes 'injury'?","A. A disorder which affects the musculoskeletal system, which provides form, support, stability and movement to the body.

B. Injury that is caused at least in part by the consumption of alcohol by a person.

C. A disorder that involves some structural damage that is immediately caused by a destructive external force.

D. A material entity which is clinically abnormal and part of an extended organism. Disorders are the physical basis of disease.",C,1_1,injury,http://addictovocab.org/ADDICTO_0000383,6,"Health & Medicine, Addiction Ontology"
"In the ontology of Addiction, which of the following definitions best describes 'alcohol-related traffic crash'?","A. A traffic crash that is at least partially caused by intoxication resulting from consumption of alcohol.

B. A smokeless tobacco-containing product that is designed for oral use, in which dried raw tobacco stalks and petioles (sometimes mixed with molasses and water) form loose dry sticks.

C. A process in which a vehicle collides with an object, person or vehicle, causing damage.

D. A cyclic compound having as ring members atoms of carbon and at least of one other element.",A,1_1,alcohol-related traffic crash,http://addictovocab.org/ADDICTO_0000358,5,"Health & Medicine, Addiction Ontology"
"In the ontology of Addiction, which of the following definitions best describes 'traffic accident'?","A. A process in which there is damage to or destruction of something that is valued.

B. A process that realizes a plan which is the concretization of a plan specification.

C. A process in which a vehicle collides with an object, person or vehicle, causing damage.

D. A material processing technique performed to locally deliver an agent to a recipient.",C,1_1,traffic accident,http://addictovocab.org/ADDICTO_0000520,4,"Health & Medicine, Addiction Ontology"
"In the ontology of Addiction, which of the following definitions best describes 'aspect'?","A. An occurrent [span:Occurrent] that exists in time by occurring or happening, has temporal parts and always involves and depends on some entity.

B. An occurrent consisting exactly of a plurality of processes that are process_aggregate_member_parts_of that occurrent for all times at which it exists.

C. A fiat part of a complex phenomenon that has salience in a particular context.

D. p is a process boundary =Def. p is a temporal part of a process & p has no proper temporal parts. (axiom label in BFO2 Reference: [084-001])",C,1_1,aspect,http://addictovocab.org/ADDICTO_0000359,3,"Health & Medicine, Addiction Ontology"
"In the ontology of Addiction, which of the following definitions best describes 'bodily harm'?","A. Harm that results from some medical treatment.

B. especially one of the three months of gestation into which a human pregnancy is divided.

C. Harm that inheres in a person.

D. A quality that inheres in some independent continuant and involves a detrimental change in the bearer's condition compared with a normative or previously existing condition.",C,1_1,bodily harm,http://addictovocab.org/ADDICTO_0000360,6,"Health & Medicine, Addiction Ontology"
"In the ontology of Addiction, which of the following definitions best describes 'cannabis dependence'?","A. A smokeless tobacco-containing product that is designed for oral use, which is composed of fermented, air- or fire-cured tobacco mixed with flavourings (spices, essential oils, extracts), sweeteners, inorganic salts, humectants and preservatives and processed into moist fine particles (fine cut) or strips (long cut).

B. A questionnaire administration in which the person completing the questionnaire is answering questions about themselves.

C. Addiction to use of cannabis or cannabis products.

D. An addiction that is to a substance that is ingested.",C,1_1,cannabis dependence,http://addictovocab.org/ADDICTO_0000361,10,"Health & Medicine, Addiction Ontology"
"In the ontology of Addiction, which of the following definitions best describes 'subjective cigarette craving'?","A. A subjective affective feeling that is a strong feeling of desire or a strong feeling of urge.

B. Subjective craving that is wholly or mostly triggered by the immediate environment or part of it.

C. Subjective craving that is mostly or completely independent of the immediate environment.

D. Subjective craving in which the target of the craving is cigarette smoking.",D,1_1,subjective cigarette craving,http://addictovocab.org/ADDICTO_0000364,9,"Health & Medicine, Addiction Ontology"
"In the ontology of Addiction, which of the following definitions best describes 'subjective craving'?","A. A subjective emotional feeling involving experience directly resulting from sensory processes. It includes touch, brightness, loudness.

B. A subjective emotional feeling involving positive affect associated with reduction in a feeling of need.

C. A subjective affective feeling that is a strong feeling of desire or a strong feeling of urge.

D. A subjective emotional feeling that generates a need state and arises from deviation of a physiological state from a target state established as a result of innate or learned processes.",C,1_1,subjective craving,http://addictovocab.org/ADDICTO_0000511,8,"Health & Medicine, Addiction Ontology"
"In the ontology of Addiction, which of the following definitions best describes 'codeine poisoning'?","A. Anatomical system that has as its parts the organs devoted to the ingestion, digestion, and assimilation of food and the discharge of residual wastes.

B. Poison that result from ingestion of codeine.

C. A cardiovascular disease in which plaque, a waxy substance, builds up inside the coronary arteries. These arteries supply oxygen-rich blood to the heart muscle.

D. Injury to the body or interference of normal body functions by a substance that is ingested.",B,1_1,codeine poisoning,http://addictovocab.org/ADDICTO_0000365,7,"Health & Medicine, Addiction Ontology"
"In the ontology of Addiction, which of the following definitions best describes 'concurrent non-daily dual user'?","A. A dual product user who particpates in use of both e-cigarettes and tobacco cigarettes every day.

B. A dual product user who is also an e-cigarette user participating in use that is less than daily frequency.

C. A person who engages in e-cigarette use and cigarette smoking.

D. A dual product user who reports predominanly smoking.",B,1_1,concurrent non-daily dual user,http://addictovocab.org/ADDICTO_0000366,8,"Health & Medicine, Addiction Ontology"
"In the ontology of Addiction, which of the following definitions best describes 'e-cigarette and cigarette dual user'?","A. A person who participates in nicotine replacement therapy use.

B. A person who engages in e-cigarette use and cigarette smoking.

C. A person who does not suffer from opioid use disorder but who, by virtue of his or her personal qualities or environment, has an elevated probability of developing opioid use disorder in the future.

D. A person who has never smoked tobacco.",B,1_1,e-cigarette and cigarette dual user,http://addictovocab.org/ADDICTO_0000374,7,"Health & Medicine, Addiction Ontology"
"In the ontology of Addiction, which of the following definitions best describes 'strong identity'?","A. A self-identity in which a person represents themselves as no longer having some positively appraised characteristic.

B. A self-identity in which what is represented is appraised as important.

C. A self-identity in which a person represents themselves as a tobacco smoker.

D. A strong identity in which what is represented is appraised as enduring.",B,1_1,strong identity,http://addictovocab.org/ADDICTO_0001227,8,"Health & Medicine, Addiction Ontology"
"In the ontology of Addiction, which of the following definitions best describes 'daily cigarette smoker'?","A. A daily tobacco smoker whose who engages in cigarette smoking every day.

B. A daily cigarette smoker who is not seeking smoking cessation treatment.

C. A daily cigarette smoker who, when circumstances allow, smokes continually with little or no tempora gap between cigarettes for much of their waking hours.

D. A daily tobacco user who engages in tobacco smoking every day.",A,1_1,daily cigarette smoker,http://addictovocab.org/ADDICTO_0000368,11,"Health & Medicine, Addiction Ontology"
"In the ontology of Addiction, which of the following definitions best describes 'tobacco smoker'?","A. A tobacco smoker that is pregnant.

B. A tobacco smoker who smokes cigarettes.

C. A tobacco user who engages in tobacco smoking.

D. A tobacco smoker who reports recently smoking.",C,1_1,tobacco smoker,http://addictovocab.org/ADDICTO_0000405,9,"Health & Medicine, Addiction Ontology"
"In the ontology of Addiction, which of the following definitions best describes 'drive state'?","A. A subjective emotional feeling involving experience directly resulting from sensory processes. It includes touch, brightness, loudness.

B. A subjective emotional feeling that generates a need state and arises from deviation of a physiological state from a target state established as a result of innate or learned processes.

C. A subjective emotional feeling involving positive affect associated with reduction in a feeling of need.

D. A <subjective affective feeling> that is an attraction to an imagined scenario involving anticipated pleasure or satisfaction.",B,1_1,drive state,http://addictovocab.org/ADDICTO_0000372,8,"Health & Medicine, Addiction Ontology"
"In the ontology of Addiction, which of the following definitions best describes 'subjective affective feeling'?","A. A <subjective affective feeling> that is an attraction to an imagined scenario involving anticipated pleasure or satisfaction.

B. An <affective process> that involves the experience of internal or external sensory stimuli.

C. A <mental process> that has positive or negative valence.

D. A subjective emotional feeling involving positive affect associated with reduction in a feeling of need.",B,1_1,subjective affective feeling,http://purl.obolibrary.org/obo/MFOEM_000006,7,"Health & Medicine, Addiction Ontology"
"In the ontology of Addiction, which of the following definitions best describes 'dual daily user'?","A. A dual product user who particpates in use of both e-cigarettes and tobacco cigarettes every day.

B. A dual product user who reports predominanly using an e-cigarette.

C. A person who engages in e-cigarette use and cigarette smoking.

D. A dual product user who reports predominanly smoking.",A,1_1,dual daily user,http://addictovocab.org/ADDICTO_0000373,8,"Health & Medicine, Addiction Ontology"
"In the ontology of Addiction, which of the following definitions best describes 'wanting to stop cigarette smoking'?","A. A smokeless tobacco-containing product user that uses heated tobacco products.

B. A subjective want where the imagined scenario is stopping cigarette smoking indefinitely.

C. An economic good role that inheres in some material entity that is not an object and is realized in some act of appraisal.

D. A <subjective affective feeling> that is an attraction to an imagined scenario involving anticipated pleasure or satisfaction.",B,1_1,wanting to stop cigarette smoking,http://addictovocab.org/ADDICTO_0000378,9,"Health & Medicine, Addiction Ontology"
"In the ontology of Addiction, which of the following definitions best describes 'subjective want'?","A. A <subjective affective feeling> that is an attraction to an imagined scenario involving anticipated pleasure or satisfaction.

B. An <affective process> that involves the experience of internal or external sensory stimuli.

C. A subjective emotional feeling involving experience directly resulting from sensory processes. It includes touch, brightness, loudness.

D. A subjective emotional feeling that generates a need state and arises from deviation of a physiological state from a target state established as a result of innate or learned processes.",A,1_1,subjective want,http://humanbehaviourchange.org/ontology/BCIO_050317,8,"Health & Medicine, Addiction Ontology"
"In the ontology of Addiction, which of the following definitions best describes 'cognitive representation'?","A. A representation which specifically depends on an anatomical structure in the cognitive system of an organism.

B. A cognitive representation of themselves by a person or a group about themselves.

C. A dependent continuant which is about a portion of reality.

D. A cognitive representation of the emotional relevance of an object or event to the organism.",A,1_1,cognitive representation,http://purl.obolibrary.org/obo/MF_0000031,5,"Health & Medicine, Addiction Ontology"
"In the ontology of Addiction, which of the following definitions best describes 'nicotine drive state'?","A. A drive state that results from nicotine concentrations in the brain that are below that to which the brain has become accustomed.

B. Death that occurs as a result of an avoidable set of circumstances.

C. A study design in which measurements taken on two or more groups of study participants at two or more times are compared allowing differences to be assessed between groups and over time.

D. A subjective emotional feeling that generates a need state and arises from deviation of a physiological state from a target state established as a result of innate or learned processes.",A,1_1,nicotine drive state,http://addictovocab.org/ADDICTO_0000385,9,"Health & Medicine, Addiction Ontology"
"In the ontology of Addiction, which of the following definitions best describes 'past 30-day tobacco smoker'?","A. A data item describing how often a person has engaged in a binge drinking session within the past 30 days.

B. An ever-tobacco smoker who has participated in tobacco smoking within the past year.

C. An ever-tobacco smoker who has participated in tobacco smoking within the past 30 days.

D. A tobacco smoker who has ever participated in smoking.",C,1_1,past 30-day tobacco smoker,http://addictovocab.org/ADDICTO_0000387,11,"Health & Medicine, Addiction Ontology"
"In the ontology of Addiction, which of the following definitions best describes 'positive tobacco smoker identity'?","A. A self-identity in which a person represents themselves as a tobacco smoker.

B. A tobacco smoker identity that is a core identity and a positive identity.

C. N-Nitroso amines, compounds of the structure R2NNO. Compounds RNHNO are not ordinarily isolable, but they, too, are nitrosamines. The name is a contraction of N-nitrosoamine and, as such, does not require the N locant.

D. A tobacco smoker identity that is a positive identity.",D,1_1,positive tobacco smoker identity,http://addictovocab.org/ADDICTO_0000392,9,"Health & Medicine, Addiction Ontology"
"In the ontology of Addiction, which of the following definitions best describes 'positive self-appraisal'?","A. A self-appraisal based on values held by a social group of which the person is a member.

B. An appraisal by a person about themselves

C. A self-appraisal in which what is represented is appraised as bad or undesirable.

D. A self-appraisal in which what is represented is appraised as good or desirable.",D,1_1,positive self-appraisal,http://addictovocab.org/ADDICTO_0001163,8,"Health & Medicine, Addiction Ontology"
"In the ontology of Addiction, which of the following definitions best describes 'poverty'?","A. A personal attribute in which the symptoms of a person suffering from a disorder have reverted from a desired level to an undesired level.

B. A personal attribute of not having enough material possessions or income to meet basic human needs.

C. A personal attribute that is the person's current or past state of physical or mental wellness.

D. A personal attribute that inheres in a person by virtue of their bodily makeup.",B,1_1,poverty,http://addictovocab.org/ADDICTO_0000393,5,"Health & Medicine, Addiction Ontology"
"In the ontology of Addiction, which of the following definitions best describes 'quality of life'?","A. A personal attribute that is a person's ability to carry out activities needed to thrive and their mental well-being.

B. A personal attribute of a tobacco smoker that is how much of the person's tobacco smoking takes places in the presence of other people who are smoking.

C. Attempting individual behaviour pattern cessation where the behaviour pattern is cigarette smoking.

D. A personal attribute that in which the person is putting into effect an intention to achieve cessation of a behaviour pattern.",A,1_1,quality of life,http://addictovocab.org/ADDICTO_0000397,5,"Health & Medicine, Addiction Ontology"
"In the ontology of Addiction, which of the following definitions best describes 'self-appraisal'?","A. A cognitive representation of the emotional relevance of an object or event to the organism.

B. A self-appraisal in which what is represented is appraised as good or desirable.

C. A self-appraisal in which what is represented is appraised as bad or undesirable.

D. An appraisal by a person about themselves",D,1_1,self-appraisal,http://addictovocab.org/ADDICTO_0000398,7,"Health & Medicine, Addiction Ontology"
"In the ontology of Addiction, which of the following definitions best describes 'tobacco-related disease'?","A. A disease in which tobacco use has played a causal role.

B. A disposition (i) to undergo pathological processes that (ii) exists in an organism because of one or more disorders in that organism.

C. A disease in which tobacco use is a significant risk factor.

D. A disease which affects any, or all parts of the respiratory system.",C,1_1,tobacco-related disease,http://addictovocab.org/ADDICTO_0000404,7,"Health & Medicine, Addiction Ontology"
"In the ontology of Addiction, which of the following definitions best describes 'urge'?","A. A mental process that involves a feeling of strong impulse to engage in a behaviour.

B. An urge in which the behaviour that is the target of the feeling is smoking.

C. A <mental process> that has positive or negative valence.

D. An urge in which the behaviour that is the target of the feeling is vaping.",A,1_1,urge,http://addictovocab.org/ADDICTO_0000407,6,"Health & Medicine, Addiction Ontology"
"In the ontology of Addiction, which of the following definitions best describes 'vaper identity'?","A. An identity in which a person represents themselves as a vaper.

B. A self-identity that represents a relation between oneself and another person or group.

C. A self-identity in which a person represents themselves as no longer having some positively appraised characteristic.

D. An identity that includes all of a person’s self-identities",A,1_1,vaper identity,http://addictovocab.org/ADDICTO_0000409,8,"Health & Medicine, Addiction Ontology"
"In the ontology of Addiction, which of the following definitions best describes 'gambling industry'?","A. An industry that is realised in the manufacture or sale of tobacco and tobacco-containing products.

B. An industry that is realised in the processes of facilitating and managing the wagering of money or valuables.

C. A realizable entity that inheres in a collection of organisations, people, equipment and resources and is realised in processes of production, distribution or service provision, and is characterised by a common purpose or set of related economic activities.

D. An industry that is realised in the manufacture and sale of alcoholic beverages.",B,1_1,gambling industry,http://addictovocab.org/ADDICTO_0000424,6,"Health & Medicine, Addiction Ontology"
"In the ontology of Addiction, which of the following definitions best describes 'academic emergency department facility'?","A. Addiction to a tobacco-containing product.

B. A health care facility that bears a function to provide emergency healthcare services and the acute care of patients who present without prior appointment, having arrived either by their own means or by ambulance

C. A system which has the disposition to environ one or more material entities.

D. An emergency department facility that is part of a university hospital.",D,1_1,academic emergency department facility,http://addictovocab.org/ADDICTO_0000441,9,"Health & Medicine, Addiction Ontology"
"In the ontology of Addiction, which of the following definitions best describes 'emergency department facility'?","A. A health care facility that treats and manages addictive disorders.

B. A health care facility that provides harm reduction services to substance users.

C. A health care facility that provides services to people who are pregnant and their partners.

D. A health care facility that bears a function to provide emergency healthcare services and the acute care of patients who present without prior appointment, having arrived either by their own means or by ambulance",D,1_1,emergency department facility,http://purl.obolibrary.org/obo/OMRSE_00000114,8,"Health & Medicine, Addiction Ontology"
"In the ontology of Addiction, which of the following definitions best describes 'accessibility of a product'?","A. Accessibility of a product where the product is heroin.

B. An environmental disposition that is the extent to which an environment enables people in that environment to acquire a product.

C. A disposition which is realised by an environmental system or system parts thereof.

D. An environmental disposition that is the extent to which an environment enables people in that environment to receive a service.",B,1_1,accessibility of a product,http://addictovocab.org/ADDICTO_0000443,7,"Health & Medicine, Addiction Ontology"
"In the ontology of Addiction, which of the following definitions best describes 'accessibility of a service'?","A. An environmental disposition that is the extent to which an environment enables people in that environment to acquire a product.

B. A disposition which is realised by an environmental system or system parts thereof.

C. Accessibility of a service in which the service is addiction treatment.

D. An environmental disposition that is the extent to which an environment enables people in that environment to receive a service.",D,1_1,accessibility of a service,http://addictovocab.org/ADDICTO_0000444,7,"Health & Medicine, Addiction Ontology"
"In the ontology of Addiction, which of the following definitions best describes 'accessibility of heroin'?","A. An environmental disposition that is the extent to which an environment enables people in that environment to acquire a product.

B. Accessibility of a product where the product is an alcoholic beverage

C. A nicotinic acetylcholine receptor partial agonist acting selectively on the alpha 4 beta 2 nicotinic acetylcholine receptor

D. Accessibility of a product where the product is heroin.",D,1_1,accessibility of heroin,http://addictovocab.org/ADDICTO_0000445,8,"Health & Medicine, Addiction Ontology"
"In the ontology of Addiction, which of the following definitions best describes 'accessibility of opioid agonist therapy'?","A. A non tobacco smoker identity that is a core identity and a positive identity.

B. Toxicity of a substance in which the substance is nicotine.

C. Accessibility of a service where the service is opioid agonist therapy

D. Accessibility of a service in which the service is addiction treatment.",C,1_1,accessibility of opioid agonist therapy,http://addictovocab.org/ADDICTO_0000446,9,"Health & Medicine, Addiction Ontology"
"In the ontology of Addiction, which of the following definitions best describes 'acute medical unit'?","A. A health care facility that provides harm reduction services to substance users.

B. A health care facility within a hospital that provides acute medical care for patients that have presented as medical emergencies to a hospital or who have developed an acute medical illness while in hospital.

C. A health care facility that provides services to people who are pregnant and their partners.

D. a health care facility that also bears a residence function and thus one in which the patients are also residents of the facility",B,1_1,acute medical unit,http://addictovocab.org/ADDICTO_0000447,8,"Health & Medicine, Addiction Ontology"
"In the ontology of Addiction, which of the following definitions best describes 'health care facility'?","A. A facility that provides housing, health care and social care.

B. A health care facility within a hospital that provides acute medical care for patients that have presented as medical emergencies to a hospital or who have developed an acute medical illness while in hospital.

C. A facility that is administered by a health care organization for the purpose of providing health care to a patient or patient population.

D. A facility where scientific research or measurements can be undertaken.",C,1_1,health care facility,http://purl.obolibrary.org/obo/OMRSE_00000102,7,"Health & Medicine, Addiction Ontology"
"In the ontology of Addiction, which of the following definitions best describes 'level of economic development'?","A. A data item that represents a human being who has received an intervention intended to result in cessation of an addictive behaviour and who, after a period of abstinence, has resumed the behaviour.

B. A data item that is the number of important others who vape nicotine in a person's social environment.

C. A data item that is about the amount and quality of human and physical resources available to the inhabitants of a geospatial region.

D. A data item which is about the amount of cigarette smoking a person does and is the average number of cigarettes smoked per day by a person over a period.",C,1_1,level of economic development,http://addictovocab.org/ADDICTO_0000449,6,"Health & Medicine, Addiction Ontology"
"In the ontology of Addiction, which of the following definitions best describes 'nicotine dose'?","A. An aerosol produced by heating an e-liquid designed for use in an e-cigarette.

B. A smokeless tobacco containing product that is designed for oral use, which is composed of sun-dried flaked tobacco mixed with or without lime.

C. Dose in which the thing administered is nicotine.

D. A measurement datum that measures the quantity of something that may be administered to an organism or that an organism may be exposed to. Quantities of nutrients, drugs, vaccines and toxins are referred to as doses.",C,1_1,nicotine dose,http://addictovocab.org/ADDICTO_0000455,8,"Health & Medicine, Addiction Ontology"
"In the ontology of Addiction, which of the following definitions best describes 'prior product authorisation law'?","A. A law that creates a requirement on product manufacturers to pre-notify a relevant authority of the product characteristics and receive approval before marketing a product.

B. A rule recognised by the legal system of a country or community

C. A psychoactive substance that is used to reduce anxiety.

D. A law that aims to facilitate distribution of a product through retail pharmacy channels.",A,1_1,prior product authorisation law,http://addictovocab.org/ADDICTO_0000457,7,"Health & Medicine, Addiction Ontology"
"In the ontology of Addiction, which of the following definitions best describes 'alcohol control policy'?","A. A government policy aimed at reducing harm from tobacco use.

B. A government policy aimed at reducing consumption of alcohol or harm from consumption of alcohol in a population under its jurisdiction.

C. An action specification that a government produces that includes rules and regulations concerning activities of agents under the government's jurisdiction.

D. An alcohol control policy aimed at reducing the harm from consumption of alcohol in a population under its jurisdication without promoting complete abstinence from alcohol.",B,1_1,alcohol control policy,http://addictovocab.org/ADDICTO_0000467,9,"Health & Medicine, Addiction Ontology"
"In the ontology of Addiction, which of the following definitions best describes 'codeine scheduling'?","A. Drug scheduling in which the drug concerned is codeine.

B. A material processing technique performed to locally deliver an agent to a recipient.

C. Pleasure associated with a behaviour where the behaviour is cigarette smoking.

D. A national drug policy that classifies drugs into classes, called 'schedules' according to their (1) potential for abuse, (2) safety, (3) addictive potential and (4) whether or not they have legitimate medical applications. Each schedule has rules regarding restrictions on use and penalties for misuse.",A,1_1,codeine scheduling,http://addictovocab.org/ADDICTO_0000471,11,"Health & Medicine, Addiction Ontology"
"In the ontology of Addiction, which of the following definitions best describes 'cost per quality-adjusted life-year gained'?","A. A data item that is the number of important others in a person's environmental system.

B. A data item that is the number of important others who smoke tobacco in a person's social environment.

C. The aggregate of biological mother in a population.

D. A data item that is about an intervention and is the estimated financial cost of delivering that intervention to a population in a setting in order to gain one QALY in the population.",D,1_1,cost per quality-adjusted life-year gained,http://addictovocab.org/ADDICTO_0000475,6,"Health & Medicine, Addiction Ontology"
"In the ontology of Addiction, which of the following definitions best describes 'drink driving legislation'?","A. A policy that is applied by a public body.

B. A public policy that aims to improve the health of a population.

C. A public policy that involves legislation to reduce the incidence of vehicle driving with alcohol in the body.

D. A public policy that regulates e-cigarettes, their marketing or their use.",C,1_1,drink driving legislation,http://addictovocab.org/ADDICTO_0000477,9,"Health & Medicine, Addiction Ontology"
"In the ontology of Addiction, which of the following definitions best describes 'public policy'?","A. An action specification that a government produces that includes rules and regulations concerning activities of agents under the government's jurisdiction.

B. An action specification of a person or organisation that is realised as a set of rules and activities affecting people or organisations under its jurisdiction.

C. A public policy that aims to improve the health of a population.

D. A policy that is applied by a public body.",D,1_1,public policy,http://addictovocab.org/ADDICTO_0001109,8,"Health & Medicine, Addiction Ontology"
"In the ontology of Addiction, which of the following definitions best describes 'e-cigarette policy'?","A. A public policy that regulates e-cigarettes, their marketing or their use.

B. A public policy that aims to improve the health of a population.

C. A policy that is applied by a public body.

D. A public policy that involves legislation to reduce the incidence of vehicle driving with alcohol in the body.",A,1_1,e-cigarette policy,http://addictovocab.org/ADDICTO_0000479,9,"Health & Medicine, Addiction Ontology"
"In the ontology of Addiction, which of the following definitions best describes 'opioid agonist treatment'?","A. Nicotine replacement therapy are nicotine delivery products that are licensed for use as smoking cessation or harm reduction aids used by people for quitting or reducing use of tobacco containing products.

B. A treatment that involves providing a safer opioid agonist to a person with opioid addiction in order to reduce their psychological need for the opioid to which they are addicted.

C. Treatment in which the disorder that is being treated is addiction.

D. A planned process whose completion is hypothesized by a health care provider to eliminate, prevent, or alleviate a disorder, the signs and symptoms of a disorder, or a pathological process",B,1_1,opioid agonist treatment,http://addictovocab.org/ADDICTO_0000491,7,"Health & Medicine, Addiction Ontology"
"In the ontology of Addiction, which of the following definitions best describes 'antidepressant drug'?","A. A psychoactive substance that is used to reduce depression.

B. A chemical substance that has a disposition to alter the mental functioning of a person.

C. A psychoactive substance that is used to reduce anxiety.

D. A psychoactive substance which is consumed for non-medical purposes and usually sold illegally.",A,1_1,antidepressant drug,http://addictovocab.org/ADDICTO_0000528,8,"Health & Medicine, Addiction Ontology"
"In the ontology of Addiction, which of the following definitions best describes 'antimanic drug'?","A. A psychoactive substance that stimulates the central nervous system.

B. A psychoactive substance that is used to reduce anxiety.

C. A psychoactive substance that is used to treat psychosis.

D. A psychoactive substance that is used to treat mania.",D,1_1,antimanic drug,http://addictovocab.org/ADDICTO_0000529,8,"Health & Medicine, Addiction Ontology"
"In the ontology of Addiction, which of the following definitions best describes 'drug quality'?","A. A quality that inheres in a person

B. A dependent entity that inheres in a bearer by virtue of how the bearer is related to other entities

C. A quality whose bearer is a drug.

D. A quality of an entity that can be represented numerically, including anything that can be counted, measured, or given a numerical value.",C,1_1,drug quality,http://addictovocab.org/ADDICTO_0001105,5,"Health & Medicine, Addiction Ontology"
"In the ontology of Addiction, which of the following definitions best describes 'drug unit dose'?","A. A collection of information content entities intended to be understood together as a whole

B. An information content entity that specifies the amount of a drug in a single item of a drug preparation.

C. A generically dependent continuant that is about some thing.

D. An information content entity that is an aggregate of documents.",B,1_1,drug unit dose,http://addictovocab.org/ADDICTO_0000534,5,"Health & Medicine, Addiction Ontology"
"In the ontology of Addiction, which of the following definitions best describes 'mint flavoured e-liquid'?","A. A flavoured e-liquid in which the e-liquid flavouring is designed to have a menthol flavour.

B. A flavoured e-liquid in which the e-liquid flavouring is designed to have a mint flavour.

C. A flavoured e-liquid in which the e-liquid flavouring is designed to have a fruit flavour.

D. An e-liquid that has e-liquid flavouring.",B,1_1,mint flavoured e-liquid,http://addictovocab.org/ADDICTO_0000624,9,"Health & Medicine, Addiction Ontology"
"In the ontology of Addiction, which of the following definitions best describes 'reduction in cigarettes per day'?","A. A data item that is about the amount of harm caused by an individual using a product relative to using another product.

B. A data item which indicates the average time to relapse.

C. A data item which indicates the number of number of cigarettes less per day a person has smoked since the last time data was collected.

D. A data item that is about human age and is expressed in years rounded down.",C,1_1,reduction in cigarettes per day,http://addictovocab.org/ADDICTO_0000629,6,"Health & Medicine, Addiction Ontology"
"In the ontology of Addiction, which of the following definitions best describes 'cigarette demand'?","A. A product demand in which the product is smokeless tobacco.

B. A product demand in which the product is e-cigarettes.

C. A population attribute that involves the amount of a product that a population uses.

D. A product demand in which the product is cigarettes.",D,1_1,cigarette demand,http://addictovocab.org/ADDICTO_0000641,6,"Health & Medicine, Addiction Ontology"
"In the ontology of Addiction, which of the following definitions best describes 'puff on a cigarette'?","A. An environmental tobacco smoke that is produced by a person from the lighting of a combustible tobacco product, it is inhaled by the person and exhaled into the environment.

B. A tobacco smoking behaviour that involves setting light to one end of a cigarette, putting the other end to the lips and sucking in order to ingest cigarette smoke.

C. A cigarette smoking behaviour that involves sucking smoke through the cylinder of a cigarette into the mouth via the other end.

D. A personal attribute that in which the person is putting into effect an intention to achieve cessation of a behaviour pattern.",C,1_1,puff on a cigarette,http://addictovocab.org/ADDICTO_0000647,12,"Health & Medicine, Addiction Ontology"
"In the ontology of Addiction, which of the following definitions best describes 'cigarette smoking behaviour'?","A. A tobacco use behaviour that involves setting light to a combustible tobacco product and ingesting the tobacco smoke that is produced.

B. A tobacco smoking behaviour that involves setting light to one end of a cigarette, putting the other end to the lips and sucking in order to ingest cigarette smoke.

C. Any terpenoid derived from a diterpene. The term includes compounds in which the C20 skeleton of the parent diterpene has been rearranged or modified by the removal of one or more skeletal atoms (generally methyl groups).

D. A cigarette smoking behaviour that involves sucking smoke through the cylinder of a cigarette into the mouth via the other end.",B,1_1,cigarette smoking behaviour,http://humanbehaviourchange.org/ontology/BCIO_036105,11,"Health & Medicine, Addiction Ontology"
"In the ontology of Addiction, which of the following definitions best describes 'number of cigarettes since target quit data'?","A. A data item which indicates the number of cigarettes smoked by a person since their target quit date.

B. A data item that is the percentage of study participants for whom measurements are not taken at a follow-up.

C. A data item which is about the amount of money spent per week on e-cigarettes.

D. A data item which indicates the number of number of cigarettes less per day a person has smoked since the last time data was collected.",A,1_1,number of cigarettes since target quit data,http://addictovocab.org/ADDICTO_0000650,6,"Health & Medicine, Addiction Ontology"
"In the ontology of Addiction, which of the following definitions best describes 'daily cannabis use'?","A. A material entity-related behaviour that uses a non-living object.

B. A substance use behaviour pattern that involves use of cannabis.

C. A smokeless tobacco-containing product that is manufactured to be held in the mouth.

D. A cannabis use behaviour pattern that involves ingesting cannabis at least once per day.",D,1_1,daily cannabis use,http://addictovocab.org/ADDICTO_0000654,9,"Health & Medicine, Addiction Ontology"
"In the ontology of Addiction, which of the following definitions best describes 'cannabis use behaviour pattern'?","A. A consumption behaviour pattern that involves substance use behaviour.

B. A substance use behaviour pattern that involves use of cannabis.

C. A substance use behaviour pattern in which the substance used is alcohol.

D. A substance use behaviour pattern in which the substance used is an opioid.",B,1_1,cannabis use behaviour pattern,http://addictovocab.org/ADDICTO_0001136,8,"Health & Medicine, Addiction Ontology"
"In the ontology of Addiction, which of the following definitions best describes 'daily heroin injecting'?","A. A dual product user who particpates in use of both e-cigarettes and tobacco cigarettes every day.

B. A behaviour pattern involving a vaping product.

C. A heroin use behaviour pattern that involves injecting heroin into the body at least once per day.

D. An opioid use behaviour pattern that involves use of heroin.",C,1_1,daily heroin injecting,http://addictovocab.org/ADDICTO_0000656,10,"Health & Medicine, Addiction Ontology"
"In the ontology of Addiction, which of the following definitions best describes 'daily number of puffs on a cigarette'?","A. A data item referring to an amount of alcohol expressed in gram units.

B. A data item which indicates the number of alcoholic drinks consumed within a defined period.

C. A data item that is the percentage of study participants who were eligible for follow-up but could not be contacted at a follow-up point.

D. A data item which indicates the number of puffs taken per day by a person on a cigarette.",D,1_1,daily number of puffs on a cigarette,http://addictovocab.org/ADDICTO_0000657,6,"Health & Medicine, Addiction Ontology"
"In the ontology of Addiction, which of the following definitions best describes 'opioid use behaviour pattern'?","A. A substance use behaviour pattern in which each episode is determined by factors operating at the time rather than according to a planned schedule.

B. A substance use behaviour pattern that involves tobacco use.

C. A consumption behaviour pattern that involves substance use behaviour.

D. A substance use behaviour pattern in which the substance used is an opioid.",D,1_1,opioid use behaviour pattern,http://addictovocab.org/ADDICTO_0001138,8,"Health & Medicine, Addiction Ontology"
"In the ontology of Addiction, which of the following definitions best describes 'number of cigarettes smoked per day'?","A. A data item which indicates the number of puffs taken per day by a person on a e-cigarette.

B. A data item which indicates the number of days a person has remained abstinent from a particular substance or behaviour.

C. A data item that is the percentage of study participants who were eligible for follow-up but could not be contacted at a follow-up point.

D. A data item which is about the amount of cigarette smoking a person does and is the average number of cigarettes smoked per day by a person over a period.",D,1_1,number of cigarettes smoked per day,http://addictovocab.org/ADDICTO_0000690,6,"Health & Medicine, Addiction Ontology"
"In the ontology of Addiction, which of the following definitions best describes 'number of drinks per drinking day'?","A. A data item that is output from a statistical analysis describing a feature of a data set.

B. A data item that is produced as the output of a data transformation.

C. A data item which indicates the average time to relapse.

D. A data item which indicates the number of alcoholic drinks consumed per day.",D,1_1,number of drinks per drinking day,http://addictovocab.org/ADDICTO_0000692,6,"Health & Medicine, Addiction Ontology"
"In the ontology of Addiction, which of the following definitions best describes 'number of e-cigarette puffs per day'?","A. A data item which indicates the absolute reduction number of cigarettes smoked over a period of time.

B. A data item which indicates the number of alcoholic drinks consumed per day.

C. A data item which indicates the number of puffs taken per day by a person on a e-cigarette.

D. A data item which indicates the average time to relapse.",C,1_1,number of e-cigarette puffs per day,http://addictovocab.org/ADDICTO_0000693,6,"Health & Medicine, Addiction Ontology"
"In the ontology of Addiction, which of the following definitions best describes 'pack years'?","A. A data item which is about the amount of cigarette smoking that a person does and is the number of packs of cigarettes smoked by a person per day.

B. A data item which indicates the number of years a person has been smoking cigarettes.

C. A number denoting a quantity of cigarette smoking made up of the number of years of smoking multiplied by the number packs of 20 cigarettes smoked on average per day over that period.

D. A data item that represents a human being who has received an intervention intended to result in cessation of an addictive behaviour and who, after a period of abstinence, has resumed the behaviour.",C,1_1,pack years,http://addictovocab.org/ADDICTO_0000695,6,"Health & Medicine, Addiction Ontology"
"In the ontology of Addiction, which of the following definitions best describes 'tobacco use behaviour'?","A. A substance use behaviour that involves drinking an alcohol-containing product.

B. A tobacco use behaviour that involves setting light to a combustible tobacco product and ingesting the tobacco smoke that is produced.

C. A substance use behaviour by an adolescent.

D. A substance use behaviour that involves ingesting constituents of a tobacco-containing product.",D,1_1,tobacco use behaviour,http://humanbehaviourchange.org/ontology/BCIO_036114,9,"Health & Medicine, Addiction Ontology"
"In the ontology of Addiction, which of the following definitions best describes 'lost self-identity'?","A. An identity that a person has about themselves.

B. A self-identity in which a person represents themselves as being in recovery from addiction and vulnerable to relapse to that addiction.

C. A self-identity that represents a relation between oneself and another person or group.

D. A self-identity in which a person represents themselves as no longer having some positively appraised characteristic.",D,1_1,lost self-identity,http://addictovocab.org/ADDICTO_0000716,8,"Health & Medicine, Addiction Ontology"
"In the ontology of Addiction, which of the following definitions best describes 'non tobacco smoker identity'?","A. A self-identity in which the person considers themselves to smoke predominantly or exclusively in social situations.

B. A self-identity in which a person represents themselves as a not being a tobacco smoker.

C. An identity that a person has about themselves.

D. A self-identity in which a person represents themselves as having previously been a tobacco smoker but currently not being a tobacco smoker.",B,1_1,non tobacco smoker identity,http://addictovocab.org/ADDICTO_0000717,8,"Health & Medicine, Addiction Ontology"
"In the ontology of Addiction, which of the following definitions best describes 'age of nicotine product first use'?","A. A data item that is about the age at which a nicotine product was first used.

B. A data item that is the number of important others who smoke tobacco in a person's social environment.

C. A data item that is about the amount of harm caused by an individual using a product relative to using another product.

D. A data item that is about the number of cigarettes smoked per unit of time.",A,1_1,age of nicotine product first use,http://addictovocab.org/ADDICTO_0000724,6,"Health & Medicine, Addiction Ontology"
"In the ontology of Addiction, which of the following definitions best describes 'number of days per week of excessive drinking'?","A. A data item that is about the quantity and frequency of alcohol consumption of a person.

B. A data item which indicates the number of days per week a person has drunk alcohol to levels which are considered to be excessive.

C. A data item that is about how much money the person spends on average each week buying tobacco in UK pounds.

D. A number denoting a quantity of cigarette smoking made up of the number of years of smoking multiplied by the number packs of 20 cigarettes smoked on average per day over that period.",B,1_1,number of days per week of excessive drinking,http://addictovocab.org/ADDICTO_0000726,6,"Health & Medicine, Addiction Ontology"
"In the ontology of Addiction, which of the following definitions best describes 'number of days required to achieve abstinence'?","A. A data item that is about how much money the person spends on average each week buying tobacco in UK pounds.

B. A data item which indicates the number of years a person has been smoking cigarettes.

C. A data item which indicates the number of alcoholic drinks consumed per week.

D. A data item which indicates the number of days required to achieve abstinence from alcohol.",D,1_1,number of days required to achieve abstinence,http://addictovocab.org/ADDICTO_0000727,6,"Health & Medicine, Addiction Ontology"
"In the ontology of Addiction, which of the following definitions best describes 'number of drinking days per week'?","A. A data item that is about the population-level harm from product use of one product compared with another.

B. A data item that is about the amount and quality of human and physical resources available to the inhabitants of a geospatial region.

C. A data item which indicates the number of alcoholic drinks consumed per week.

D. A data item that represents a human being who has received an intervention intended to result in cessation of an addictive behaviour and who, after a period of abstinence, has resumed the behaviour.",C,1_1,number of drinking days per week,http://addictovocab.org/ADDICTO_0000728,6,"Health & Medicine, Addiction Ontology"
"In the ontology of Addiction, which of the following definitions best describes 'alcohol beverage retailer'?","A. A plan detailing guidelines, principles, legislation and activities that affect the living conditions conducive to human welfare, such as a person's quality of life.

B. A retailer that sells alcohol beverages.

C. Substance which binds to cell receptors normally responding to naturally occurring substances and which produces a response of its own.

D. An organisation that sells some product directly to users of that product.",B,1_1,alcohol beverage retailer,http://addictovocab.org/ADDICTO_0000735,7,"Health & Medicine, Addiction Ontology"
"In the ontology of Addiction, which of the following definitions best describes 'beverage'?","A. A liquid commodity that contains a high concentration of sugar, caffeine or another stimulant and is promoted as capable of increasing alertness and reducing fatigue.

B. A liquid commodity that is used in e-cigarettes for the purpose of aerosolization and inhalation by a person.

C. A liquid commodity that is designed to be consumed by people.

D. A liquid that contains cannabis.",C,1_1,beverage,http://addictovocab.org/ADDICTO_0000736,7,"Health & Medicine, Addiction Ontology"
"In the ontology of Addiction, which of the following definitions best describes 'opioid analgesic'?","A. A narcotic or opioid substance, synthetic or semisynthetic agent producing profound analgesia, drowsiness, and changes in mood.

B. An agent capable of relieving pain without the loss of consciousness or without producing anaesthesia. In addition, analgesic is a role played by a compound which is exhibited by a capability to cause a reduction of pain symptoms.

C. A monocarboxylic acid amide resulting from the formal condensation of the aryl amino group of N-phenyl-1-(2-phenylethyl)piperidin-4-amine with propanoic acid.

D. An opioid that is a naturally occuring psychoactive substance derived from the plant papaver somniferum",A,1_1,opioid analgesic,http://purl.obolibrary.org/obo/CHEBI_35482,10,"Health & Medicine, Addiction Ontology"
"In the ontology of Addiction, which of the following definitions best describes 'cannabinoid pharmaceutical'?","A. A pharmaceutical that contains some cannabinoid.

B. A pharmaceutical that has fentanyl in it without that being notified to the user.

C. A pharmaceutical that contains buprenorphine mixture and naloxone.

D. Any substance which when absorbed into a living organism may modify one or more of its functions. The term is generally accepted for a substance taken for a therapeutic purpose, but is also commonly used for abused substances.",A,1_1,cannabinoid pharmaceutical,http://addictovocab.org/ADDICTO_0000740,8,"Health & Medicine, Addiction Ontology"
"In the ontology of Addiction, which of the following definitions best describes 'cannabinoid'?","A. An organooxygen compound with formula ROR, where R is not hydrogen.

B. An organochalcogen compound containing at least one carbon-oxygen bond.

C. A diverse group of pharmacologically active secondary metabolite characteristic to Cannabis plant as well as produced naturally in the body by humans and animals. Cannabinoids contain oxygen as a part of the heterocyclic ring or in the form of various functional groups. They are subdivided on the basis of their origin.

D. Any organic heterocyclic compound containing at least one ring oxygen atom.",C,1_1,cannabinoid,http://purl.obolibrary.org/obo/CHEBI_67194,14,"Health & Medicine, Addiction Ontology"
"In the ontology of Addiction, which of the following definitions best describes 'cigarillo'?","A. A combustible tobacco-containing product that is a cylinder formed of chopped tobacco encased in tobacco leaf.

B. A personal attribute in which the person presents fewer or lower intensity of symptoms compared to their previous symptom presentation, and the current symptoms minimally interfere with their life.

C. A data item describing whether or how far a person's binge drinking behaviour pattern has reduced in frequency.

D. A cigar that is short and thin with wrapping that is tobacco or tobacco-based paper.",D,1_1,cigarillo,http://addictovocab.org/ADDICTO_0000743,11,"Health & Medicine, Addiction Ontology"
"In the ontology of Addiction, which of the following definitions best describes 'weekly cost of e-cigarette use'?","A. A data item that is about human age and is expressed in years rounded down.

B. A data item which indicates the number of years a person has been smoking cigarettes.

C. A data item which is about the amount of money spent per week on e-cigarettes.

D. A data item that describes the percentage of study participants for whom a measurement is taken at a follow-up point.",C,1_1,weekly cost of e-cigarette use,http://addictovocab.org/ADDICTO_0000745,6,"Health & Medicine, Addiction Ontology"
"In the ontology of Addiction, which of the following definitions best describes 'e-cigarette use'?","A. Inhaling consumption that involves the use of an electronic vaping device.

B. A consumption behaviour that involves breathing in a material through the nose or mouth.

C. Inhaling consumption that involves using an e-cigarette.

D. Inhaling consumption that involves using a device to consume an aerosol.",C,1_1,e-cigarette use,http://humanbehaviourchange.org/ontology/BCIO_050377,11,"Health & Medicine, Addiction Ontology"
"In the ontology of Addiction, which of the following definitions best describes 'financial cost of a product or service'?","A. The extent and rate at which a substance is absorbed in order to have a physiological affect on the whole body.

B. A data item referring to an amount of alcohol expressed in gram units.

C. A data item that is about the amount of money that has to be paid to purchase a product or service

D. A data item which indicates the absolute reduction number of cigarettes smoked over a period of time.",C,1_1,financial cost of a product or service,http://addictovocab.org/ADDICTO_0000750,6,"Health & Medicine, Addiction Ontology"
"In the ontology of Addiction, which of the following definitions best describes 'weekly financial cost of cigarette smoking'?","A. A data item that is about the amount of money that has to be paid to purchase a product or service

B. A data item that is the percentage of study participants for whom measurements are not taken at a follow-up.

C. A data item that is about the amount of money a person who smokes cigarettes spends on cigarettes.

D. A data item that is about the amount of harm to health caused by an individual using a product relative to other products.",C,1_1,weekly financial cost of cigarette smoking,http://addictovocab.org/ADDICTO_0000751,6,"Health & Medicine, Addiction Ontology"
"In the ontology of Addiction, which of the following definitions best describes 'menthol cigarette'?","A. A cigaratte that is flavoured with the compound menthol.

B. A cigarette that is manufactured in a factory.

C. A cigarette that has a cigarette filter as a part.

D. A cigarette whose parts have been purchased separately and assembled by hand or using a device for single assembly.",A,1_1,menthol cigarette,http://addictovocab.org/ADDICTO_0000753,11,"Health & Medicine, Addiction Ontology"
"In the ontology of Addiction, which of the following definitions best describes 'oral naltrexone'?","A. Naltrexone that is consumed via the mouth.

B. An organic heteropentacyclic compound that is naloxone substituted in which the allyl group attached to the nitrogen is replaced by a cyclopropylmethyl group. A mu-opioid receptor antagonist, it is used to treat alcohol dependence.

C. A smokeless tobacco containing product that is designed for nasal use, that is composed of dried tobacco and made into a fine powder.

D. Treatment of addiction that either a drug user or a person with a drug problem is compelled to undergo by a legal authority in the jurisdiction in which they reside.",A,1_1,oral naltrexone,http://addictovocab.org/ADDICTO_0000759,17,"Health & Medicine, Addiction Ontology"
"In the ontology of Addiction, which of the following definitions best describes 'naltrexone'?","A. Cyclopropane and its derivatives formed by substitution.

B. A semisynthetic opioid of formula C18H21NO4 that is derived from thebaine. It is a moderately potent opioid analgesic, generally used for relief of moderate to severe pain.

C. A synthetic morphinane alkaloid that is morphinone in which the enone double bond has been reduced to a single bond, the hydrogen at position 14 has been replaced by a hydroxy group, and the methyl group attached to the nitrogen has been replaced by an allyl group.

D. An organic heteropentacyclic compound that is naloxone substituted in which the allyl group attached to the nitrogen is replaced by a cyclopropylmethyl group. A mu-opioid receptor antagonist, it is used to treat alcohol dependence.",D,1_1,naltrexone,http://purl.obolibrary.org/obo/CHEBI_7465,16,"Health & Medicine, Addiction Ontology"
"In the ontology of Addiction, which of the following definitions best describes 'orally administered'?","A. A role preformed by an individual who participates in administering a substance orally.

B. a role which inheres in a person and is realized by the process of being under the care of a physician or health care provider

C. a role borne by a molecular entity and is realized in a process of absorption by an organism alters, or effects (or is assumed to effect) a function(s) which inhere in an organism

D. A role is particular behaviour which a material entity may exhibit.",A,1_1,orally administered,http://addictovocab.org/ADDICTO_0000760,6,"Health & Medicine, Addiction Ontology"
"In the ontology of Addiction, which of the following definitions best describes 'sedative drug'?","A. A central nervous system depressant that is used to prevent seizures or reduce their severity.

B. A loosely defined group of drugs that tend to reduce the activity of the central nervous system.

C. A central nervous system depressant that has the application of sedative effects.

D. A traditional grouping of drugs said to have a soothing or calming effect on mood, thought or behaviour.",C,1_1,sedative drug,http://addictovocab.org/ADDICTO_0000764,11,"Health & Medicine, Addiction Ontology"
"In the ontology of Addiction, which of the following definitions best describes 'cannabinoid receptor agonist'?","A. Substance which binds to cell receptors normally responding to naturally occurring substances and which produces a response of its own.

B. An agonist that binds to and activates cannabinoid receptors.

C. A cannabinoid receptor agonist which consists of synthetic analogs of the naturally occurring cannabinoids.

D. A psychoactive substance that is used to reduce depression.",B,1_1,cannabinoid receptor agonist,http://purl.obolibrary.org/obo/CHEBI_67072,9,"Health & Medicine, Addiction Ontology"
"In the ontology of Addiction, which of the following definitions best describes 'systemic bioavailability'?","A. A data item which is about the amount of cigarette smoking a person does and is the average number of cigarettes smoked per day by a person over a period.

B. A data item that is about an intervention and is the estimated financial cost of delivering that intervention to a population in a setting in order to gain one QALY in the population.

C. The extent and rate at which a substance is absorbed in order to have a physiological affect on the whole body.

D. A data item that indicates the number of years an individual was or has been in education.",C,1_1,systemic bioavailability,http://addictovocab.org/ADDICTO_0000767,6,"Health & Medicine, Addiction Ontology"
"In the ontology of Addiction, which of the following definitions best describes 'person with alcohol use disorder'?","A. A young adult who uses alcohol.

B. A psychoactive substance user who consumes alcohol.

C. An alcohol user who is seeking treatment for their alcohol use.

D. An alcohol user who presents with alcohol use disorder.",D,1_1,person with alcohol use disorder,http://addictovocab.org/ADDICTO_0000768,9,"Health & Medicine, Addiction Ontology"
"In the ontology of Addiction, which of the following definitions best describes 'former substance user'?","A. A person who has never smoked tobacco.

B. A person who was a cigarette smoker in the past but is not currently a cigarette smoker.

C. A person living with HIV.

D. A person who was a substance in the past but is not currently a substance user.",D,1_1,former substance user,http://addictovocab.org/ADDICTO_0000776,7,"Health & Medicine, Addiction Ontology"
"In the ontology of Addiction, which of the following definitions best describes 'never tobacco smoker'?","A. A person who has never smoked tobacco.

B. A person who is incarcerated in a prison.

C. A person who engages in e-cigarette use.

D. A person who does not currently report smoking tobacco.",A,1_1,never tobacco smoker,http://addictovocab.org/ADDICTO_0000779,7,"Health & Medicine, Addiction Ontology"
"In the ontology of Addiction, which of the following definitions best describes 'past-year tobacco smoker'?","A. A bodily process involving clinical signs or symptoms, or onset, prolongation or worsening of a clinical disorder or disease.

B. An ever-tobacco smoker who has participated in tobacco smoking within the past year.

C. A tobacco smoker who has ever participated in smoking.

D. An ever-tobacco smoker who has participated in tobacco smoking within the past 30 days.",B,1_1,past-year tobacco smoker,http://addictovocab.org/ADDICTO_0000782,11,"Health & Medicine, Addiction Ontology"
"In the ontology of Addiction, which of the following definitions best describes 'pregnant smoker'?","A. A tobacco smoker who has ever participated in smoking.

B. A daily tobacco user who engages in tobacco smoking every day.

C. A tobacco smoker that is pregnant.

D. A tobacco smoker who smokes cigarettes.",C,1_1,pregnant smoker,http://addictovocab.org/ADDICTO_0000786,10,"Health & Medicine, Addiction Ontology"
"In the ontology of Addiction, which of the following definitions best describes 'recent smoker'?","A. A tobacco user who engages in tobacco smoking.

B. A tobacco smoker that also has a diagnosis of affective disorder.

C. A tobacco smoker who has ever participated in smoking.

D. A tobacco smoker who reports recently smoking.",D,1_1,recent smoker,http://addictovocab.org/ADDICTO_0000788,10,"Health & Medicine, Addiction Ontology"
"In the ontology of Addiction, which of the following definitions best describes 'group 1 carcinogen'?","A. A carcinogen where there is sufficent evidence, with an established casual relationship, to suggest it is carcinogenic to humans.

B. A carcinogen where there is limited evidence in humans, but sufficient evidence in animals to suggest it is probably carcinogenic to humans.

C. A chemical substance that has the carcinogenic agent role.

D. An interventional study design in which all the participants receive the same type of intervention.",A,1_1,group 1 carcinogen,http://addictovocab.org/ADDICTO_0000790,8,"Health & Medicine, Addiction Ontology"
"In the ontology of Addiction, which of the following definitions best describes 'crack cocaine'?","A. An liquid that is oil based and contains cannabinoids.

B. Cocaine that has been heated, purified, concentrated, and compressed into smokeable, pebble-sized crystals.

C. An aliphatic alcohol in which the aliphatic alkane chain is substituted by a hydroxy group at unspecified position.

D. A tropane alkaloid obtained from leaves of the South American shrub Erythroxylon coca.",B,1_1,crack cocaine,http://addictovocab.org/ADDICTO_0000792,19,"Health & Medicine, Addiction Ontology"
"In the ontology of Addiction, which of the following definitions best describes 'cocaine'?","A. Cocaine that has been heated, purified, concentrated, and compressed into smokeable, pebble-sized crystals.

B. Any carboxylic ester resulting from the formal condensation of a carboxy group with methanol.

C. Esters of benzoic acid or substituted benzoic acids.

D. A tropane alkaloid obtained from leaves of the South American shrub Erythroxylon coca.",D,1_1,cocaine,http://purl.obolibrary.org/obo/CHEBI_27958,18,"Health & Medicine, Addiction Ontology"
"In the ontology of Addiction, which of the following definitions best describes 'substance'?","A. A material entity that is a human made strcuture with firm connection between its foundation and the ground.

B. A material entity that is not an object.

C. A material entity in which a concretization of an information content entity inheres.

D. An object aggregate consisting of an organism and all material entities located within the organism, overlapping the organism, or occupying sites formed in part by the organism.",B,1_1,substance,http://addictovocab.org/ADDICTO_0001115,5,"Health & Medicine, Addiction Ontology"
"In the ontology of Addiction, which of the following definitions best describes 'daily cannabis smoker'?","A. A daily cannabis user who smokers cannabis daily.

B. A cannabis user who users medicinal cannabis.

C. A cannabis user who smokes cannabis.

D. A substance user who uses cannabis.",A,1_1,daily cannabis smoker,http://addictovocab.org/ADDICTO_0000799,9,"Health & Medicine, Addiction Ontology"
"In the ontology of Addiction, which of the following definitions best describes 'daily cannabis user'?","A. A cannabis user who ingests cannabis through edible products.

B. A cannabis user who vapes cannabis.

C. A cannabis user who smokes cannabis.

D. A cannabis user who uses cannabis products daily.",D,1_1,daily cannabis user,http://addictovocab.org/ADDICTO_0000800,9,"Health & Medicine, Addiction Ontology"
"In the ontology of Addiction, which of the following definitions best describes 'daily e-cigarette user'?","A. An e-cigarette user who is not a tobacco user.

B. An e-cigarette user who engages in e-cigarette use every day.

C. An e-cigarette user who self-reports first time ever use of an e-cigarette.

D. An e-cigarette user who is a former tobacco smoker.",B,1_1,daily e-cigarette user,http://addictovocab.org/ADDICTO_0000801,8,"Health & Medicine, Addiction Ontology"
"In the ontology of Addiction, which of the following definitions best describes 'dependent cigarette smoker'?","A. A cigarette smoker who is tobacco dependent according to a defined and validated measure.

B. A tobacco user who engages in tobacco smoking.

C. A tobacco smoker that also has a diagnosis of affective disorder.

D. A tobacco smoker who reports recently smoking.",A,1_1,dependent cigarette smoker,http://addictovocab.org/ADDICTO_0000803,10,"Health & Medicine, Addiction Ontology"
"In the ontology of Addiction, which of the following definitions best describes 'e-cigarette first user'?","A. An e-cigarette user who is a former tobacco smoker.

B. An e-cigarette user who self-reports first time ever use of an e-cigarette.

C. A person who engages in e-cigarette use.

D. An e-cigarette user who has been using e-cigarettes for one year or more.",B,1_1,e-cigarette first user,http://addictovocab.org/ADDICTO_0000804,8,"Health & Medicine, Addiction Ontology"
"In the ontology of Addiction, which of the following definitions best describes 'exclusive cannabis smoker'?","A. A cannabis smoker who only smokes their cannabis.

B. A randomised controlled trial design that aims to evaluate the effectiveness of an intervention under conditions similar to those that would obtain were the intervention to be delivered in routine practice.

C. A cannabis user who smokes cannabis.

D. A planned process to choose which of two or more study processes will be applied to a study participant.",A,1_1,exclusive cannabis smoker,http://addictovocab.org/ADDICTO_0000805,10,"Health & Medicine, Addiction Ontology"
"In the ontology of Addiction, which of the following definitions best describes 'non-tobacco using e-cigarette user'?","A. An e-cigarette user who engages in e-cigarette use every day.

B. An e-cigarette user who self-reports first time ever use of an e-cigarette.

C. An e-cigarette user who has been using e-cigarettes for one year or more.

D. An e-cigarette user who is not a tobacco user.",D,1_1,non-tobacco using e-cigarette user,http://addictovocab.org/ADDICTO_0000807,8,"Health & Medicine, Addiction Ontology"
"In the ontology of Addiction, which of the following definitions best describes 'non-daily e-cigarette user'?","A. An e-cigarette user who does not use their e-cigarette on a daily basis.

B. An e-cigarette user who is not a tobacco user.

C. An e-cigarette user who engages in e-cigarette use every day.

D. An e-cigarette user who has been using e-cigarettes for one year or more.",A,1_1,non-daily e-cigarette user,http://addictovocab.org/ADDICTO_0000809,8,"Health & Medicine, Addiction Ontology"
"In the ontology of Addiction, which of the following definitions best describes 'user of edible cannabis products'?","A. A daily cannabis user who smokers cannabis daily.

B. A cannabis user who users medicinal cannabis.

C. A cannabis user who ingests cannabis through edible products.

D. A substance user who uses cannabis.",C,1_1,user of edible cannabis products,http://addictovocab.org/ADDICTO_0000811,9,"Health & Medicine, Addiction Ontology"
"In the ontology of Addiction, which of the following definitions best describes 'cannabis vape pen'?","A. A vaping device that is designed to be used for vaping cannabis.

B. A cannabis vaping device part that is formed of disposable non-refillable cartridge which is attached to a device for the purpose of consuming cannabis.

C. A cannabis vaping device which is large, usually mains powered and intended for use in one location.

D. A cannabis vaping device that is shaped like a pen and consists of a battery, a container for cannabis or a cannabis extract, an atomiser to create cannabis vapour, and a mouthpiece.",D,1_1,cannabis vape pen,http://addictovocab.org/ADDICTO_0000813,10,"Health & Medicine, Addiction Ontology"
"In the ontology of Addiction, which of the following definitions best describes 'developmental toxicant'?","A. A toxicant that has impairs the developmental process of an organism.

B. A toxicant that has an effect on the reproductive systsem.

C. A toxicant that has an effect on the respiratory system.

D. A substance that has a disposition to cause harm to an organism that is in contact with it.",A,1_1,developmental toxicant,http://addictovocab.org/ADDICTO_0000815,7,"Health & Medicine, Addiction Ontology"
"In the ontology of Addiction, which of the following definitions best describes 'alcohol toxicity'?","A. A disposition of a substance to cause harm to an organism that is exposed to it.

B. Toxicity of a substance in which the substance is ethanol.

C. Toxicity of a substance that is at or above a level that causes disease.

D. Toxicity of a substance in which the substance is nicotine.",B,1_1,alcohol toxicity,http://addictovocab.org/ADDICTO_0000816,7,"Health & Medicine, Addiction Ontology"
"In the ontology of Addiction, which of the following definitions best describes 'dry herb vaporiser'?","A. A vaping device that is designed to be used for vaping cannabis.

B. A product that produces a vapour for inhalation by a person.

C. A vaping device that produces vapour by electrically heating a substance that is an e-liquid or a solid.

D. A vaping device that heats dry herbs in order to create a vapour to be taken into the lungs by the user.",D,1_1,dry herb vaporiser,http://addictovocab.org/ADDICTO_0000944,9,"Health & Medicine, Addiction Ontology"
"In the ontology of Addiction, which of the following definitions best describes 'energy drink'?","A. A commodity that is liquid

B. A liquid commodity that contains a high concentration of sugar, caffeine or another stimulant and is promoted as capable of increasing alertness and reducing fatigue.

C. A liquid commodity that is designed to be consumed by people.

D. A liquid commodity that is a cannabis extract combined with oil designed to be used in a cannabis vaping device.",B,1_1,energy drink,http://addictovocab.org/ADDICTO_0000818,7,"Health & Medicine, Addiction Ontology"
"In the ontology of Addiction, which of the following definitions best describes 'grams of alcohol'?","A. A data item referring to an amount of alcohol expressed in gram units.

B. A data item that is about the amount of harm to health caused by an individual using a product relative to other products.

C. An information content entity that is intended to be a truthful statement about something (modulo, e.g., measurement precision or other systematic errors) and is constructed/acquired by a method which reliably tends to produce (approximately) truthful statements.

D. A data item that is the number of important others who vape nicotine in a person's social environment.",A,1_1,grams of alcohol,http://addictovocab.org/ADDICTO_0000819,6,"Health & Medicine, Addiction Ontology"
"In the ontology of Addiction, which of the following definitions best describes 'metal'?","A. A substance that has a disposition to cause harm to an organism that is in contact with it.

B. A material entity that is not an object.

C. Any class of substances characterised by high electrical and thermal conductivity as well as by malleability, ductility and high reflectivity of light.

D. A substance that is produced by a living organsism and is toxic, noxious or poisonous",C,1_1,metal,http://addictovocab.org/ADDICTO_0000820,6,"Health & Medicine, Addiction Ontology"
"In the ontology of Addiction, which of the following definitions best describes 'reproductive toxicant'?","A. A toxicant that has impairs the developmental process of an organism.

B. A substance that has a disposition to cause harm to an organism that is in contact with it.

C. A toxicant that has an effect on the respiratory system.

D. A toxicant that has an effect on the reproductive systsem.",D,1_1,reproductive toxicant,http://addictovocab.org/ADDICTO_0000821,7,"Health & Medicine, Addiction Ontology"
"In the ontology of Addiction, which of the following definitions best describes 'respiratory toxicant'?","A. A substance that has a disposition to cause harm to an organism that is in contact with it.

B. A toxicant that has an effect on the respiratory system.

C. A toxicant that has impairs the developmental process of an organism.

D. A toxicant that has an effect on the reproductive systsem.",B,1_1,respiratory toxicant,http://addictovocab.org/ADDICTO_0000822,7,"Health & Medicine, Addiction Ontology"
"In the ontology of Addiction, which of the following definitions best describes 'product disposition'?","A. A disposition of a person involving the probability of experiencing a given disease over a defined time period.

B. A disposition of a product.

C. A disposition of a material entity or a process to cause addiction to it.

D. A disposition inhering in a manufactured cigarette",B,1_1,product disposition,http://addictovocab.org/ADDICTO_0001122,6,"Health & Medicine, Addiction Ontology"
"In the ontology of Addiction, which of the following definitions best describes 'adult TB patient'?","A. A TB patient who smokes tobacco.

B. A TB patient that is of adult age and is currently receiving medical care.

C. A person living with tuberculosis.

D. An information content entity that is an aggregate of documents.",B,1_1,adult TB patient,http://addictovocab.org/ADDICTO_0000834,8,"Health & Medicine, Addiction Ontology"
"In the ontology of Addiction, which of the following definitions best describes 'TB patient'?","A. A person who is not a substance user.

B. A person living with tuberculosis.

C. A person who is between the ages of 13 and 19.

D. A person with whom someone has a sufficiently close relationship that they are willing to discuss important matters.",B,1_1,TB patient,http://addictovocab.org/ADDICTO_0000847,7,"Health & Medicine, Addiction Ontology"
"In the ontology of Addiction, which of the following definitions best describes 'disease of the respiratory system'?","A. A disease which affects any, or all parts of the respiratory system.

B. A disease in which tobacco use is a significant risk factor.

C. A disease in which tobacco use has played a causal role.

D. A disposition (i) to undergo pathological processes that (ii) exists in an organism because of one or more disorders in that organism.",A,1_1,disease of the respiratory system,http://addictovocab.org/ADDICTO_0001060,7,"Health & Medicine, Addiction Ontology"
"In the ontology of Addiction, which of the following definitions best describes 'tobacco-containing product user'?","A. A person who does not currently report smoking tobacco.

B. A person that reports using snus.

C. A person who uses tobacco-containing products.

D. A person living with tuberculosis.",C,1_1,tobacco-containing product user,http://addictovocab.org/ADDICTO_0000849,7,"Health & Medicine, Addiction Ontology"
"In the ontology of Addiction, which of the following definitions best describes 'e-cigarette user with COPD'?","A. An organochalcogen compound is a compound containing at least one carbon-chalcogen bond.

B. A person with COPD that reports being a current smoker.

C. A person with a clinical status that indicates the person is living with COPD.

D. A person with COPD that reports current use of an e-cigarette.",D,1_1,e-cigarette user with COPD,http://addictovocab.org/ADDICTO_0000837,8,"Health & Medicine, Addiction Ontology"
"In the ontology of Addiction, which of the following definitions best describes 'person living with HIV who smokes'?","A. A person who is living with HIV and also reports being a current smoker.

B. A non-interventional study design in which study participants who have been identified as having (case) or not having (control) some characteristic of interest are compared on other characteristics to establish whether these are associated with being a case or control.

C. A nicotine replacement therapy product that delivers nicotine orally by a tablet which slowly dissolves in the mouth.

D. A person living with HIV.",A,1_1,person living with HIV who smokes,http://addictovocab.org/ADDICTO_0000841,8,"Health & Medicine, Addiction Ontology"
"In the ontology of Addiction, which of the following definitions best describes 'person with COPD who currently smokes'?","A. A person with a clinical status that indicates the person is living with COPD.

B. A person with COPD that reports being a current smoker.

C. A tobacco smoker that also has a diagnosis of affective disorder.

D. A person with COPD that reports current use of an e-cigarette.",B,1_1,person with COPD who currently smokes,http://addictovocab.org/ADDICTO_0000843,8,"Health & Medicine, Addiction Ontology"
"In the ontology of Addiction, which of the following definitions best describes 'snus user'?","A. A person who has reached maturity.

B. A person who has analytic toxicologist role.

C. A person that reports using snus.

D. A person with whom someone has a sufficiently close relationship that they are willing to discuss important matters.",C,1_1,snus user,http://addictovocab.org/ADDICTO_0000846,7,"Health & Medicine, Addiction Ontology"
"In the ontology of Addiction, which of the following definitions best describes 'kretek'?","A. A cigaratte that is flavoured with the compound menthol.

B. A cigarette whose parts have been purchased separately and assembled by hand or using a device for single assembly.

C. A cigarette made of tobacco and cloves.

D. A cigarette that is manufactured in a factory.",C,1_1,kretek,http://addictovocab.org/ADDICTO_0000851,11,"Health & Medicine, Addiction Ontology"
"In the ontology of Addiction, which of the following definitions best describes 'cannabis oil'?","A. A liquid commodity that is used in e-cigarettes for the purpose of aerosolization and inhalation by a person.

B. A liquid commodity that is a cannabis extract combined with oil designed to be used in a cannabis vaping device.

C. A commodity that is liquid

D. A liquid commodity that is designed to be consumed by people.",B,1_1,cannabis oil,http://addictovocab.org/ADDICTO_0000854,7,"Health & Medicine, Addiction Ontology"
"In the ontology of Addiction, which of the following definitions best describes 'clinical toxicity of a substance'?","A. Toxicity of a substance that is at or above a level that causes disease.

B. Toxicity of a substance in which the substance is nicotine.

C. Toxicity of a substance in which the substance is ethanol.

D. A disposition of a substance to cause harm to an organism that is exposed to it.",A,1_1,clinical toxicity of a substance,http://addictovocab.org/ADDICTO_0000857,7,"Health & Medicine, Addiction Ontology"
"In the ontology of Addiction, which of the following definitions best describes 'dry herb tabletop vaporiser'?","A. A central nervous system depressant that has the application of sedative effects.

B. A tabletop vaporiser that is designed to vape oil based cannabis products.

C. A cannabis vaping device which is large, usually mains powered and intended for use in one location.

D. A tabletop vaporiser that is designed to vape cannabis flower or herbs",D,1_1,dry herb tabletop vaporiser,http://addictovocab.org/ADDICTO_0000858,11,"Health & Medicine, Addiction Ontology"
"In the ontology of Addiction, which of the following definitions best describes 'fully branded cigarette pack'?","A. Packaging that is designed to hold manufactured cigarettes.

B. A material entity that has an economic good role.

C. A cigarette pack that contains the full product brand name and brand imagery printed on it.

D. A <role> that inheres in a human being by virtue of their social and institutional circumstances.",C,1_1,fully branded cigarette pack,http://addictovocab.org/ADDICTO_0000861,10,"Health & Medicine, Addiction Ontology"
"In the ontology of Addiction, which of the following definitions best describes 'portable cannabis vaporiser'?","A. A cannabis vaping device which is large, usually mains powered and intended for use in one location.

B. A vaping device that is designed to be used for vaping cannabis.

C. A cannabis vaping device that is shaped like a pen and consists of a battery, a container for cannabis or a cannabis extract, an atomiser to create cannabis vapour, and a mouthpiece.

D. A cannabis vaping device that is portable.",D,1_1,portable cannabis vaporiser,http://addictovocab.org/ADDICTO_0000865,10,"Health & Medicine, Addiction Ontology"
"In the ontology of Addiction, which of the following definitions best describes 'research grant awarding body'?","A. An entity that can bear roles, has members, and has a set of organization rules. Members of organizations are either organizations themselves or individual people. Members can bear specific organization member roles that are determined in the organization rules. The organization rules also determine how decisions are made on behalf of the organization by the organization members.

B. An organization that provides funding for research.

C. An organisation that sells some product directly to users of that product.

D. An organisation that provides healthcare.",B,1_1,research grant awarding body,http://addictovocab.org/ADDICTO_0000880,6,"Health & Medicine, Addiction Ontology"
"In the ontology of Addiction, which of the following definitions best describes 'research study'?","A. A research activity that forms part of a research study that aims to influence an outcome.

B. A research activity that involves taking a measurement after the start of an intervention or research activity.

C. A planned process that executes some study design or protocol to generate scientific data that is interpreted to test or generate a hypothesis.

D. A research activity that aims to ensure that study participants in an interventional research study have as little information as possible about which of two or more interventions they are to experience.",C,1_1,research study,http://purl.obolibrary.org/obo/SEPIO_0000125,6,"Health & Medicine, Addiction Ontology"
"In the ontology of Addiction, which of the following definitions best describes 'pilot trial'?","A. A role that inheres in money by virtue of it being acquired by an economic agent for providing a good or service or as a levy.

B. A feasibility study that involves a smaller-scale version or part of the intervention or study whose feasibility is being assessed.

C. A pilot study in which what is being piloted is a trial that evaluates an intervention.

D. A pilot trial in which a controlled trial is being piloted.",C,1_1,pilot trial,http://addictovocab.org/ADDICTO_0000888,9,"Health & Medicine, Addiction Ontology"
"In the ontology of Addiction, which of the following definitions best describes 'pilot randomised controlled trial'?","A. A pilot controlled trial in which what is piloted is a randomised controlled trial.

B. A tobacco-containing product that contains a tobacco stick that it heats to cause minimal or no combustion to produce smoke or a vapour for inhalation by a person.

C. A pilot trial in which a controlled trial is being piloted.

D. A narcotic or opioid substance, synthetic or semisynthetic agent producing profound analgesia, drowsiness, and changes in mood.",A,1_1,pilot randomised controlled trial,http://addictovocab.org/ADDICTO_0000886,11,"Health & Medicine, Addiction Ontology"
"In the ontology of Addiction, which of the following definitions best describes 'behaviourally-relevant dose of a substance'?","A. A data item which is about the amount of cigarette smoking that a person does and is the number of packs of cigarettes smoked by a person per day.

B. A data item that is the amount of a substance that needs to be taken into the body to provide an observable behavioural effect.

C. A data item that is the percentage of study participants who were eligible for follow-up but could not be contacted at a follow-up point.

D. A data item that describes the composition of a pharmaceutical.",B,1_1,behaviourally-relevant dose of a substance,http://addictovocab.org/ADDICTO_0000892,6,"Health & Medicine, Addiction Ontology"
"In the ontology of Addiction, which of the following definitions best describes 'dry herb atomiser'?","A. A product that stores chemical energy and converts it to electrical energy.

B. A product that is manufactured to be part of an e-cigarette as a combination of a container for e-liquid, an atomiser and systems for controlling the atomiser connected together into a single component.

C. A product that is design to be part of a vaping device to heat a cannabis product to produce a vapour for inhalation.

D. A product that is made of tobacco or has tobacco as a part and is used by people to take some tobacco constituent into the body.",C,1_1,dry herb atomiser,http://addictovocab.org/ADDICTO_0000895,8,"Health & Medicine, Addiction Ontology"
"In the ontology of Addiction, which of the following definitions best describes 'revenue role'?","A. A role that inheres in money by virtue of it being acquired by an economic agent for providing a good or service or as a levy.

B. A <role> that inheres in a human being by virtue of their social and institutional circumstances.

C. A role is particular behaviour which a material entity may exhibit.

D. a role which inheres in a person and is realized by the process of being under the care of a physician or health care provider",A,1_1,revenue role,http://addictovocab.org/ADDICTO_0000904,6,"Health & Medicine, Addiction Ontology"
"In the ontology of Addiction, which of the following definitions best describes 'hookah'?","A. A behaviour pattern that includes use of a product at least once.

B. A smoking product that consists of an open chamber designed to contain organic matter for burning, an enclosed bowl containing water, a flexible hose connected to the bowl and a mouthpiece on the other end, which is used for smoking organic matter.

C. A product that is manufactured for a user to taken into the body the products of combustion.

D. A process in which a vehicle collides with an object, person or vehicle, causing damage.",B,1_1,hookah,http://addictovocab.org/ADDICTO_0000906,9,"Health & Medicine, Addiction Ontology"
"In the ontology of Addiction, which of the following definitions best describes 'mulled cigarette smoker'?","A. A cannabis user who vapes cannabis.

B. A cannabis user who users medicinal cannabis.

C. A daily cannabis user who smokers cannabis daily.

D. A cannabis smoker who smokes mulled cigarettes.",D,1_1,mulled cigarette smoker,http://addictovocab.org/ADDICTO_0000910,9,"Health & Medicine, Addiction Ontology"
"In the ontology of Addiction, which of the following definitions best describes 'cannabis plant'?","A. A plant structure (PO:0005679) which is a whole organism.

B. A whole plant that belongs to a species of the genus Cannabaceae.

C. A plant of the species that belongs to the Nicotiana genus of herbaceous plants.

D. A nicotine replacement therapy product that delivers nicotine orally by a tablet which slowly dissolves in the mouth.",B,1_1,cannabis plant,http://addictovocab.org/ADDICTO_0000920,8,"Health & Medicine, Addiction Ontology"
"In the ontology of Addiction, which of the following definitions best describes 'tobacco leaf product'?","A. A tobacco-containing product in which the tobacco is processed to enable absorption of a some tobacco constituent through an epithelial membrane.

B. A tobacco-containing product in which the tobacco is processed to make it suitable for burning for the user to take the smoke into the body.

C. A product that is made of tobacco or has tobacco as a part and is used by people to take some tobacco constituent into the body.

D. A tobacco-containing product that consists of chopped unprocessed tobacco leaves.",D,1_1,tobacco leaf product,http://addictovocab.org/ADDICTO_0000922,9,"Health & Medicine, Addiction Ontology"
"In the ontology of Addiction, which of the following definitions best describes 'cocaine user'?","A. A substance user who uses some stimulant drug.

B. A substance user who uses cocaine.

C. A substance user who has a high-risk of adverse outcomes as a result of their substance use.

D. A substance user who has a diagnosis of substance use disorder.",B,1_1,cocaine user,http://addictovocab.org/ADDICTO_0000927,8,"Health & Medicine, Addiction Ontology"
"In the ontology of Addiction, which of the following definitions best describes 'high-risk substance user'?","A. A substance user who engages in tobacco use.

B. A substance user who uses some stimulant drug.

C. A substance user who has a high-risk of adverse outcomes as a result of their substance use.

D. A substance user who has a diagnosis of substance use disorder.",C,1_1,high-risk substance user,http://addictovocab.org/ADDICTO_0000929,8,"Health & Medicine, Addiction Ontology"
"In the ontology of Addiction, which of the following definitions best describes 'medicinal cannabis user'?","A. A cannabis user who users medicinal cannabis.

B. A cannabis user who smokes cannabis.

C. A cannabis smoker who smokes mulled cigarettes.

D. A cannabis user who ingests cannabis through edible products.",A,1_1,medicinal cannabis user,http://addictovocab.org/ADDICTO_0000930,9,"Health & Medicine, Addiction Ontology"
"In the ontology of Addiction, which of the following definitions best describes 'treatment-seeking substance user'?","A. A substance user who engages in tobacco use.

B. A substance user who has a diagnosis of substance use disorder.

C. A substance user who uses some stimulant drug.

D. A substance user who is in contact with a service to receive treatment for a substance use disorder.",D,1_1,treatment-seeking substance user,http://addictovocab.org/ADDICTO_0000936,8,"Health & Medicine, Addiction Ontology"
"In the ontology of Addiction, which of the following definitions best describes 'woman who uses psychoactive drugs'?","A. A woman who has convictions for driving under the influence.

B. Female persons who engage in sexual activity with men and women, regardless of how they identify themselves.

C. Women who engage in sexual activity with men, regardless of how they identify themselves.

D. A woman who self identifies as using psychoactive substances.",D,1_1,woman who uses psychoactive drugs,http://addictovocab.org/ADDICTO_0000939,8,"Health & Medicine, Addiction Ontology"
"In the ontology of Addiction, which of the following definitions best describes 'young adult'?","A. A person who engages in e-cigarette use.

B. A protein coding gene in humans.

C. A person who is in their late teenage years, or early twenties.

D. A person who participates in policy making.",C,1_1,young adult,http://addictovocab.org/ADDICTO_0000941,7,"Health & Medicine, Addiction Ontology"
"In the ontology of Addiction, which of the following definitions best describes 'nunu'?","A. A smokeless tobacco-containing product that is designed for nasal use, in which dark coloured Mapacho tobacco, inner bark of Mocambo tree and cacahuilo tree are mixed to form an extremely fine dust.

B. A smokeless tobacco containing product that is designed for either oral or nasal use, in which dry fermented tobacco is mixed with natron (a mixture of sodium bicarbonate and sodium chloride) and ground into a fine powder. It can be consumed both nasally or orally.

C. A smokeless tobacco-containing product that is designed for oral use, in which air- or fire-cured burley tobacco leaf is treated with a tar-like tobacco leaf extract and sometimes sweeteners and other flavourings, then twisted into rope-like strands that are dried and braided.

D. A smokeless tobacco-containing product that is designed for oral use, composed of sun-cured tobacco flakes, thin shavings of areca nut and slaked lime.",A,1_1,nunu,http://addictovocab.org/ADDICTO_0000955,10,"Health & Medicine, Addiction Ontology"
"In the ontology of Addiction, which of the following definitions best describes 'gundi'?","A. A smokeless tobacco-containing product that is designed for oral use, in which leaf tobacco is air-cured, stemmed, sweetened and flavoured with sugar and liquorice, and cut or granulated into small strips of shredded tobacco

B. A smokeless tobacco-containing product that is designed for oral use, in which cured tobacco, coriander seeds, and other spices are fried separately and ground, then mixed with aromatic resinous oils to form a coarse powder.

C. A smokeless tobacco-containing product that is designed for oral use, composed of dried tobacco leaves, ash, cottonseed or sesame oil, water and sometimes gum which are rolled into balls.

D. A smokeless tobacco-containing product that is designed for oral use, in which tobacco leaves are crushed and boiled into a sticky, heavy black liquid, which is allowed to mature and seasoned with different ingredients (that vary according to region) to create a tobacco-based paste.",B,1_1,gundi,http://addictovocab.org/ADDICTO_0000956,10,"Health & Medicine, Addiction Ontology"
"In the ontology of Addiction, which of the following definitions best describes 'gutka'?","A. A smokeless tobacco-containing product that is designed for oral use, in which sun-dried, roasted, and finely chopped tobacco is mixed with areca nut, slaked lime (calcium hydroxide), catechu, and other condiments, sweeteners, and flavourings to create dry granular product.

B. A smokeless tobacco-containing product that is designed for oral use in which dried tobacco is mixed with varied additives to create a moist, ground form.

C. A smokeless tobacco containing product that is designed for oral use, in which sun/fire dried tobacco leaves are mixed with ash to form a quid.

D. A smokeless tobacco-containing product that is designed for nasal use, in which dark coloured Mapacho tobacco, inner bark of Mocambo tree and cacahuilo tree are mixed to form an extremely fine dust.",A,1_1,gutka,http://addictovocab.org/ADDICTO_0000960,10,"Health & Medicine, Addiction Ontology"
"In the ontology of Addiction, which of the following definitions best describes 'betel quid with tobacco'?","A. A smokeless tobacco-containing product that is formed of dry finely-ground tobacco and is placed by a person in the nasal cavity.

B. A smokeless tobacco containing product that is designed for oral use, in which Burley and bright tobacco or cigar tobacco leaves, liquorice, and sugar are mixed to form a moist product.

C. A smokeless tobacco-containing product that is designed for oral use, which is composed of small pieces of tobacco leaves treated in slaked lime, finely cut betel nut, flavouring agents and sandalwood powder to form a coarse granular mixture.

D. A smokeless tobacco-containing product that is designed for oral use in which tobacco is wrapped in a betel leaf.",D,1_1,betel quid with tobacco,http://addictovocab.org/ADDICTO_0000962,10,"Health & Medicine, Addiction Ontology"
"In the ontology of Addiction, which of the following definitions best describes 'hogesoppu'?","A. A smokeless tobacco-containing product that is designed for oral use, in which the tobacco leaf, stems, and seeds are fermented, air- and/or fire-cured, mixed with different flavourings, augmented with stimulants (caffeine, ginseng), taurine, and vitamins B and C, and processed into moist fine particles (fine cut) or strips (long cut).

B. A smokeless tobacco containing product that is designed for oral use, in which ground tobacco, humectants, preservatives and flavours are compressed to form tablets.

C. A smokeless tobacco containing product that is designed for oral use, which is composed of tobacco which is sometimes flavoured with menthol and sold as small teabag like pouches.

D. A smokeless tobacco-containing product that is designed for oral use, in which unprocessed and crushed tobacco leaves are bundled in strands.",D,1_1,hogesoppu,http://addictovocab.org/ADDICTO_0000964,10,"Health & Medicine, Addiction Ontology"
"In the ontology of Addiction, which of the following definitions best describes 'chimó'?","A. A smokeless tobacco-containing product, in which raw tobacco leaf is powdered, flaked or sold in bundles of several long strands.

B. A smokeless tobacco-containing product that is designed for oral use, in which sun-dried or fermented coarsely cut tobacco leaves are mixed with slaked lime and sometimes areca nut to create a flaky form.

C. A smokeless tobacco-containing product that is designed for oral use, in which tobacco leaves are crushed and boiled into a sticky, heavy black liquid, which is allowed to mature and seasoned with different ingredients (that vary according to region) to create a tobacco-based paste.

D. A smokeless tobacco-containing product that is designed for oral use, in which unprocessed and crushed tobacco leaves are bundled in strands.",C,1_1,chimó,http://addictovocab.org/ADDICTO_0000966,10,"Health & Medicine, Addiction Ontology"
"In the ontology of Addiction, which of the following definitions best describes 'iq'mik'?","A. A smokeless tobacco-containing product that is designed for oral use, in which fire- or air-cured tobacco leaves are mixed with tree fungus ash or other ash derived from burning driftwood, alder bush or willow bush to form a thick chewable product.

B. A smokeless tobacco containing product that is designed for oral use, in which tobacco, herbs and flavourings are mixed to form a fine red powder.

C. A smokeless tobacco-containing product, in which sun-dried, fermented, then ground and aged tobacco leaves are mixed with a solution of baking soda and water to create a moist form that can be rolled into a ball (called a saffa).

D. A smokeless tobacco-containing product that is designed for oral use, in which dried raw tobacco stalks and petioles (sometimes mixed with molasses and water) form loose dry sticks.",A,1_1,iq'mik,http://addictovocab.org/ADDICTO_0000967,10,"Health & Medicine, Addiction Ontology"
"In the ontology of Addiction, which of the following definitions best describes 'dohra'?","A. A smokeless tobacco-containing product that is designed for oral use, in which dried raw tobacco stalks and petioles (sometimes mixed with molasses and water) form loose dry sticks.

B. A smokeless tobacco-containing product that is designed for oral use, in which different types of tobacco (often zarda or surti) are combined with a mix of areca nut, catechu, slaked lime (calcium hydroxide) and flavorings such as peppermint, cardamom to form a wet mixture.

C. A smokeless tobacco-containing product that is designed for oral use, which is composed of finely ground tobacco , chewing gum base and xylitol.

D. A smokeless tobacco-containing product that is designed for nasal use, in which tobacco is processed into dry fine powder.",B,1_1,dohra,http://addictovocab.org/ADDICTO_0000968,10,"Health & Medicine, Addiction Ontology"
"In the ontology of Addiction, which of the following definitions best describes 'kaddipudi'?","A. A smokeless tobacco-containing product that is designed for oral use, in which tobacco smoke is passed through water and the resulting tobacco water is sold in glass bottles.

B. A smokeless tobacco-containing product that is designed for oral use, in which boiled and dried tobacco leaves are mixed with lime, spices and vegetable dyes (sometimes areca nut and/or silver flecks) to make a flaky product.

C. A smokeless tobacco containing product that is designed for oral use, in which tobacco, herbs and flavourings are mixed to form a fine red powder.

D. A smokeless tobacco-containing product that is designed for oral use, in which dried raw tobacco stalks and petioles (sometimes mixed with molasses and water) form loose dry sticks.",D,1_1,kaddipudi,http://addictovocab.org/ADDICTO_0000970,10,"Health & Medicine, Addiction Ontology"
"In the ontology of Addiction, which of the following definitions best describes 'creamy snuff'?","A. A smokeless tobacco-containing product that is designed for oral use, in which fire- or air-cured tobacco leaves are mixed with tree fungus ash or other ash derived from burning driftwood, alder bush or willow bush to form a thick chewable product.

B. A smokeless tobacco-containing product that is designed for oral use, in which finely ground tobacco is mixed with aromatic substances, salts, water, and other hydrating agents to form a tobacco-based paste that is sold in toothpaste-like tubes.

C. A smokeless tobacco-containing product that is designed for oral use, composed of toasted tobacco in a powdered form.

D. A smokeless tobacco containing product that is designed for oral use, in which ground tobacco, humectants, preservatives and flavours are compressed into strips.",B,1_1,creamy snuff,http://addictovocab.org/ADDICTO_0000971,10,"Health & Medicine, Addiction Ontology"
"In the ontology of Addiction, which of the following definitions best describes 'khaini'?","A. A smokeless tobacco-containing product that is designed for oral use, in which sun-dried, roasted, and finely chopped tobacco is mixed with areca nut, slaked lime (calcium hydroxide), catechu, and other condiments, sweeteners, and flavourings to create dry granular product.

B. A smokeless tobacco-containing product that is designed for oral use, in which fine leaf tobacco dust is mixed with molasses, red soil, lime, and water to form a tobacco-based paste.

C. A smokeless tobacco containing product that is designed for oral use, that in which ground tobacco is mixed with various flavouring agents like cinnamon, fruit and mint to form a sugar-free tablet.

D. A smokeless tobacco-containing product that is designed for oral use, in which sun-dried or fermented coarsely cut tobacco leaves are mixed with slaked lime and sometimes areca nut to create a flaky form.",D,1_1,khaini,http://addictovocab.org/ADDICTO_0000972,10,"Health & Medicine, Addiction Ontology"
"In the ontology of Addiction, which of the following definitions best describes 'liquid'?","A. A quality of a population that is the degree of variation among members of the population on some valued attribute.

B. A quality inhering in an e-cigarette atomiser.

C. A quality that inheres in some independent continuant and involves a detrimental change in the bearer's condition compared with a normative or previously existing condition.

D. A quality of a substance having no fixed shape but a fixed volume.",D,1_1,liquid,http://addictovocab.org/ADDICTO_0000973,5,"Health & Medicine, Addiction Ontology"
"In the ontology of Addiction, which of the following definitions best describes 'dry snuff'?","A. A smokeless tobacco-containing product that is designed for oral use, in which pyrolysed (burned and decomposed) tobacco leaves are mixed with ash of tendu leaves to form a fine powder.

B. A smokeless tobacco-containing product that is designed for oral use, in which cured tobacco, coriander seeds, and other spices are fried separately and ground, then mixed with aromatic resinous oils to form a coarse powder.

C. A smokeless tobacco-containing product that is designed for oral use, composed of dried tobacco leaves, ash, cottonseed or sesame oil, water and sometimes gum which are rolled into balls.

D. A smokeless tobacco-containing product that is designed for nasal use, in which tobacco is processed into dry fine powder.",D,1_1,dry snuff,http://addictovocab.org/ADDICTO_0000974,10,"Health & Medicine, Addiction Ontology"
"In the ontology of Addiction, which of the following definitions best describes 'kharra'?","A. A smokeless tobacco-containing product that is designed for oral use, in which tobacco leaves are crushed and boiled into a sticky, heavy black liquid, which is allowed to mature and seasoned with different ingredients (that vary according to region) to create a tobacco-based paste.

B. A smokeless tobacco containing product that is designed for oral use, which is composed of sun or heat dried tobacco leaves mixed with slaked lime, water, ash from tree bark, oil or butter flavourings and colouring agents that are rolled into a ball.

C. A smokeless tobacco-containing product that is designed for oral use, in which tobacco is mixed with areca nut, lime, catechu and additional ingredients to form a coarse powder.

D. A smokeless tobacco containing product that is designed for oral use, that in which ground tobacco is mixed with various flavouring agents like cinnamon, fruit and mint to form a sugar-free tablet.",C,1_1,kharra,http://addictovocab.org/ADDICTO_0000975,10,"Health & Medicine, Addiction Ontology"
"In the ontology of Addiction, which of the following definitions best describes 'energy-enhanced snuff'?","A. A smokeless tobacco-containing product that is designed for oral use, in which boiled tobacco leaves (minus stalks, stems and veins) are soaked in water, then flavoured with powdered spices (e.g., saffron, cardamom, aniseed) and additives such as musk and then prepared into a thick paste that may also be formed into granules or pellets.

B. A smokeless tobacco-containing product that is designed for oral use, in which the tobacco leaf, stems, and seeds are fermented, air- and/or fire-cured, mixed with different flavourings, augmented with stimulants (caffeine, ginseng), taurine, and vitamins B and C, and processed into moist fine particles (fine cut) or strips (long cut).

C. A smokeless tobacco-containing product that is designed for nasal use, in which dark coloured Mapacho tobacco, inner bark of Mocambo tree and cacahuilo tree are mixed to form an extremely fine dust.

D. A smokeless tobacco containing product that is designed for oral use, in which ground tobacco, humectants, preservatives and flavours are compressed to form tablets.",B,1_1,energy-enhanced snuff,http://addictovocab.org/ADDICTO_0000977,10,"Health & Medicine, Addiction Ontology"
"In the ontology of Addiction, which of the following definitions best describes 'kiwam'?","A. A smokeless tobacco-containing product that is designed for oral use, in which fine leaf tobacco dust is mixed with molasses, red soil, lime, and water to form a tobacco-based paste.

B. A smokeless tobacco-containing product that is designed for nasal use, in which dark coloured Mapacho tobacco, inner bark of Mocambo tree and cacahuilo tree are mixed to form an extremely fine dust.

C. A smokeless tobacco-containing product, in which sun-dried, fermented, then ground and aged tobacco leaves are mixed with a solution of baking soda and water to create a moist form that can be rolled into a ball (called a saffa).

D. A smokeless tobacco-containing product that is designed for oral use, in which boiled tobacco leaves (minus stalks, stems and veins) are soaked in water, then flavoured with powdered spices (e.g., saffron, cardamom, aniseed) and additives such as musk and then prepared into a thick paste that may also be formed into granules or pellets.",D,1_1,kiwam,http://addictovocab.org/ADDICTO_0000978,10,"Health & Medicine, Addiction Ontology"
"In the ontology of Addiction, which of the following definitions best describes 'gudakhu'?","A. A smokeless tobacco-containing product that is designed for oral use, in which fine leaf tobacco dust is mixed with molasses, red soil, lime, and water to form a tobacco-based paste.

B. A smokeless tobacco-containing product that is designed for oral use, in which fire- or air-cured tobacco leaves are mixed with tree fungus ash or other ash derived from burning driftwood, alder bush or willow bush to form a thick chewable product.

C. A smokeless tobacco-containing product that is designed for oral use, in which boiled tobacco leaves (minus stalks, stems and veins) are soaked in water, then flavoured with powdered spices (e.g., saffron, cardamom, aniseed) and additives such as musk and then prepared into a thick paste that may also be formed into granules or pellets.

D. A smokeless tobacco-containing product that is formed of dry finely-ground tobacco and is placed by a person in the nasal cavity.",A,1_1,gudakhu,http://addictovocab.org/ADDICTO_0000980,10,"Health & Medicine, Addiction Ontology"
"In the ontology of Addiction, which of the following definitions best describes 'loose leaf'?","A. A smokeless tobacco-containing product that is designed for oral use, in which leaf tobacco is air-cured, stemmed, sweetened and flavoured with sugar and liquorice, and cut or granulated into small strips of shredded tobacco

B. A smokeless tobacco-containing product that is designed for oral use, in which pyrolysed (burned and decomposed) tobacco leaves are mixed with ash of tendu leaves to form a fine powder.

C. A smokeless tobacco containing product that is designed for either oral or nasal use, in which dry fermented tobacco is mixed with natron (a mixture of sodium bicarbonate and sodium chloride) and ground into a fine powder. It can be consumed both nasally or orally.

D. A smokeless tobacco-containing product that is designed for oral use, in which dried raw tobacco stalks and petioles (sometimes mixed with molasses and water) form loose dry sticks.",A,1_1,loose leaf,http://addictovocab.org/ADDICTO_0000982,10,"Health & Medicine, Addiction Ontology"
"In the ontology of Addiction, which of the following definitions best describes 'gul'?","A. A smokeless tobacco-containing product that is designed for oral use, in which sun-dried, roasted, and finely chopped tobacco is mixed with areca nut, slaked lime (calcium hydroxide), catechu, and other condiments, sweeteners, and flavourings to create dry granular product.

B. A smokeless tobacco containing product that is designed for either oral or nasal use, in which dry fermented tobacco is mixed with natron (a mixture of sodium bicarbonate and sodium chloride) and ground into a fine powder. It can be consumed both nasally or orally.

C. A smokeless tobacco-containing product that is formed of dry finely-ground tobacco and is placed by a person in the nasal cavity.

D. A smokeless tobacco-containing product that is designed for oral use, in which pyrolysed (burned and decomposed) tobacco leaves are mixed with ash of tendu leaves to form a fine powder.",D,1_1,gul,http://addictovocab.org/ADDICTO_0000983,10,"Health & Medicine, Addiction Ontology"
"In the ontology of Addiction, which of the following definitions best describes 'mainpuri'?","A. A smokeless tobacco-containing product that is designed for oral use, which is composed of small pieces of tobacco leaves treated in slaked lime, finely cut betel nut, flavouring agents and sandalwood powder to form a coarse granular mixture.

B. A smokeless tobacco-containing product that is designed for nasal use, in which tobacco is processed into dry fine powder.

C. A smokeless tobacco-containing product that is designed for oral use, in which tobacco leaves are crushed and boiled into a sticky, heavy black liquid, which is allowed to mature and seasoned with different ingredients (that vary according to region) to create a tobacco-based paste.

D. A smokeless tobacco-containing product that is designed for oral use, which is composed of finely ground tobacco , chewing gum base and xylitol.",A,1_1,mainpuri,http://addictovocab.org/ADDICTO_0000984,10,"Health & Medicine, Addiction Ontology"
"In the ontology of Addiction, which of the following definitions best describes 'maras'?","A. A smokeless tobacco-containing product that is designed for oral use, composed of sun-cured tobacco flakes, thin shavings of areca nut and slaked lime.

B. A smokeless tobacco containing product that is designed for oral use, which is composed of sun or heat dried tobacco leaves mixed with slaked lime, water, ash from tree bark, oil or butter flavourings and colouring agents that are rolled into a ball.

C. A smokeless tobacco-containing product that is designed for oral use, which is composed of finely ground tobacco , chewing gum base and xylitol.

D. A smokeless tobacco-containing product that is designed for oral use, in which sun-dried tobacco is mixed with ashes from oak, walnut and grapewine and then sprinkled with water to form a moist powder",D,1_1,maras,http://addictovocab.org/ADDICTO_0000985,10,"Health & Medicine, Addiction Ontology"
"In the ontology of Addiction, which of the following definitions best describes 'mawa'?","A. A smokeless tobacco containing product that is designed for oral use, in which ground tobacco, humectants, preservatives and flavours are compressed into strips.

B. A smokeless tobacco-containing product that is designed for oral use, composed of sun-cured tobacco flakes, thin shavings of areca nut and slaked lime.

C. A tobacco-containing product in which the tobacco is processed to enable absorption of a some tobacco constituent through an epithelial membrane.

D. A smokeless tobacco-containing product that is designed for oral use, which is composed of nicotine with flavours like strawberry, peppermint, spearmint, coffee, cinnamon etc and is placed in the mouth like a toothpick.",B,1_1,mawa,http://addictovocab.org/ADDICTO_0000986,10,"Health & Medicine, Addiction Ontology"
"In the ontology of Addiction, which of the following definitions best describes 'mishri'?","A. A smokeless tobacco containing product that is designed for oral use, in which ground tobacco, humectants, preservatives and flavours are compressed into soft pellets.

B. A smokeless tobacco-containing product that is designed for oral use, in which fire- or air-cured tobacco leaves are mixed with tree fungus ash or other ash derived from burning driftwood, alder bush or willow bush to form a thick chewable product.

C. A smokeless tobacco-containing product that is designed for oral use, in which the tobacco leaf, stems, and seeds are fermented, air- and/or fire-cured, mixed with different flavourings, augmented with stimulants (caffeine, ginseng), taurine, and vitamins B and C, and processed into moist fine particles (fine cut) or strips (long cut).

D. A smokeless tobacco-containing product that is designed for oral use, composed of toasted tobacco in a powdered form.",D,1_1,mishri,http://addictovocab.org/ADDICTO_0000987,10,"Health & Medicine, Addiction Ontology"
"In the ontology of Addiction, which of the following definitions best describes 'moist snuff'?","A. A smokeless tobacco-containing product that is designed for oral use, which is composed of fermented, air- or fire-cured tobacco mixed with flavourings (spices, essential oils, extracts), sweeteners, inorganic salts, humectants and preservatives and processed into moist fine particles (fine cut) or strips (long cut).

B. A smokeless tobacco-containing product that is designed for oral use, in which cured tobacco, coriander seeds, and other spices are fried separately and ground, then mixed with aromatic resinous oils to form a coarse powder.

C. A smokeless tobacco containing product that is designed for oral use, in which finely ground tobacco, mint or cinnamon flavouring are mixed to form pellets.

D. A smokeless tobacco-containing product that is designed for oral use, which is composed of small pieces of tobacco leaves treated in slaked lime, finely cut betel nut, flavouring agents and sandalwood powder to form a coarse granular mixture.",A,1_1,moist snuff,http://addictovocab.org/ADDICTO_0000988,10,"Health & Medicine, Addiction Ontology"
"In the ontology of Addiction, which of the following definitions best describes 'nass'?","A. A smokeless tobacco-containing product that is designed for oral use, in which unprocessed and crushed tobacco leaves are bundled in strands.

B. A smokeless tobacco containing product that is designed for oral use, in which tobacco, slaked lime, ash, black pepper, oil, flavourings, bombosa (sodium carbonate) are mixed to form a dry product.

C. A smokeless tobacco containing product that is designed for oral use, in which ground tobacco, humectants, preservatives and flavours are compressed into soft pellets.

D. A smokeless tobacco-containing product that is designed for oral use, composed of dried tobacco leaves, ash, cottonseed or sesame oil, water and sometimes gum which are rolled into balls.",D,1_1,nass,http://addictovocab.org/ADDICTO_0000989,10,"Health & Medicine, Addiction Ontology"
"In the ontology of Addiction, which of the following definitions best describes 'nasway'?","A. A smokeless tobacco containing product that is designed for oral use, which is composed of sun or heat dried tobacco leaves mixed with slaked lime, water, ash from tree bark, oil or butter flavourings and colouring agents that are rolled into a ball.

B. A smokeless tobacco containing product that is designed for oral use, in which Burley and bright tobacco or cigar tobacco leaves, liquorice, and sugar are mixed to form a moist product.

C. A smokeless tobacco-containing product that is designed for oral use, in which different types of tobacco (often zarda or surti) are combined with a mix of areca nut, catechu, slaked lime (calcium hydroxide) and flavorings such as peppermint, cardamom to form a wet mixture.

D. A smokeless tobacco-containing product that is designed for oral use, which is composed of finely ground tobacco , chewing gum base and xylitol.",A,1_1,nasway,http://addictovocab.org/ADDICTO_0000990,10,"Health & Medicine, Addiction Ontology"
"In the ontology of Addiction, which of the following definitions best describes 'neffa'?","A. A smokeless tobacco containing product that is designed for nasal use, in which dried tobacco leaf, flavourings such as tonka bean, clove, cinnamon powder, camphor, and in some cases, ashes from select trees are mixed to form a fine powder.

B. A smokeless tobacco containing product that is designed for oral use, in which ground tobacco, humectants, preservatives and flavours are compressed to form sticks.

C. A smokeless tobacco-containing product that is designed for oral use, in which fire- or air-cured tobacco leaves are mixed with tree fungus ash or other ash derived from burning driftwood, alder bush or willow bush to form a thick chewable product.

D. A smokeless tobacco containing product that is designed for nasal use, that is composed of dried tobacco and made into a fine powder.",D,1_1,neffa,http://addictovocab.org/ADDICTO_0000991,10,"Health & Medicine, Addiction Ontology"
"In the ontology of Addiction, which of the following definitions best describes 'orbs'?","A. A smokeless tobacco containing product that is designed for oral use, in which ground tobacco, humectants, preservatives and flavours are compressed into soft pellets.

B. A smokeless tobacco containing product that is designed for oral use, in which finely ground tobacco, mint or cinnamon flavouring are mixed to form pellets.

C. A smokeless tobacco-containing product that is designed for oral use, in which fire- or air-cured tobacco leaves are mixed with tree fungus ash or other ash derived from burning driftwood, alder bush or willow bush to form a thick chewable product.

D. A tobacco-containing product in which the tobacco is processed to enable absorption of a some tobacco constituent through an epithelial membrane.",B,1_1,orbs,http://addictovocab.org/ADDICTO_0000992,10,"Health & Medicine, Addiction Ontology"
"In the ontology of Addiction, which of the following definitions best describes 'pandharpuri'?","A. A smokeless tobacco containing product that is designed for oral use, in which sun/fire dried tobacco leaves are mixed with ash to form a quid.

B. A smokeless tobacco-containing product that is manufactured to be held in the mouth.

C. A smokeless tobacco containing product that is designed for oral use, which is composed of dried tobacco flakes.

D. A smokeless tobacco containing product that is designed for oral use, which is composed of tobacco which is sometimes flavoured with menthol and sold as small teabag like pouches.",C,1_1,pandharpuri,http://addictovocab.org/ADDICTO_0000993,10,"Health & Medicine, Addiction Ontology"
"In the ontology of Addiction, which of the following definitions best describes 'pattiwala'?","A. A smokeless tobacco containing product that is designed for oral use, which is composed of sun-dried flaked tobacco mixed with or without lime.

B. A smokeless tobacco-containing product that is designed for oral use, which is composed of fermented, air- or fire-cured tobacco mixed with flavourings (spices, essential oils, extracts), sweeteners, inorganic salts, humectants and preservatives and processed into moist fine particles (fine cut) or strips (long cut).

C. A smokeless tobacco-containing product that is formed of dry finely-ground tobacco and is placed by a person in the nasal cavity.

D. A smokeless tobacco-containing product that is designed for oral use, in which unprocessed and crushed tobacco leaves are bundled in strands.",A,1_1,pattiwala,http://addictovocab.org/ADDICTO_0000994,10,"Health & Medicine, Addiction Ontology"
"In the ontology of Addiction, which of the following definitions best describes 'pituri'?","A. A smokeless tobacco containing product that is designed for either oral or nasal use, which is composed of dried tobacco leaf with, saltpeter (potassium nitrate) and ashes which are ground into a fine powder.

B. A smokeless tobacco containing product that is designed for oral use, in which sun/fire dried tobacco leaves are mixed with ash to form a quid.

C. A smokeless tobacco-containing product that is designed for oral use, in which air- or fire-cured burley tobacco leaf is treated with a tar-like tobacco leaf extract and sometimes sweeteners and other flavourings, then twisted into rope-like strands that are dried and braided.

D. A smokeless tobacco containing product that is designed for oral use, in which tobacco, slaked lime, ash, black pepper, oil, flavourings, bombosa (sodium carbonate) are mixed to form a dry product.",B,1_1,pituri,http://addictovocab.org/ADDICTO_0000995,10,"Health & Medicine, Addiction Ontology"
"In the ontology of Addiction, which of the following definitions best describes 'plug'?","A. A smokeless tobacco containing product that is designed for oral use, in which tobacco, slaked lime, ash, black pepper, oil, flavourings, bombosa (sodium carbonate) are mixed to form a wet product.

B. A smokeless tobacco-containing product that is designed for oral use, in which different types of tobacco (often zarda or surti) are combined with a mix of areca nut, catechu, slaked lime (calcium hydroxide) and flavorings such as peppermint, cardamom to form a wet mixture.

C. A smokeless tobacco containing product that is designed for oral use, in which Burley and bright tobacco or cigar tobacco leaves, liquorice, and sugar are mixed to form a moist product.

D. A smokeless tobacco-containing product that is designed for oral use, in which dried raw tobacco stalks and petioles (sometimes mixed with molasses and water) form loose dry sticks.",C,1_1,plug,http://addictovocab.org/ADDICTO_0000996,10,"Health & Medicine, Addiction Ontology"
"In the ontology of Addiction, which of the following definitions best describes 'portion snus'?","A. A smokeless tobacco containing product that is designed for oral use, which is composed of moist finely ground tobacco that is packaged into small teabag like sachets.

B. A smokeless tobacco-containing product that is designed for oral use, in which boiled and dried tobacco leaves are mixed with lime, spices and vegetable dyes (sometimes areca nut and/or silver flecks) to make a flaky product.

C. A smokeless tobacco-containing product that is designed for oral use, in which different types of tobacco (often zarda or surti) are combined with a mix of areca nut, catechu, slaked lime (calcium hydroxide) and flavorings such as peppermint, cardamom to form a wet mixture.

D. A smokeless tobacco containing product that is designed for oral use, in which Burley and bright tobacco or cigar tobacco leaves, liquorice, and sugar are mixed to form a moist product.",A,1_1,portion snus,http://addictovocab.org/ADDICTO_0000997,10,"Health & Medicine, Addiction Ontology"
"In the ontology of Addiction, which of the following definitions best describes 'rapè'?","A. A smokeless tobacco containing product that is designed for nasal use, in which dried tobacco leaf, flavourings such as tonka bean, clove, cinnamon powder, camphor, and in some cases, ashes from select trees are mixed to form a fine powder.

B. A smokeless tobacco-containing product that is designed for oral use, composed of dried tobacco leaves, ash, cottonseed or sesame oil, water and sometimes gum which are rolled into balls.

C. A smokeless tobacco-containing product that is designed for oral use, which is composed of finely ground tobacco , chewing gum base and xylitol.

D. A smokeless tobacco-containing product that is designed for oral use in which dried tobacco is mixed with varied additives to create a moist, ground form.",A,1_1,rapè,http://addictovocab.org/ADDICTO_0000998,10,"Health & Medicine, Addiction Ontology"
"In the ontology of Addiction, which of the following definitions best describes 'red toothpowder'?","A. A smokeless tobacco-containing product that is designed for oral use, which is composed of finely ground tobacco , chewing gum base and xylitol.

B. A smokeless tobacco containing product that is designed for oral use, which is composed of moist finely ground tobacco that is packaged into small teabag like sachets.

C. A smokeless tobacco-containing product that is designed for nasal use, in which tobacco is processed into dry fine powder.

D. A smokeless tobacco containing product that is designed for oral use, in which tobacco, herbs and flavourings are mixed to form a fine red powder.",D,1_1,red toothpowder,http://addictovocab.org/ADDICTO_0000999,10,"Health & Medicine, Addiction Ontology"
"In the ontology of Addiction, which of the following definitions best describes 'black shammah'?","A. A smokeless tobacco containing product that is designed for oral use, in which tobacco, herbs and flavourings are mixed to form a fine red powder.

B. A smokeless tobacco-containing product that is designed for oral use, composed of sun-cured tobacco flakes, thin shavings of areca nut and slaked lime.

C. A smokeless tobacco-containing product that is designed for oral use, which is composed of nicotine with flavours like strawberry, peppermint, spearmint, coffee, cinnamon etc and is placed in the mouth like a toothpick.

D. A smokeless tobacco containing product that is designed for oral use, in which tobacco, slaked lime, ash, black pepper, oil, flavourings, bombosa (sodium carbonate) are mixed to form a wet product.",D,1_1,black shammah,http://addictovocab.org/ADDICTO_0001000,10,"Health & Medicine, Addiction Ontology"
"In the ontology of Addiction, which of the following definitions best describes 'snuff'?","A. A smokeless tobacco-containing product that is designed for oral use, composed of toasted tobacco in a powdered form.

B. A smokeless tobacco containing product that is designed for oral use, in which finely ground tobacco, mint or cinnamon flavouring are mixed to form pellets.

C. A smokeless tobacco-containing product in which the tobacco is finely ground to make it suitable for oral or nasal consumption.

D. A smokeless tobacco-containing product that is designed for nasal use, in which tobacco is processed into dry fine powder.",C,1_1,snuff,http://addictovocab.org/ADDICTO_0001001,10,"Health & Medicine, Addiction Ontology"
"In the ontology of Addiction, which of the following definitions best describes 'soft pellete'?","A. A smokeless tobacco-containing product that is designed for oral use, which is composed of small pieces of tobacco leaves treated in slaked lime, finely cut betel nut, flavouring agents and sandalwood powder to form a coarse granular mixture.

B. A smokeless tobacco containing product that is designed for oral use, in which ground tobacco, humectants, preservatives and flavours are compressed into soft pellets.

C. A smokeless tobacco-containing product that is designed for oral use, in which air- or fire-cured burley tobacco leaf is treated with a tar-like tobacco leaf extract and sometimes sweeteners and other flavourings, then twisted into rope-like strands that are dried and braided.

D. A tobacco-containing product in which the tobacco is processed to enable absorption of a some tobacco constituent through an epithelial membrane.",B,1_1,soft pellete,http://addictovocab.org/ADDICTO_0001002,10,"Health & Medicine, Addiction Ontology"
"In the ontology of Addiction, which of the following definitions best describes 'sticks'?","A. A smokeless tobacco containing product that is designed for oral use, which is composed of sun-dried flaked tobacco mixed with or without lime.

B. A smokeless tobacco-containing product that is designed for oral use, in which finely ground tobacco is mixed with aromatic substances, salts, water, and other hydrating agents to form a tobacco-based paste that is sold in toothpaste-like tubes.

C. A smokeless tobacco containing product that is designed for nasal use, that is composed of dried tobacco and made into a fine powder.

D. A smokeless tobacco containing product that is designed for oral use, in which ground tobacco, humectants, preservatives and flavours are compressed to form sticks.",D,1_1,sticks,http://addictovocab.org/ADDICTO_0001003,10,"Health & Medicine, Addiction Ontology"
"In the ontology of Addiction, which of the following definitions best describes 'strips'?","A. A smokeless tobacco containing product that is designed for oral use, in which ground tobacco, humectants, preservatives and flavours are compressed into strips.

B. A smokeless tobacco-containing product that is designed for oral use, which is composed of finely ground tobacco , chewing gum base and xylitol.

C. A smokeless tobacco-containing product that is designed for oral use, in which tobacco smoke is passed through water and the resulting tobacco water is sold in glass bottles.

D. A smokeless tobacco-containing product that is designed for oral use, in which the tobacco leaf, stems, and seeds are fermented, air- and/or fire-cured, mixed with different flavourings, augmented with stimulants (caffeine, ginseng), taurine, and vitamins B and C, and processed into moist fine particles (fine cut) or strips (long cut).",A,1_1,strips,http://addictovocab.org/ADDICTO_0001004,10,"Health & Medicine, Addiction Ontology"
"In the ontology of Addiction, which of the following definitions best describes 'taaba'?","A. A smokeless tobacco containing product that is designed for oral use, which is composed of moist finely ground tobacco that is packaged into small teabag like sachets.

B. A smokeless tobacco-containing product that is designed for oral use, which is composed of nicotine with flavours like strawberry, peppermint, spearmint, coffee, cinnamon etc and is placed in the mouth like a toothpick.

C. A smokeless tobacco containing product that is designed for either oral or nasal use, in which dry fermented tobacco is mixed with natron (a mixture of sodium bicarbonate and sodium chloride) and ground into a fine powder. It can be consumed both nasally or orally.

D. A smokeless tobacco-containing product that is designed for oral use, in which sun-dried, roasted, and finely chopped tobacco is mixed with areca nut, slaked lime (calcium hydroxide), catechu, and other condiments, sweeteners, and flavourings to create dry granular product.",C,1_1,taaba,http://addictovocab.org/ADDICTO_0001005,10,"Health & Medicine, Addiction Ontology"
"In the ontology of Addiction, which of the following definitions best describes 'taboka'?","A. A smokeless tobacco containing product that is designed for either oral or nasal use, in which dry fermented tobacco is mixed with natron (a mixture of sodium bicarbonate and sodium chloride) and ground into a fine powder. It can be consumed both nasally or orally.

B. A smokeless tobacco-containing product that is designed for oral use, in which tobacco is mixed with areca nut, lime, catechu and additional ingredients to form a coarse powder.

C. A smokeless tobacco containing product that is designed for oral use, which is composed of tobacco which is sometimes flavoured with menthol and sold as small teabag like pouches.

D. A smokeless tobacco-containing product that is designed for oral use, in which dried raw tobacco stalks and petioles (sometimes mixed with molasses and water) form loose dry sticks.",C,1_1,taboka,http://addictovocab.org/ADDICTO_0001006,10,"Health & Medicine, Addiction Ontology"
"In the ontology of Addiction, which of the following definitions best describes 'tawa'?","A. A smokeless tobacco-containing product that is designed for oral use, in which fire- or air-cured tobacco leaves are mixed with tree fungus ash or other ash derived from burning driftwood, alder bush or willow bush to form a thick chewable product.

B. A smokeless tobacco containing product that is designed for oral use, which is composed of tobacco which is sometimes flavoured with menthol and sold as small teabag like pouches.

C. A smokeless tobacco containing product that is designed for either oral or nasal use, which is composed of dried tobacco leaf with, saltpeter (potassium nitrate) and ashes which are ground into a fine powder.

D. A smokeless tobacco-containing product that is designed for oral use, in which tobacco leaves are crushed and boiled into a sticky, heavy black liquid, which is allowed to mature and seasoned with different ingredients (that vary according to region) to create a tobacco-based paste.",C,1_1,tawa,http://addictovocab.org/ADDICTO_0001007,10,"Health & Medicine, Addiction Ontology"
"In the ontology of Addiction, which of the following definitions best describes 'tobacco chewing gum'?","A. A smokeless tobacco-containing product that is designed for oral use, which is composed of finely ground tobacco , chewing gum base and xylitol.

B. A smokeless tobacco containing product that is designed for either oral or nasal use, which is composed of dried tobacco leaf with, saltpeter (potassium nitrate) and ashes which are ground into a fine powder.

C. A smokeless tobacco-containing product that is designed for oral use, in which the tobacco leaf, stems, and seeds are fermented, air- and/or fire-cured, mixed with different flavourings, augmented with stimulants (caffeine, ginseng), taurine, and vitamins B and C, and processed into moist fine particles (fine cut) or strips (long cut).

D. A smokeless tobacco containing product that is designed for oral use, in which tobacco, herbs and flavourings are mixed to form a fine red powder.",A,1_1,tobacco chewing gum,http://addictovocab.org/ADDICTO_0001008,10,"Health & Medicine, Addiction Ontology"
"In the ontology of Addiction, which of the following definitions best describes 'tobacco coated toothpick'?","A. A smokeless tobacco-containing product that is designed for oral use in which tobacco is wrapped in a betel leaf.

B. A smokeless tobacco containing product that is designed for oral use, in which ground tobacco, humectants, preservatives and flavours are compressed to form sticks.

C. A smokeless tobacco containing product that is designed for oral use, in which Burley and bright tobacco or cigar tobacco leaves, liquorice, and sugar are mixed to form a moist product.

D. A smokeless tobacco-containing product that is designed for oral use, which is composed of nicotine with flavours like strawberry, peppermint, spearmint, coffee, cinnamon etc and is placed in the mouth like a toothpick.",D,1_1,tobacco coated toothpick,http://addictovocab.org/ADDICTO_0001009,10,"Health & Medicine, Addiction Ontology"
"In the ontology of Addiction, which of the following definitions best describes 'tobacco lozenges'?","A. A smokeless tobacco containing product that is designed for oral use, in which finely ground tobacco, mint or cinnamon flavouring are mixed to form pellets.

B. A smokeless tobacco containing product that is designed for either oral or nasal use, in which dry fermented tobacco is mixed with natron (a mixture of sodium bicarbonate and sodium chloride) and ground into a fine powder. It can be consumed both nasally or orally.

C. A smokeless tobacco containing product that is designed for oral use, that in which ground tobacco is mixed with various flavouring agents like cinnamon, fruit and mint to form a sugar-free tablet.

D. A smokeless tobacco-containing product that is designed for oral use, in which cured tobacco, coriander seeds, and other spices are fried separately and ground, then mixed with aromatic resinous oils to form a coarse powder.",C,1_1,tobacco lozenges,http://addictovocab.org/ADDICTO_0001010,10,"Health & Medicine, Addiction Ontology"
"In the ontology of Addiction, which of the following definitions best describes 'tobacco tablets'?","A. A smokeless tobacco containing product that is designed for oral use, in which ground tobacco, humectants, preservatives and flavours are compressed to form tablets.

B. A smokeless tobacco containing product that is designed for oral use, which is composed of tobacco which is sometimes flavoured with menthol and sold as small teabag like pouches.

C. A smokeless tobacco containing product that is designed for oral use, which is composed of sun or heat dried tobacco leaves mixed with slaked lime, water, ash from tree bark, oil or butter flavourings and colouring agents that are rolled into a ball.

D. A smokeless tobacco-containing product that is designed for oral use, which is composed of fermented, air- or fire-cured tobacco mixed with flavourings (spices, essential oils, extracts), sweeteners, inorganic salts, humectants and preservatives and processed into moist fine particles (fine cut) or strips (long cut).",A,1_1,tobacco tablets,http://addictovocab.org/ADDICTO_0001011,10,"Health & Medicine, Addiction Ontology"
"In the ontology of Addiction, which of the following definitions best describes 'toombak'?","A. A smokeless tobacco-containing product, in which sun-dried, fermented, then ground and aged tobacco leaves are mixed with a solution of baking soda and water to create a moist form that can be rolled into a ball (called a saffa).

B. A smokeless tobacco-containing product that is designed for oral use, which is composed of nicotine with flavours like strawberry, peppermint, spearmint, coffee, cinnamon etc and is placed in the mouth like a toothpick.

C. A smokeless tobacco-containing product that is designed for oral use, in which cured tobacco, coriander seeds, and other spices are fried separately and ground, then mixed with aromatic resinous oils to form a coarse powder.

D. A smokeless tobacco-containing product that is designed for oral use, in which fine leaf tobacco dust is mixed with molasses, red soil, lime, and water to form a tobacco-based paste.",A,1_1,toombak,http://addictovocab.org/ADDICTO_0001012,10,"Health & Medicine, Addiction Ontology"
"In the ontology of Addiction, which of the following definitions best describes 'tuibur'?","A. A smokeless tobacco-containing product that is formed of dry finely-ground tobacco and is placed by a person in the nasal cavity.

B. A smokeless tobacco containing product that is designed for oral use, which is composed of sun or heat dried tobacco leaves mixed with slaked lime, water, ash from tree bark, oil or butter flavourings and colouring agents that are rolled into a ball.

C. A smokeless tobacco containing product that is designed for oral use, which is composed of moist finely ground tobacco that is packaged into small teabag like sachets.

D. A smokeless tobacco-containing product that is designed for oral use, in which tobacco smoke is passed through water and the resulting tobacco water is sold in glass bottles.",D,1_1,tuibur,http://addictovocab.org/ADDICTO_0001013,10,"Health & Medicine, Addiction Ontology"
"In the ontology of Addiction, which of the following definitions best describes 'twist'?","A. A smokeless tobacco containing product that is designed for oral use, which is composed of sun or heat dried tobacco leaves mixed with slaked lime, water, ash from tree bark, oil or butter flavourings and colouring agents that are rolled into a ball.

B. A smokeless tobacco containing product that is designed for oral use, in which tobacco, slaked lime, ash, black pepper, oil, flavourings, bombosa (sodium carbonate) are mixed to form a dry product.

C. A smokeless tobacco-containing product, in which raw tobacco leaf is powdered, flaked or sold in bundles of several long strands.

D. A smokeless tobacco-containing product that is designed for oral use, in which air- or fire-cured burley tobacco leaf is treated with a tar-like tobacco leaf extract and sometimes sweeteners and other flavourings, then twisted into rope-like strands that are dried and braided.",D,1_1,twist,http://addictovocab.org/ADDICTO_0001014,10,"Health & Medicine, Addiction Ontology"
"In the ontology of Addiction, which of the following definitions best describes 'zarda'?","A. A smokeless tobacco-containing product that is designed for oral use, in which leaf tobacco is air-cured, stemmed, sweetened and flavoured with sugar and liquorice, and cut or granulated into small strips of shredded tobacco

B. A smokeless tobacco-containing product that is designed for oral use, in which finely ground tobacco is mixed with aromatic substances, salts, water, and other hydrating agents to form a tobacco-based paste that is sold in toothpaste-like tubes.

C. A smokeless tobacco-containing product that is designed for oral use, in which boiled and dried tobacco leaves are mixed with lime, spices and vegetable dyes (sometimes areca nut and/or silver flecks) to make a flaky product.

D. A smokeless tobacco-containing product that is formed of dry finely-ground tobacco and is placed by a person in the nasal cavity.",C,1_1,zarda,http://addictovocab.org/ADDICTO_0001015,10,"Health & Medicine, Addiction Ontology"
"In the ontology of Addiction, which of the following definitions best describes 'afzal'?","A. A smokeless tobacco-containing product that is designed for oral use, which is composed of fermented, air- or fire-cured tobacco mixed with flavourings (spices, essential oils, extracts), sweeteners, inorganic salts, humectants and preservatives and processed into moist fine particles (fine cut) or strips (long cut).

B. A smokeless tobacco-containing product that is designed for oral use, in which sun-dried, roasted, and finely chopped tobacco is mixed with areca nut, slaked lime (calcium hydroxide), catechu, and other condiments, sweeteners, and flavourings to create dry granular product.

C. A smokeless tobacco containing product that is designed for nasal use, that is composed of dried tobacco and made into a fine powder.

D. A smokeless tobacco-containing product that is designed for oral use in which dried tobacco is mixed with varied additives to create a moist, ground form.",D,1_1,afzal,http://addictovocab.org/ADDICTO_0001016,10,"Health & Medicine, Addiction Ontology"
"In the ontology of Addiction, which of the following definitions best describes 'material entity'?","A. An independent continuant that is spatially extended whose identity is independent of that of other entities and can be maintained through time.

B. An entity that can bear roles, has members, and has a set of organization rules. Members of organizations are either organizations themselves or individual people. Members can bear specific organization member roles that are determined in the organization rules. The organization rules also determine how decisions are made on behalf of the organization by the organization members.

C. A material entity consisting of multiple components that are causally integrated.

D. An object aggregate consisting of an organism and all material entities located within the organism, overlapping the organism, or occupying sites formed in part by the organism.",A,1_1,material entity,http://purl.obolibrary.org/obo/BFO_0000040,4,"Health & Medicine, Addiction Ontology"
"In the ontology of Addiction, which of the following definitions best describes 'white shammah'?","A. A smokeless tobacco containing product that is designed for oral use, which is composed of dried tobacco flakes.

B. A smokeless tobacco containing product that is designed for oral use, in which tobacco, slaked lime, ash, black pepper, oil, flavourings, bombosa (sodium carbonate) are mixed to form a dry product.

C. A smokeless tobacco-containing product that is designed for oral use, in which fire- or air-cured tobacco leaves are mixed with tree fungus ash or other ash derived from burning driftwood, alder bush or willow bush to form a thick chewable product.

D. A smokeless tobacco-containing product that is designed for oral use, in which unprocessed and crushed tobacco leaves are bundled in strands.",B,1_1,white shammah,http://addictovocab.org/ADDICTO_0001020,10,"Health & Medicine, Addiction Ontology"
"In the ontology of Addiction, which of the following definitions best describes 'oral smokeless tobacco leaf'?","A. A smokeless tobacco-containing product that is formed of dry finely-ground tobacco and is placed by a person in the nasal cavity.

B. A smokeless tobacco-containing product that is designed for both oral or nasal use, in which fermented, roasted tobacco (sometimes with flavourings) is made into a dry, fine powder.

C. A smokeless tobacco-containing product, in which raw tobacco leaf is powdered, flaked or sold in bundles of several long strands.

D. A smokeless tobacco-containing product that is designed for oral use, in which tobacco is mixed with areca nut, lime, catechu and additional ingredients to form a coarse powder.",C,1_1,oral smokeless tobacco leaf,http://addictovocab.org/ADDICTO_0001021,10,"Health & Medicine, Addiction Ontology"
"In the ontology of Addiction, which of the following definitions best describes 'bajjar'?","A. A smokeless tobacco-containing product that is designed for oral use, which is composed of small pieces of tobacco leaves treated in slaked lime, finely cut betel nut, flavouring agents and sandalwood powder to form a coarse granular mixture.

B. A smokeless tobacco-containing product that is designed for both oral or nasal use, in which fermented, roasted tobacco (sometimes with flavourings) is made into a dry, fine powder.

C. A smokeless tobacco-containing product that is designed for oral use, in which fire- or air-cured tobacco leaves are mixed with tree fungus ash or other ash derived from burning driftwood, alder bush or willow bush to form a thick chewable product.

D. A smokeless tobacco containing product that is designed for oral use, which is composed of moist finely ground tobacco that is packaged into small teabag like sachets.",B,1_1,bajjar,http://addictovocab.org/ADDICTO_0001022,10,"Health & Medicine, Addiction Ontology"
"In the ontology of Addiction, which of the following definitions best describes 'drug'?","A. Any substance which when absorbed into a living organism may modify one or more of its functions. The term is generally accepted for a substance taken for a therapeutic purpose, but is also commonly used for abused substances.

B. A class of drugs producing both physiological and psychological effects through a variety of mechanisms involving the central nervous system.

C. A pharmaceutical that contains codeine.

D. An agent capable of relieving pain without the loss of consciousness or without producing anaesthesia. In addition, analgesic is a role played by a compound which is exhibited by a capability to cause a reduction of pain symptoms.",A,1_1,drug,http://purl.obolibrary.org/obo/CHEBI_23888,8,"Health & Medicine, Addiction Ontology"
"In the ontology of Addiction, which of the following definitions best describes 'FEV1'?","A. A data item referring to an amount of alcohol expressed in gram units.

B. A data item that is a measure of lung function, and is about the maximal amount of air a person can forcefully exhale in one second.

C. A data item that is the concentration of cannabinoids in a cannabis product.

D. A data item which indicates the number of puffs taken per day by a person on a cigarette.",B,1_1,FEV1,http://addictovocab.org/ADDICTO_0001028,6,"Health & Medicine, Addiction Ontology"
"In the ontology of Addiction, which of the following definitions best describes 'adverse life event'?","A. Any polyatomic entity that is an electrically neutral entity consisting of more than one atom.

B. A quality of a drug that is the amount of a desired effect of the drug for a given dose and a given mode of administration.

C. A process that involves a person and of which the person has some subjective experience of what is occurring, either at the time or later.

D. A personal experience that causes significant lasting harm to the person experiencing it.",D,1_1,adverse life event,http://addictovocab.org/ADDICTO_0001029,5,"Health & Medicine, Addiction Ontology"
"In the ontology of Addiction, which of the following definitions best describes 'personal experience'?","A. A <process> in which at least one bodily component of an organism participates.

B. A process undertaken by an organisation with the aim of increasing use of a product or service.

C. A process that is an individual human behaviour or a population behaviour.

D. A process that involves a person and of which the person has some subjective experience of what is occurring, either at the time or later.",D,1_1,personal experience,http://addictovocab.org/ADDICTO_0001366,4,"Health & Medicine, Addiction Ontology"
"In the ontology of Addiction, which of the following definitions best describes 'bodily fluid'?","A. Material anatomical entity in a gaseous, liquid, semisolid or solid state; produced by anatomical structures or derived from inhaled and ingested substances that have been modified by anatomical structures as they pass through the body.

B. Liquid components of living organisms. includes fluids that are excreted or secreted from the body as well as body water that normally is not.

C. A fluid of a biological orgin.

D. An information content entity that is used by a person or organisation to denote and promote a product.",B,1_1,bodily fluid,http://purl.obolibrary.org/obo/UBERON_0006314,9,"Health & Medicine, Addiction Ontology"
"In the ontology of Addiction, which of the following definitions best describes 'GABBR1'?","A. A person who does not suffer from opioid use disorder but who, by virtue of his or her personal qualities or environment, has an elevated probability of developing opioid use disorder in the future.

B. A person with a clinical status that indicates the person is living with COPD.

C. A person who was a tobacco smoker in the past but who is not currently a tobacco smoker.

D. A protein coding gene in humans.",D,1_1,GABBR1,http://addictovocab.org/ADDICTO_0001035,7,"Health & Medicine, Addiction Ontology"
"In the ontology of Addiction, which of the following definitions best describes 'cardiovascular system'?","A. Functional system which consists of structures involved in respiration.

B. Multicellular, connected anatomical structure that has multiple organs as parts and whose parts work together to achieve some shared function.

C. Anatomical system that has as its parts the heart and blood vessels.

D. Anatomical system that has as its parts the organs devoted to the ingestion, digestion, and assimilation of food and the discharge of residual wastes.",C,1_1,cardiovascular system,http://purl.obolibrary.org/obo/UBERON_0004535,10,"Health & Medicine, Addiction Ontology"
"In the ontology of Addiction, which of the following definitions best describes 'clinical adverse reaction to treatment'?","A. A clinical adverse event following treatment that is at least partly caused by the treatment.

B. A substance use behaviour pattern that involves tobacco use.

C. A personal attribute that inheres in a person by virtue of their bodily makeup.

D. A bodily process involving clinical signs or symptoms, or onset, prolongation or worsening of a clinical disorder or disease.",A,1_1,clinical adverse reaction to treatment,http://addictovocab.org/ADDICTO_0001042,6,"Health & Medicine, Addiction Ontology"
"In the ontology of Addiction, which of the following definitions best describes 'coronary heart disease'?","A. A cardiovascular disease in which plaque, a waxy substance, builds up inside the coronary arteries. These arteries supply oxygen-rich blood to the heart muscle.

B. A drug withdrawal syndrome that results from cessation or reduction of consumption of an opioid drug.

C. A disease involving the cardiovascular system.

D. A coronary artery disease characterised by myocardial cell death (gross myocardial necrosis), caused by interruption of the blood supply to the heart.",A,1_1,coronary heart disease,http://addictovocab.org/ADDICTO_0001049,8,"Health & Medicine, Addiction Ontology"
"In the ontology of Addiction, which of the following definitions best describes 'teenager'?","A. A person who was a substance in the past but is not currently a substance user.

B. A person who is between the ages of 13 and 19.

C. A person with a clinical status that indicates the person is living with COPD.

D. A person whose gender identity does not match their gender assigned at birth or a person who otherwise identifies as transgender",B,1_1,teenager,http://addictovocab.org/ADDICTO_0001050,7,"Health & Medicine, Addiction Ontology"
"In the ontology of Addiction, which of the following definitions best describes 'adult patient aged 18 or older with a diagnosis of opioid use disorder'?","A. A disease in which tobacco use is a significant risk factor.

B. An adult who has received and diagnosis of opioid use disorder

C. An older person who has a diagnosis of an opioid use disorder.

D. An adult with a diagnosis of an opioid use disorder that is currently a patient.",D,1_1,adult patient aged 18 or older with a diagnosis of opioid use disorder,http://addictovocab.org/ADDICTO_0001052,9,"Health & Medicine, Addiction Ontology"
"In the ontology of Addiction, which of the following definitions best describes 'digestive system'?","A. Functional system which consists of structures involved in respiration.

B. Anatomical system that has as its parts the heart and blood vessels.

C. Anatomical system that has as its parts the organs devoted to the ingestion, digestion, and assimilation of food and the discharge of residual wastes.

D. Multicellular, connected anatomical structure that has multiple organs as parts and whose parts work together to achieve some shared function.",C,1_1,digestive system,http://purl.obolibrary.org/obo/UBERON_0001007,10,"Health & Medicine, Addiction Ontology"
"In the ontology of Addiction, which of the following definitions best describes 'cocaine addiction'?","A. An addiction that is to a substance containing cocaine.

B. Addiction to a tobacco-containing product.

C. Addiction to use of a nicotine-containing product.

D. A mental disposition towards repeated episodes of abnormally high levels of motivation to engage in a behaviour, acquired as a result of engaging in the behaviour, where the behaviour results in risk or occurrence of serious net harm.",A,1_1,cocaine addiction,http://addictovocab.org/ADDICTO_0001059,9,"Health & Medicine, Addiction Ontology"
"In the ontology of Addiction, which of the following definitions best describes 'respiratory system'?","A. Multicellular, connected anatomical structure that has multiple organs as parts and whose parts work together to achieve some shared function.

B. Functional system which consists of structures involved in respiration.

C. Anatomical system that has as its parts the organs devoted to the ingestion, digestion, and assimilation of food and the discharge of residual wastes.

D. Anatomical system that has as its parts the heart and blood vessels.",B,1_1,respiratory system,http://purl.obolibrary.org/obo/UBERON_0001004,10,"Health & Medicine, Addiction Ontology"
"In the ontology of Addiction, which of the following definitions best describes 'former tobacco smoker with COPD'?","A. A former tobacco smoker who has been diagnosed as suffering from chronic obstructive pulmonary disease.

B. A person who was a tobacco smoker in the past but who is not currently a tobacco smoker.

C. An ex-smoker who has not smoked for approximately one-year or more.

D. An ex-smoker who quit less than a year ago.",A,1_1,former tobacco smoker with COPD,http://addictovocab.org/ADDICTO_0001062,8,"Health & Medicine, Addiction Ontology"
"In the ontology of Addiction, which of the following definitions best describes 'musculoskeletal disorder'?","A. Injury to the body or interference of normal body functions by a substance that is ingested.

B. A disorder that involves some structural damage that is immediately caused by a destructive external force.

C. A disorder which affects the musculoskeletal system, which provides form, support, stability and movement to the body.

D. A material entity which is clinically abnormal and part of an extended organism. Disorders are the physical basis of disease.",C,1_1,musculoskeletal disorder,http://addictovocab.org/ADDICTO_0001063,6,"Health & Medicine, Addiction Ontology"
"In the ontology of Addiction, which of the following definitions best describes 'myocardial infarction'?","A. A coronary artery disease characterised by myocardial cell death (gross myocardial necrosis), caused by interruption of the blood supply to the heart.

B. An opioid that is a naturally occuring psychoactive substance derived from the plant papaver somniferum

C. A cardiovascular disease in which plaque, a waxy substance, builds up inside the coronary arteries. These arteries supply oxygen-rich blood to the heart muscle.

D. A directive information entity that represents a mathematical relationship which relates changes in a given response to changes in one or more factors. A statistical model is a formalization of relationships between variables in the form of mathematical equations.",A,1_1,myocardial infarction,http://addictovocab.org/ADDICTO_0001064,9,"Health & Medicine, Addiction Ontology"
"In the ontology of Addiction, which of the following definitions best describes 'incarcerated persons with opioid use disorder'?","A. A role that inheres in some material entity and is realized in some act of appraisal.

B. An opioid user who presents with a clinical diagnosis of opioid use disorder.

C. A person who has an opioid use disorder who is in prison.

D. A psychoactive substance that is used to treat psychosis.",C,1_1,incarcerated persons with opioid use disorder,http://addictovocab.org/ADDICTO_0001065,10,"Health & Medicine, Addiction Ontology"
"In the ontology of Addiction, which of the following definitions best describes 'never psychoactive substance user'?","A. A person who has never used a psychoactive drug.

B. A person with a clinical status that indicates the person is living with COPD.

C. A person who has never smoked tobacco.

D. A person whose identity is female, based on societal and cultural conceptualizations of being female, usually (but not always) reflected by specific anatomical variations, chromosome combinations, and/or sex hormones.",A,1_1,never psychoactive substance user,http://addictovocab.org/ADDICTO_0001069,7,"Health & Medicine, Addiction Ontology"
"In the ontology of Addiction, which of the following definitions best describes 'pregnant woman with opioid use disorder'?","A. A woman who is currently pregnant and also has a diagnosis of opioid use disorder.

B. An opioid user who is seeking treatment for opioid use disorder

C. A substance user who uses an opioid drug.

D. An opioid user who presents with a clinical diagnosis of opioid use disorder.",A,1_1,pregnant woman with opioid use disorder,http://addictovocab.org/ADDICTO_0001073,9,"Health & Medicine, Addiction Ontology"
"In the ontology of Addiction, which of the following definitions best describes 'bipolar disorder'?","A. A mood disorder characterized by persistent sadness, emptiness, or irritability and decreased ability to function.

B. A dual product user who reports predominanly smoking.

C. A mood disorder that involves alternating periods of mania and depression.

D. A cognitive disorder that involves a disturbance in mood as the predominant underlying feature.",C,1_1,bipolar disorder,http://purl.obolibrary.org/obo/DOID_3312,10,"Health & Medicine, Addiction Ontology"
"In the ontology of Addiction, which of the following definitions best describes 'person with substance use disorder'?","A. A substance user who uses an opioid drug.

B. A psychoactive substance user who consumes alcohol.

C. A substance user who has a diagnosis of substance use disorder.

D. A substance user who is not seeking treatment for their substance use at the current time of recording data.",C,1_1,person with substance use disorder,http://addictovocab.org/ADDICTO_0001081,8,"Health & Medicine, Addiction Ontology"
"In the ontology of Addiction, which of the following definitions best describes 'abstainer from tobacco use'?","A. Any terpenoid derived from a diterpene. The term includes compounds in which the C20 skeleton of the parent diterpene has been rearranged or modified by the removal of one or more skeletal atoms (generally methyl groups).

B. An abstainer from using a tobacco-containing product.

C. A person who is not engaging in a behaviour pattern that they previously enacted.

D. An abstainer from cannabis use.",B,1_1,abstainer from tobacco use,http://addictovocab.org/ADDICTO_0001082,8,"Health & Medicine, Addiction Ontology"
"In the ontology of Addiction, which of the following definitions best describes 'sex worker'?","A. A protein coding gene in humans.

B. A person who participates in nicotine replacement therapy use.

C. A person who receives money or goods in exchange for sexual services.

D. A person who was a tobacco smoker in the past but who is not currently a tobacco smoker.",C,1_1,sex worker,http://addictovocab.org/ADDICTO_0001086,7,"Health & Medicine, Addiction Ontology"
"In the ontology of Addiction, which of the following definitions best describes 'vulnerable adult'?","A. An adult who is currently not receiving any form of intervention for psychoactive substance use disorder.

B. An adult who is unable to look after themselves and or who is unable to protect themselves against significant harm or exploitation.

C. A person who has reached maturity.

D. An adult who has received and diagnosis of opioid use disorder",B,1_1,vulnerable adult,http://addictovocab.org/ADDICTO_0001089,8,"Health & Medicine, Addiction Ontology"
"In the ontology of Addiction, which of the following definitions best describes 'stimulant drug user'?","A. A substance user whose use involves injection of some psychoactive substance.

B. A substance user who uses some stimulant drug.

C. A substance user who engages in tobacco use.

D. A substance user who uses an opioid drug.",B,1_1,stimulant drug user,http://addictovocab.org/ADDICTO_0001091,8,"Health & Medicine, Addiction Ontology"
"In the ontology of Addiction, which of the following definitions best describes 'years of education'?","A. A data item that indicates the number of years an individual was or has been in education.

B. A data item which is the ratio of observed deaths in the study group to expected deaths in the general population.

C. A data item that represents a human being who has received an intervention intended to result in cessation of an addictive behaviour and who, after a period of abstinence, has resumed the behaviour.

D. A data item referring to an amount of alcohol expressed in gram units.",A,1_1,years of education,http://addictovocab.org/ADDICTO_0001094,6,"Health & Medicine, Addiction Ontology"
"In the ontology of Addiction, which of the following definitions best describes 'social policy'?","A. A plan detailing guidelines, principles, legislation and activities that affect the living conditions conducive to human welfare, such as a person's quality of life.

B. An action specification that a government produces that includes rules and regulations concerning activities of agents under the government's jurisdiction.

C. An action specification of a person or organisation that is realised as a set of rules and activities affecting people or organisations under its jurisdiction.

D. A policy that is applied by a public body.",A,1_1,social policy,http://addictovocab.org/ADDICTO_0001142,8,"Health & Medicine, Addiction Ontology"
"In the ontology of Addiction, which of the following definitions best describes 'harm reduction behaviour'?","A. A substance use behaviour pattern that involves tobacco use.

B. A substance use behaviour pattern that involves continuing to use a substance while changing the type of substance, formulation of the substance or the amount or manner of use of the substance with the aim of reducing the harm caused.

C. A substance use behaviour pattern that involves use of cannabis.

D. A substance use behaviour pattern in which the substance used is alcohol.",B,1_1,harm reduction behaviour,http://addictovocab.org/ADDICTO_0001108,8,"Health & Medicine, Addiction Ontology"
"In the ontology of Addiction, which of the following definitions best describes 'cocaine use behaviour'?","A. A substance use behaviour pattern in which the substance used is an opioid.

B. A substance use behaviour pattern in which the substance used is alcohol.

C. A substance use behaviour in which the substance used is cocaine.

D. A substance use behaviour pattern of behaviour that involves the use by a person of two or more psychoactive substances.",C,1_1,cocaine use behaviour,http://addictovocab.org/ADDICTO_0001110,8,"Health & Medicine, Addiction Ontology"
"In the ontology of Addiction, which of the following definitions best describes 'economic good role'?","A. A role played by the molecular entity or part thereof within a biological context.

B. A role performed by an organisation or individual who participates in processes that bring the product into existence or purpose it as a product.

C. A sample is a substance role played by a biological substance as an input substance to a protocol.

D. A role that inheres in some material entity and is realized in some act of appraisal.",D,1_1,economic good role,http://addictovocab.org/ADDICTO_0001113,6,"Health & Medicine, Addiction Ontology"
"In the ontology of Addiction, which of the following definitions best describes 'cigarette filter'?","A. A product that has a marketing license from the medicines regulatory authority of a jurisdiction to prevent, manage or treat a condition.

B. A product that is manufactured to be part of a cigarette, located at the end that the user puts to the lips, which blocks some smoke particles from entering the mouth during use.

C. A product that is manufactured to be part of an e-cigarette and contain e-liquid.

D. An artifact that has a product role.",B,1_1,cigarette filter,http://addictovocab.org/ADDICTO_0001117,8,"Health & Medicine, Addiction Ontology"
"In the ontology of Addiction, which of the following definitions best describes 'product individual-level harm potential'?","A. Product harm potential from an individual using the product.

B. A product disposition that is realised as harm processes resulting from its use.

C. Product harm potential from a population using a product.

D. A psychoactive substance disposition that is its propensity to lead people who use the substance to develop a harmful pattern of consumption.",A,1_1,product individual-level harm potential,http://addictovocab.org/ADDICTO_0001119,8,"Health & Medicine, Addiction Ontology"
"In the ontology of Addiction, which of the following definitions best describes 'product component'?","A. A product that is manufactured to be part of an e-cigarette and to heat e-liquid during e-cigarette use to produce a vapour.

B. An artifact that has a product role.

C. A product that is designed to be a proper part of another product.

D. A product that produces a vapour for inhalation by a person.",C,1_1,product component,http://addictovocab.org/ADDICTO_0001120,8,"Health & Medicine, Addiction Ontology"
"In the ontology of Addiction, which of the following definitions best describes 'product population-level harm potential'?","A. Product harm potential from a population using a product.

B. A product disposition that is realised as harm processes resulting from its use.

C. Product harm potential from an individual using the product.

D. A psychoactive substance disposition that is its propensity to lead people who use the substance to develop a harmful pattern of consumption.",A,1_1,product population-level harm potential,http://addictovocab.org/ADDICTO_0001121,8,"Health & Medicine, Addiction Ontology"
"In the ontology of Addiction, which of the following definitions best describes 'average time to relapse'?","A. A data item which indicates the average time to relapse.

B. The aggregate of biological mother in a population.

C. A data item which is about the amount of money spent per week on e-cigarettes.

D. A data item that represents a human being who has received an intervention intended to result in cessation of an addictive behaviour and who, after a period of abstinence, has resumed the behaviour.",A,1_1,average time to relapse,http://addictovocab.org/ADDICTO_0001123,6,"Health & Medicine, Addiction Ontology"
"In the ontology of Addiction, which of the following definitions best describes 'inhaling consumption behaviour pattern'?","A. A consumption behaviour pattern involving use of a substance containing alcohol concurrently with use of a psychoactive substance that has not been legally sanctioned in the jurisdiction in which the user resides.

B. A consumption behaviour pattern that involves breathing in a material through the nose or mouth.

C. A consumption behaviour pattern in which the behaviour is repeated in a session to an extent that is excessive.

D. A consumption behaviour pattern involving repeated occurrences of binge behaviour sessions.",B,1_1,inhaling consumption behaviour pattern,http://addictovocab.org/ADDICTO_0001397,7,"Health & Medicine, Addiction Ontology"
"In the ontology of Addiction, which of the following definitions best describes 'desire'?","A. An <affective process> that involves the experience of internal or external sensory stimuli.

B. A subjective emotional feeling involving positive affect associated with reduction in a feeling of need.

C. A subjective emotional feeling which consists of a strong wanting or wishing to have something or for something to happen.

D. A subjective affective feeling that is a strong feeling of desire or a strong feeling of urge.",C,1_1,desire,http://addictovocab.org/ADDICTO_0001127,8,"Health & Medicine, Addiction Ontology"
"In the ontology of Addiction, which of the following definitions best describes 'aversion'?","A. A <bodily disposition> that is realized in a mental process.

B. An aversion towards cigarette smoking

C. A mental disposition that consists of a strong dislike or disinclination towards an object, situation or behaviour

D. A mental disposition to experience pleasure associated with cigarette smoking.",C,1_1,aversion,http://addictovocab.org/ADDICTO_0001132,8,"Health & Medicine, Addiction Ontology"
"In the ontology of Addiction, which of the following definitions best describes 'aversion to smoking'?","A. Male persons who engage in sexual activity with members of the same sex, regardless of how they identify themselves.

B. A mental disposition that consists of a strong dislike or disinclination towards an object, situation or behaviour

C. A disease that is the consequence of the presence of pathogenic microbial agents, including pathogenic viruses, pathogenic bacteria, fungi, protozoa, multicellular parasites, and aberrant proteins known as prions.

D. An aversion towards cigarette smoking",D,1_1,aversion to smoking,http://addictovocab.org/ADDICTO_0001133,9,"Health & Medicine, Addiction Ontology"
"In the ontology of Addiction, which of the following definitions best describes 'competing interest'?","A. A mental disposition to experience motives in the performance of a professional role that are not aligned with the responsibilities of that role.

B. A mental disposition to experience a subjective want to stop smoking cigarettes.

C. A mental disposition that consists of a strong dislike or disinclination towards an object, situation or behaviour

D. A <mental disposition> to commit to enact or not enact a behaviour",A,1_1,competing interest,http://addictovocab.org/ADDICTO_0001143,8,"Health & Medicine, Addiction Ontology"
"In the ontology of Addiction, which of the following definitions best describes 'research activity bias'?","A. A process attribute of a research activity.

B. An industry that is realised in the manufacture or sale of tobacco and tobacco-containing products.

C. A research activity attribute that is the extent to which the data that is output from this process has a systematic inaccuracy.

D. A psychoactive substance that is used to reduce depression.",C,1_1,research activity bias,http://addictovocab.org/ADDICTO_0001146,7,"Health & Medicine, Addiction Ontology"
"In the ontology of Addiction, which of the following definitions best describes 'harm reduction facility'?","A. A facility that is administered by a health care organization for the purpose of providing health care to a patient or patient population.

B. A health care facility that provides harm reduction services to substance users.

C. A health care facility within a hospital that provides acute medical care for patients that have presented as medical emergencies to a hospital or who have developed an acute medical illness while in hospital.

D. A health care facility that provides services to people who are pregnant and their partners.",B,1_1,harm reduction facility,http://addictovocab.org/ADDICTO_0001147,8,"Health & Medicine, Addiction Ontology"
"In the ontology of Addiction, which of the following definitions best describes 'alcohol outlet density'?","A. A data item that is about the number of alcohol outlets per unit area within a geographical location.

B. A data item which is about the amount of money spent per week on e-cigarettes.

C. A data item which indicates the number of number of cigarettes less per day a person has smoked since the last time data was collected.

D. A data item which is about the amount of cigarette smoking a person does and is the average number of cigarettes smoked per day by a person over a period.",A,1_1,alcohol outlet density,http://addictovocab.org/ADDICTO_0001150,6,"Health & Medicine, Addiction Ontology"
"In the ontology of Addiction, which of the following definitions best describes 'antenatal clinic'?","A. a health care facility that also bears a residence function and thus one in which the patients are also residents of the facility

B. A health care facility that bears a function to provide emergency healthcare services and the acute care of patients who present without prior appointment, having arrived either by their own means or by ambulance

C. A health care facility that provides harm reduction services to substance users.

D. A health care facility that provides services to people who are pregnant and their partners.",D,1_1,antenatal clinic,http://addictovocab.org/ADDICTO_0001151,8,"Health & Medicine, Addiction Ontology"
"In the ontology of Addiction, which of the following definitions best describes 'health and social care facility'?","A. An architectural structure that bears some function.

B. A facility that is administered by a health care organization for the purpose of providing health care to a patient or patient population.

C. A facility that has at least one housing unit as part in which a person or persons live

D. A facility that provides housing, health care and social care.",D,1_1,health and social care facility,http://addictovocab.org/ADDICTO_0001152,7,"Health & Medicine, Addiction Ontology"
"In the ontology of Addiction, which of the following definitions best describes 'English-speaking country'?","A. A smokeless tobacco containing product that is designed for oral use, which is composed of moist finely ground tobacco that is packaged into small teabag like sachets.

B. A spatial region that has a government and is recognised as a country in international law.

C. A country in which English is an official language.

D. An individual human behaviour that relates to a material entity.",C,1_1,English-speaking country,http://addictovocab.org/ADDICTO_0001154,7,"Health & Medicine, Addiction Ontology"
"In the ontology of Addiction, which of the following definitions best describes 'country'?","A. A country in which English is an official language.

B. A spatial region that has a government and is recognised as a country in international law.

C. A continuant entity that is a continuant_part_of spaceR as defined relative to some frame R

D. A reference to a place on the Earth, by its name or by its geographical location",B,1_1,country,http://addictovocab.org/ADDICTO_0001159,6,"Health & Medicine, Addiction Ontology"
"In the ontology of Addiction, which of the following definitions best describes 'addict identity'?","A. A self-identity in which a person represents themselves as a not being a tobacco smoker.

B. A self-identity in which what is represented is appraised as important.

C. A self-identity in which a person represents themselves as being addicted to something.

D. A self-identity in which a person represents themselves as being in recovery from addiction and vulnerable to relapse to that addiction.",C,1_1,addict identity,http://addictovocab.org/ADDICTO_0001165,8,"Health & Medicine, Addiction Ontology"
"In the ontology of Addiction, which of the following definitions best describes 'lost tobacco smoker identity'?","A. An antagonist that binds to and deactivates cannabinoid receptors.

B. A self-identity in which a person represents themselves as no longer having some positively appraised characteristic.

C. A disposition of a manufactured cigarette to produce a quantity of tobacco particles in the smoke produced when tested in a smoking machine that is programmed to take puffs in a standard way.

D. A lost self-identity in which the positively appraised past characteristic is that of being a tobacco smoker",D,1_1,lost tobacco smoker identity,http://addictovocab.org/ADDICTO_0001169,9,"Health & Medicine, Addiction Ontology"
"In the ontology of Addiction, which of the following definitions best describes 'positive core non tobacco smoker identity'?","A. A non tobacco smoker identity that is a core identity and a positive identity.

B. A hydrazide consisting of hydrazine carrying one or more carboacyl groups.

C. A self-identity in which a person represents themselves as a not being a tobacco smoker.

D. A document assembled by an author for the purpose of providing information for the audience. A report is the output of a documenting process and has the objective to be consumed by a specific audience. Topic of the report is on something that has completed. A report is not a single figure. Examples of reports are journal article, patent application, grant progress report, case report (not patient record).",A,1_1,positive core non tobacco smoker identity,http://addictovocab.org/ADDICTO_0001170,9,"Health & Medicine, Addiction Ontology"
"In the ontology of Addiction, which of the following definitions best describes 'spoiled tobacco smoker identity'?","A. A tobacco user who has either only ever smoked cigarettes or who smoked a cigarette as his or her earliest form of tobacco user.

B. A tobacco smoker that is also a spoiled identity.

C. Consumption of alcohol in a manner that is deemed to cause harm to the individual, others or society.

D. A self-identity representing something as having been positively appraised in the past but as currently negatively appraised.",B,1_1,spoiled tobacco smoker identity,http://addictovocab.org/ADDICTO_0001171,9,"Health & Medicine, Addiction Ontology"
"In the ontology of Addiction, which of the following definitions best describes 'inequality'?","A. A quality inhering in an e-cigarette atomiser.

B. A quality of a population that is the degree of variation among members of the population on some valued attribute.

C. Inequality in health and access to healthcare.

D. A quality which inheres in a continuant.",B,1_1,inequality,http://addictovocab.org/ADDICTO_0001176,5,"Health & Medicine, Addiction Ontology"
"In the ontology of Addiction, which of the following definitions best describes 'health inequality'?","A. Inequality between different racial or ethnic groups.

B. A quality of a population that is the degree of variation among members of the population on some valued attribute.

C. Inequality in health and access to healthcare.

D. Inequality in access to social or material resources.",C,1_1,health inequality,http://addictovocab.org/ADDICTO_0001175,6,"Health & Medicine, Addiction Ontology"
"In the ontology of Addiction, which of the following definitions best describes 'man'?","A. A person who participates in policy making.

B. A person with whom someone has a sufficiently close relationship that they are willing to discuss important matters.

C. An extended organism that is a member of the species Homo sapiens.

D. A person whose identity is male, based on societal and cultural conceptualizations of being male, usually (but not always) reflected by specific anatomical variations, chromosome combinations, and/or sex hormones.",D,1_1,man,http://addictovocab.org/ADDICTO_0001177,7,"Health & Medicine, Addiction Ontology"
"In the ontology of Addiction, which of the following definitions best describes 'man who has sex with men'?","A. Male persons who engage in sexual activity with members of the same sex, regardless of how they identify themselves.

B. A person whose identity is male, based on societal and cultural conceptualizations of being male, usually (but not always) reflected by specific anatomical variations, chromosome combinations, and/or sex hormones.

C. Male persons who engage in sexual activity with men and women, regardless of how they identify themselves.

D. Male persons who engage in sexual activity with women, regardless of how they identify themselves.",A,1_1,man who has sex with men,http://addictovocab.org/ADDICTO_0001178,8,"Health & Medicine, Addiction Ontology"
"In the ontology of Addiction, which of the following definitions best describes 'man who has sex with women'?","A. Male persons who engage in sexual activity with women, regardless of how they identify themselves.

B. Male persons who engage in sexual activity with men and women, regardless of how they identify themselves.

C. Male persons who engage in sexual activity with members of the same sex, regardless of how they identify themselves.

D. A person whose identity is male, based on societal and cultural conceptualizations of being male, usually (but not always) reflected by specific anatomical variations, chromosome combinations, and/or sex hormones.",A,1_1,man who has sex with women,http://addictovocab.org/ADDICTO_0001179,8,"Health & Medicine, Addiction Ontology"
"In the ontology of Addiction, which of the following definitions best describes 'racial inequality'?","A. Inequality between different racial or ethnic groups.

B. Inequality between different gender groups.

C. A quality of a population that is the degree of variation among members of the population on some valued attribute.

D. Inequality in access to social or material resources.",A,1_1,racial inequality,http://addictovocab.org/ADDICTO_0001182,6,"Health & Medicine, Addiction Ontology"
"In the ontology of Addiction, which of the following definitions best describes 'social inequality'?","A. A quality of a population that is the degree of variation among members of the population on some valued attribute.

B. Inequality between different gender groups.

C. Inequality in health and access to healthcare.

D. Inequality in access to social or material resources.",D,1_1,social inequality,http://addictovocab.org/ADDICTO_0001184,6,"Health & Medicine, Addiction Ontology"
"In the ontology of Addiction, which of the following definitions best describes 'woman who has sex with men and women'?","A. A woman who has convictions for driving under the influence.

B. Female persons who engage in sexual activity with men and women, regardless of how they identify themselves.

C. A person whose identity is female, based on societal and cultural conceptualizations of being female, usually (but not always) reflected by specific anatomical variations, chromosome combinations, and/or sex hormones.

D. Women who engage in sexual activity with men, regardless of how they identify themselves.",B,1_1,woman who has sex with men and women,http://addictovocab.org/ADDICTO_0001188,8,"Health & Medicine, Addiction Ontology"
"In the ontology of Addiction, which of the following definitions best describes 'nicotine replacement therapy user'?","A. A person who does not suffer from opioid use disorder but who, by virtue of his or her personal qualities or environment, has an elevated probability of developing opioid use disorder in the future.

B. A person whose age is less than that of an adult.

C. An NRT user who does not use their product on a daily basis.

D. A person who participates in nicotine replacement therapy use.",D,1_1,nicotine replacement therapy user,http://addictovocab.org/ADDICTO_0001191,7,"Health & Medicine, Addiction Ontology"
"In the ontology of Addiction, which of the following definitions best describes 'non-daily nicotine replacement therapy user'?","A. A person who participates in nicotine replacement therapy use.

B. An NRT user who does not use their product on a daily basis.

C. A nicotine replacement therapy user who has been using NRT products for one year or more.

D. A nicotine replacement therapy user who engages in nicotine replacement therapy use every day.",B,1_1,non-daily nicotine replacement therapy user,http://addictovocab.org/ADDICTO_0001192,8,"Health & Medicine, Addiction Ontology"
"In the ontology of Addiction, which of the following definitions best describes 'exclusive nicotine replacement therapy user'?","A. A person who participates in nicotine replacement therapy use.

B. A nicotine replacement therapy user who is not a tobacco user or an e-cigarette user.

C. A nicotine replacement therapy user who has been using NRT products for one year or more.

D. An NRT user who does not use their product on a daily basis.",B,1_1,exclusive nicotine replacement therapy user,http://addictovocab.org/ADDICTO_0001193,8,"Health & Medicine, Addiction Ontology"
"In the ontology of Addiction, which of the following definitions best describes 'e-cigarette battery disposition'?","A. A disposition inhering in an e-cigarette battery.

B. A disease is a disposition (i) to undergo pathological processes that (ii) exists in an organism because of one or more disorders in that organism.

C. An e-cigarette battery disposition to transfer electrical energy in a circuit containing an atomiser.

D. A disposition of a substance to cause harm to an organism that is exposed to it.",A,1_1,e-cigarette battery disposition,http://addictovocab.org/ADDICTO_0001209,6,"Health & Medicine, Addiction Ontology"
"In the ontology of Addiction, which of the following definitions best describes 'manufactured cigarette machine-smoked carbon monoxide yield'?","A. A disposition of a manufactured cigarette to produce a quantity of tobacco particles in the smoke produced when tested in a smoking machine that is programmed to take puffs in a standard way.

B. A disposition of a manufactured cigarette to produce a quantity of carbon monoxide in the smoke produced when tested in a smoking machine that is programmed to take puffs in a standard way.

C. A disposition inhering in a manufactured cigarette

D. A disposition of a manufactured cigarette to produce a quantity of nicotine in the smoke produced when tested in a smoking machine that is programmed to take puffs in a standard way.",B,1_1,manufactured cigarette machine-smoked carbon monoxide yield,http://addictovocab.org/ADDICTO_0001201,7,"Health & Medicine, Addiction Ontology"
"In the ontology of Addiction, which of the following definitions best describes 'inhaled nicotine-containing product'?","A. A nicotine-containing product that is manufactured to be attached to the skin so that nicotine can be absorbed through the skin.

B. A nicotine-containing product that some country has granted marketing authorisation as a medicine to replace nicotine from tobacco in an attempt to reduce or stop smoking.

C. A nicotine-containing product that is manufactured to enable users to draw a nicotine-containing vapour into the respiratory tract so that nicotine can be absorbed through the lining of this tract.

D. A nicotine-containing product that is a licensed drug",C,1_1,inhaled nicotine-containing product,http://addictovocab.org/ADDICTO_0001204,9,"Health & Medicine, Addiction Ontology"
"In the ontology of Addiction, which of the following definitions best describes 'nasal nicotine-containing product'?","A. A nicotine-containing product that some country has granted marketing authorisation as a medicine to replace nicotine from tobacco in an attempt to reduce or stop smoking.

B. A nicotine-containing product that is manufactured to enable users to absorb nicotine through the nasal mucosa.

C. A nicotine-containing product that is a licensed drug

D. A nicotine-containing product that is manufactured to enable users to draw a nicotine-containing vapour into the respiratory tract so that nicotine can be absorbed through the lining of this tract.",B,1_1,nasal nicotine-containing product,http://addictovocab.org/ADDICTO_0001205,9,"Health & Medicine, Addiction Ontology"
"In the ontology of Addiction, which of the following definitions best describes 'filter cigarette'?","A. A cigarette that has a cigarette filter as a part.

B. A cigarette that is manufactured in a factory.

C. A cigaratte that is flavoured with the compound menthol.

D. A combustible tobacco-containing product that is a thin cylinder of finely cut tobacco encased in a thin paper.",A,1_1,filter cigarette,http://addictovocab.org/ADDICTO_0001210,11,"Health & Medicine, Addiction Ontology"
"In the ontology of Addiction, which of the following definitions best describes 'oral nicotine-containing product'?","A. A nicotine-containing product that is a licensed drug

B. A nicotine-containing product that is designed to be held in the mouth or chewed so that nicotine is absorbed through the buccal mucosa.

C. A nicotine-containing product that some country has granted marketing authorisation as a medicine to replace nicotine from tobacco in an attempt to reduce or stop smoking.

D. A nicotine-containing product that is manufactured to enable users to draw a nicotine-containing vapour into the respiratory tract so that nicotine can be absorbed through the lining of this tract.",B,1_1,oral nicotine-containing product,http://addictovocab.org/ADDICTO_0001211,9,"Health & Medicine, Addiction Ontology"
"In the ontology of Addiction, which of the following definitions best describes 'background subjective craving'?","A. A subjective affective feeling that is a strong feeling of desire or a strong feeling of urge.

B. Subjective craving that is mostly or completely independent of the immediate environment.

C. Subjective craving whose target is consumption of an alcoholic beverage.

D. Subjective craving in which the target of the craving is cigarette smoking.",B,1_1,background subjective craving,http://addictovocab.org/ADDICTO_0001219,9,"Health & Medicine, Addiction Ontology"
"In the ontology of Addiction, which of the following definitions best describes 'cigarette dependence'?","A. A substance dependence in which the dependence is on use of cigarettes.

B. Substance dependence in which the dependence is on nicotine.

C. A multi cell part structure that is part of a central nervous system.

D. A bodily disposition which is realised as impaired functioning following reduction or termination of use of a psychoactive substance as a result of long-term physiological adaptation to that substance.",A,1_1,cigarette dependence,http://addictovocab.org/ADDICTO_0001222,8,"Health & Medicine, Addiction Ontology"
"In the ontology of Addiction, which of the following definitions best describes 'receptor partial agonist'?","A. An agent capable of relieving pain without the loss of consciousness or without producing anaesthesia. In addition, analgesic is a role played by a compound which is exhibited by a capability to cause a reduction of pain symptoms.

B. Substance that attaches to and blocks cell receptors that normally bind naturally occurring substances.

C. A pharmacological role of a substance that binds to cell receptors normally responding to naturally occurring substances and which produces a response of its own but only up to a certain concentration.

D. A substance used for its pharmacological action on any aspect of neurotransmitter systems. Neurotransmitter agents include agonists, antagonists, degradation inhibitors, uptake inhibitors, depleters, precursors, and modulators of receptor function.",C,1_1,receptor partial agonist,http://addictovocab.org/ADDICTO_0001241,8,"Health & Medicine, Addiction Ontology"
"In the ontology of Addiction, which of the following definitions best describes 'substance dependence potential'?","A. A <disposition> that inheres in some extended organism.

B. A disposition of a substance to cause harm to an organism that is exposed to it.

C. A disposition of a psychoactive substance to result in substance dependence in people who use it.

D. A disposition which is realised by an environmental system or system parts thereof.",C,1_1,substance dependence potential,http://addictovocab.org/ADDICTO_0001245,6,"Health & Medicine, Addiction Ontology"
"In the ontology of Addiction, which of the following definitions best describes 'preferred drug dispositon'?","A. A mental disposition to experience a subjective want to stop smoking cigarettes.

B. A <bodily disposition> that is realized in a mental process.

C. A mental disposition to prefer a psychoactive substance to other psychoactive substances.

D. A mental disposition that consists of a strong dislike or disinclination towards an object, situation or behaviour",C,1_1,preferred drug dispositon,http://addictovocab.org/ADDICTO_0001248,8,"Health & Medicine, Addiction Ontology"
"In the ontology of Addiction, which of the following definitions best describes 'pharmaceutical effectiveness'?","A. A disposition inhering in a pharmaceutical.

B. A pharmaceutical disposition to ameliorate or cure some symptom or medical condition when the pharmaceutical is used under typical conditions.

C. A disposition of a pharmaceutical to cause some clinical symptom or medical condition when taken into the body.

D. A pharmaceutical disposition to ameliorate or cure some symptom or medical condition when the pharmaceutical is used as specified.",B,1_1,pharmaceutical effectiveness,http://addictovocab.org/ADDICTO_0001250,7,"Health & Medicine, Addiction Ontology"
"In the ontology of Addiction, which of the following definitions best describes 'pharmaceutical efficacy'?","A. A disposition inhering in a pharmaceutical.

B. A pharmaceutical disposition to ameliorate or cure some symptom or medical condition when the pharmaceutical is used as specified.

C. A disposition of a pharmaceutical to cause some clinical symptom or medical condition when taken into the body.

D. A pharmaceutical disposition to ameliorate or cure some symptom or medical condition when the pharmaceutical is used under typical conditions.",B,1_1,pharmaceutical efficacy,http://addictovocab.org/ADDICTO_0001251,7,"Health & Medicine, Addiction Ontology"
"In the ontology of Addiction, which of the following definitions best describes 'cross-over study design'?","A. A mixed study design in which measures are taken in two or more groups of participants before one or more of them receives an intervention and then measurements are repeated so that changes in the measures can be compared.

B. A study design in which measurements taken on two or more groups of study participants at two or more times are compared allowing differences to be assessed between groups and over time.

C. A mixed study design in which two or more groups experience the same study processes but in a different order.

D. A substance that is produced by a living organsism and is toxic, noxious or poisonous",C,1_1,cross-over study design,http://addictovocab.org/ADDICTO_0001255,9,"Health & Medicine, Addiction Ontology"
"In the ontology of Addiction, which of the following definitions best describes 'follow-up rate'?","A. A data item that is the percentage of study participants who were eligible for follow-up but could not be contacted at a follow-up point.

B. A data item that describes the percentage of study participants for whom a measurement is taken at a follow-up point.

C. A data item that is output from a statistical analysis describing a feature of a data set.

D. A data item which indicates the number of days per week a person has drunk alcohol to levels which are considered to be excessive.",B,1_1,follow-up rate,http://addictovocab.org/ADDICTO_0001256,6,"Health & Medicine, Addiction Ontology"
"In the ontology of Addiction, which of the following definitions best describes 'physical personal attribute'?","A. A personal attribute that inheres in a person by virtue of their bodily makeup.

B. A personal attribute in which the person presents fewer or lower intensity of symptoms compared to their previous symptom presentation, and the current symptoms minimally interfere with their life.

C. unemployed and lowest grade occupations.

D. A personal attribute that is the pattern of a person's emotional, romantic and/or sexual attractions.",A,1_1,physical personal attribute,http://addictovocab.org/ADDICTO_0001261,5,"Health & Medicine, Addiction Ontology"
"In the ontology of Addiction, which of the following definitions best describes 'loss to follow-up rate'?","A. A data item which indicates the number of puffs taken per day by a person on a e-cigarette.

B. A data item that is the percentage of study participants for whom measurements are not taken at a follow-up.

C. A data item which indicates the number of alcoholic drinks consumed per day.

D. A data item that is about how much money the person spends on average each week buying tobacco in UK pounds.",B,1_1,loss to follow-up rate,http://addictovocab.org/ADDICTO_0001266,6,"Health & Medicine, Addiction Ontology"
"In the ontology of Addiction, which of the following definitions best describes 'follow-up visit'?","A. A research activity in which a participant visits a research facility or is visited by a researcher for the purpose of taking some measurement.

B. A planned process executed in the performance of scientific research wherein systematic investigations are performed to establish facts and reach new conclusions about phenomena in the world.

C. A research activity that involves taking a measurement after the start of an intervention or research activity.

D. A planned process that executes some study design or protocol to generate scientific data that is interpreted to test or generate a hypothesis.",A,1_1,follow-up visit,http://addictovocab.org/ADDICTO_0001268,6,"Health & Medicine, Addiction Ontology"
"In the ontology of Addiction, which of the following definitions best describes 'two-arm parallel group randomised controlled trial design'?","A. A randomised controlled trial design with two study arms to which participants can be allocated.

B. A randomised controlled trial design that aims to evaluate the effectiveness of an intervention under conditions similar to those that would obtain were the intervention to be delivered in routine practice.

C. An interventional study design in which participants are randomly allocated to receive one of two or more interventions or no intervention using a study randomisation process.

D. A randomised controlled trial design in which pre-existing groups of participants are randomly allocated to intervention arms.",A,1_1,two-arm parallel group randomised controlled trial design,http://addictovocab.org/ADDICTO_0001270,10,"Health & Medicine, Addiction Ontology"
"In the ontology of Addiction, which of the following definitions best describes 'public health promotion policy'?","A. A policy that is applied by a public body.

B. A public policy that aims to improve the health of a population.

C. A public policy that regulates e-cigarettes, their marketing or their use.

D. A public policy that involves legislation to reduce the incidence of vehicle driving with alcohol in the body.",B,1_1,public health promotion policy,http://addictovocab.org/ADDICTO_0001273,9,"Health & Medicine, Addiction Ontology"
"In the ontology of Addiction, which of the following definitions best describes 'harmful product-use behaviour'?","A. Harmful product-use behaviour where the harm arises from a high level of use.

B. Object-using behaviour that involves use of a product.

C. Product use behaviour that is harmful.

D. A smokeless tobacco containing product that is designed for either oral or nasal use, in which dry fermented tobacco is mixed with natron (a mixture of sodium bicarbonate and sodium chloride) and ground into a fine powder. It can be consumed both nasally or orally.",C,1_1,harmful product-use behaviour,http://addictovocab.org/ADDICTO_0001274,9,"Health & Medicine, Addiction Ontology"
"In the ontology of Addiction, which of the following definitions best describes 'cocaine binge session'?","A. An N-arylpiperazine that is piperazine substituted by a 4-[(2-oxo-1,2,3,4-tetrahydroquinolin-7-yl)oxy]butyl group at position 1 and by a 2,3-dichlorophenyl group at position 4. It is an antipsychotic drug used for the treatment of Schizophrenia, and other mood disorders.

B. A binge behaviour session in which the behaviour is cocaine use.

C. A consumption behaviour pattern in which the behaviour is repeated in a session to an extent that is excessive.

D. A binge behaviour session in which the behaviour is consumption of an alcoholic beverage.",B,1_1,cocaine binge session,http://addictovocab.org/ADDICTO_0001276,8,"Health & Medicine, Addiction Ontology"
"In the ontology of Addiction, which of the following definitions best describes 'binge behaviour session'?","A. A consumption behaviour pattern involving repeated occurrences of binge behaviour sessions.

B. A consumption behaviour pattern in which the behaviour is repeated in a session to an extent that is excessive.

C. A consumption behaviour pattern involving use of a substance containing alcohol concurrently with use of a psychoactive substance that has not been legally sanctioned in the jurisdiction in which the user resides.

D. A consumption behaviour pattern that involves breathing in a material through the nose or mouth.",B,1_1,binge behaviour session,http://addictovocab.org/ADDICTO_0001350,7,"Health & Medicine, Addiction Ontology"
"In the ontology of Addiction, which of the following definitions best describes 'single-arm interventional study design'?","A. An interventional study design in which the participants are not informed about which of two or more interventions they are to experience until after an endpoint has been reached.

B. An interventional study design in which study participants are informed which of two or more interventions that they are to experience.

C. An interventional study design in which all the participants receive the same type of intervention.

D. An interventional study design in which neither the investigators carrying out the study nor the participants are informed about which of two or more interventions the participants are to experience until the data set has been locked in preparation for the statistical analysis to be carried out.",C,1_1,single-arm interventional study design,http://addictovocab.org/ADDICTO_0001279,9,"Health & Medicine, Addiction Ontology"
"In the ontology of Addiction, which of the following definitions best describes 'important other'?","A. A person with whom someone has a sufficiently close relationship that they are willing to discuss important matters.

B. A person who was a tobacco smoker in the past but who is not currently a tobacco smoker.

C. A person whose identity is female, based on societal and cultural conceptualizations of being female, usually (but not always) reflected by specific anatomical variations, chromosome combinations, and/or sex hormones.

D. A person who is between the ages of 13 and 19.",A,1_1,important other,http://addictovocab.org/ADDICTO_0001280,7,"Health & Medicine, Addiction Ontology"
"In the ontology of Addiction, which of the following definitions best describes 'important other who smokes'?","A. An important other who vapes nicotine.

B. A person with whom someone has a sufficiently close relationship that they are willing to discuss important matters.

C. A product that is manufactured to be part of an e-cigarette and to heat e-liquid during e-cigarette use to produce a vapour.

D. An important other who smokes tobacco.",D,1_1,important other who smokes,http://addictovocab.org/ADDICTO_0001281,8,"Health & Medicine, Addiction Ontology"
"In the ontology of Addiction, which of the following definitions best describes 'important other who vapes nicotine'?","A. A person with whom someone has a sufficiently close relationship that they are willing to discuss important matters.

B. An important other who vapes nicotine.

C. An important other who smokes tobacco.

D. A product that produces a vapour for inhalation by a person.",B,1_1,important other who vapes nicotine,http://addictovocab.org/ADDICTO_0001282,8,"Health & Medicine, Addiction Ontology"
"In the ontology of Addiction, which of the following definitions best describes 'number of important others who smoke tobacco in a person's social environment.'?","A. An information content entity that is intended to be a truthful statement about something (modulo, e.g., measurement precision or other systematic errors) and is constructed/acquired by a method which reliably tends to produce (approximately) truthful statements.

B. A data item that is about the amount of money a person who smokes cigarettes spends on cigarettes.

C. A data item that is about the number of alcohol outlets per unit area within a geographical location.

D. A data item that is the number of important others who smoke tobacco in a person's social environment.",D,1_1,number of important others who smoke tobacco in a person's social environment.,http://addictovocab.org/ADDICTO_0001284,6,"Health & Medicine, Addiction Ontology"
"In the ontology of Addiction, which of the following definitions best describes 'number of important others who vape nicotine in a person's social environment.'?","A. A data item which indicates the number of number of cigarettes less per day a person has smoked since the last time data was collected.

B. A data item which indicates the number of years a person has been smoking cigarettes.

C. A data item which indicates the number of cigarettes smoked by a person since their target quit date.

D. A data item that is the number of important others who vape nicotine in a person's social environment.",D,1_1,number of important others who vape nicotine in a person's social environment.,http://addictovocab.org/ADDICTO_0001285,6,"Health & Medicine, Addiction Ontology"
"In the ontology of Addiction, which of the following definitions best describes 'double-blind study design'?","A. An interventional study design in which neither the investigators carrying out the study nor the participants are informed about which of two or more interventions the participants are to experience until the data set has been locked in preparation for the statistical analysis to be carried out.

B. A study design that includes specification of some intervention as part of the study process.

C. An interventional study design in which participants are randomly allocated to receive one of two or more interventions or no intervention using a study randomisation process.

D. An interventional design in which those carrying out the study, the participants and those specifying the statistical analyses are not informed of what intervention each participant will experience until after the data set is locked in preparation for the statistical analysis to be carried out.",A,1_1,double-blind study design,http://addictovocab.org/ADDICTO_0001293,9,"Health & Medicine, Addiction Ontology"
"In the ontology of Addiction, which of the following definitions best describes 'unblinded study design'?","A. A study design that includes specification of some intervention as part of the study process.

B. An interventional study design in which study participants are informed which of two or more interventions that they are to experience.

C. An interventional design in which those carrying out the study, the participants and those specifying the statistical analyses are not informed of what intervention each participant will experience until after the data set is locked in preparation for the statistical analysis to be carried out.

D. An interventional study design in which the participants are not informed about which of two or more interventions they are to experience until after an endpoint has been reached.",B,1_1,unblinded study design,http://addictovocab.org/ADDICTO_0001294,9,"Health & Medicine, Addiction Ontology"
"In the ontology of Addiction, which of the following definitions best describes 'triple-blind study design'?","A. An interventional design in which those carrying out the study, the participants and those specifying the statistical analyses are not informed of what intervention each participant will experience until after the data set is locked in preparation for the statistical analysis to be carried out.

B. An interventional study design in which the participants are not informed about which of two or more interventions they are to experience until after an endpoint has been reached.

C. An interventional study design in which study participants are informed which of two or more interventions that they are to experience.

D. An interventional study design in which participants are randomly allocated to receive one of two or more interventions or no intervention using a study randomisation process.",A,1_1,triple-blind study design,http://addictovocab.org/ADDICTO_0001295,9,"Health & Medicine, Addiction Ontology"
"In the ontology of Addiction, which of the following definitions best describes 'cross-over research study'?","A. A research study that implements a cross-over study design.

B. A planned process that executes some study design or protocol to generate scientific data that is interpreted to test or generate a hypothesis.

C. A tobacco smoker identity that is a core identity and a positive identity.

D. A research study that aims to determine the value of carrying out a full-scale study or intervention and how that study or intervention should be implemented.",A,1_1,cross-over research study,http://addictovocab.org/ADDICTO_0001298,7,"Health & Medicine, Addiction Ontology"
"In the ontology of Addiction, which of the following definitions best describes 'single-blind study design'?","A. An interventional study design in which the participants are not informed about which of two or more interventions they are to experience until after an endpoint has been reached.

B. A study design that includes specification of some intervention as part of the study process.

C. An interventional study design in which all the participants receive the same type of intervention.

D. An interventional study design in which neither the investigators carrying out the study nor the participants are informed about which of two or more interventions the participants are to experience until the data set has been locked in preparation for the statistical analysis to be carried out.",A,1_1,single-blind study design,http://addictovocab.org/ADDICTO_0001299,9,"Health & Medicine, Addiction Ontology"
"In the ontology of Addiction, which of the following definitions best describes 'study blinding procedure'?","A. Research activity about addiction.

B. A research activity whose purpose is to assign a number to an attribute of an object or event or to classify the object or event according to that attribute.

C. A research activity that forms part of a research study that aims to influence an outcome.

D. A research activity that aims to ensure that study participants in an interventional research study have as little information as possible about which of two or more interventions they are to experience.",D,1_1,study blinding procedure,http://addictovocab.org/ADDICTO_0001300,6,"Health & Medicine, Addiction Ontology"
"In the ontology of Addiction, which of the following definitions best describes 'conversational analysis protocol'?","A. A plan specification which has sufficient level of detail and quantitative information to communicate it between investigation agents, so that different investigation agents will reliably be able to independently reproduce the process.

B. A smokeless tobacco containing product that is designed for oral use, which is composed of dried tobacco flakes.

C. A protocol for the analysis of conversations.

D. A conversational analysis protocol that represents parts and features of conversations, including pauses and non-verbal utterances using a controlled vocabulary of symbols",C,1_1,conversational analysis protocol,http://addictovocab.org/ADDICTO_0001301,8,"Health & Medicine, Addiction Ontology"
"In the ontology of Addiction, which of the following definitions best describes 'Jefferson Transcription System'?","A. A spatially aggregated collection of nerve cell bodies in the CNS, consisting of one or more subpopulations that share cell type, chemical phenotype, and connections, and including nearby cells that share the same cell type, chemical phenotype, and connections. (CUMBO).

B. A psychoactive substance that is used to treat psychosis.

C. A conversational analysis protocol that represents parts and features of conversations, including pauses and non-verbal utterances using a controlled vocabulary of symbols

D. A protocol for the analysis of conversations.",C,1_1,Jefferson Transcription System,http://addictovocab.org/ADDICTO_0001302,9,"Health & Medicine, Addiction Ontology"
"In the ontology of Addiction, which of the following definitions best describes 'individually randomised controlled trial design'?","A. A randomised controlled trial design in which participants are randomised to study on more than one occasion during the study.

B. An interventional study design in which participants are randomly allocated to receive one of two or more interventions or no intervention using a study randomisation process.

C. A randomised controlled trial design in which individuals are randomly allocated to intervention arms.

D. A randomised controlled trial design that aims to evaluate the effectiveness of an intervention under conditions similar to those that would obtain were the intervention to be delivered in routine practice.",C,1_1,individually randomised controlled trial design,http://addictovocab.org/ADDICTO_0001305,10,"Health & Medicine, Addiction Ontology"
"In the ontology of Addiction, which of the following definitions best describes 'pragmatic randomised trial design'?","A. A randomised controlled trial design in which pre-existing groups of participants are randomly allocated to intervention arms.

B. A randomised controlled trial design in which participants are randomised to study on more than one occasion during the study.

C. A randomised controlled trial design that aims to evaluate the effectiveness of an intervention under conditions similar to those that would obtain were the intervention to be delivered in routine practice.

D. An interventional study design in which participants are randomly allocated to receive one of two or more interventions or no intervention using a study randomisation process.",C,1_1,pragmatic randomised trial design,http://addictovocab.org/ADDICTO_0001306,10,"Health & Medicine, Addiction Ontology"
"In the ontology of Addiction, which of the following definitions best describes 'in remission'?","A. A personal attribute in which the person has engaged in a behaviour pattern, having previously been abstinent but then resumed abstinence.

B. A personal attribute in which the person presents fewer or lower intensity of symptoms compared to their previous symptom presentation, and the current symptoms minimally interfere with their life.

C. A personal attribute that is how much alcohol a person consumes.

D. Attempting individual behaviour pattern cessation where the behaviour pattern is cigarette smoking.",B,1_1,in remission,http://addictovocab.org/ADDICTO_0001307,5,"Health & Medicine, Addiction Ontology"
"In the ontology of Addiction, which of the following definitions best describes 'addiction development'?","A. A bodily process in which a behavioural lapse results in relapse through negative emotions attributed by the person to the lapse.

B. A <process> in which at least one bodily component of an organism participates.

C. A bodily process in which addiction strength is increased.

D. A bodily process that is clinically abnormal.",C,1_1,addiction development,http://addictovocab.org/ADDICTO_0001318,5,"Health & Medicine, Addiction Ontology"
"In the ontology of Addiction, which of the following definitions best describes 'self-appraisal in relation to a social group'?","A. An appraisal by a person about themselves

B. A self-appraisal based on values held by a social group of which the person is a member.

C. A self-appraisal in which what is represented is appraised as good or desirable.

D. A self-appraisal in which what is represented is appraised as bad or undesirable.",B,1_1,self-appraisal in relation to a social group,http://addictovocab.org/ADDICTO_0001320,8,"Health & Medicine, Addiction Ontology"
"In the ontology of Addiction, which of the following definitions best describes 'nicotine dose obtained'?","A. A data item that is about the population-level harm from product use of one product compared with another.

B. A data item that is about the amount of nicotine that is absorbed into the body from use of a nicotine-containing product.

C. A data item referring to an amount of alcohol expressed in gram units.

D. A data item which indicates the number of days per week a person has drunk alcohol to levels which are considered to be excessive.",B,1_1,nicotine dose obtained,http://addictovocab.org/ADDICTO_0001323,6,"Health & Medicine, Addiction Ontology"
"In the ontology of Addiction, which of the following definitions best describes 'social grade'?","A. A personal attribute in which the person has resumed a behaviour pattern having previously abstained from that behaviour pattern.

B. A personal attribute that inheres in a person by virtue of their bodily makeup.

C. unemployed and lowest grade occupations.

D. A personal attribute in which the person has received a diagnosis of a disorder.",C,1_1,social grade,http://addictovocab.org/ADDICTO_0001324,5,"Health & Medicine, Addiction Ontology"
"In the ontology of Addiction, which of the following definitions best describes 'within-country location'?","A. A disorder which affects the musculoskeletal system, which provides form, support, stability and movement to the body.

B. A reference to a place on the Earth, by its name or by its geographical location

C. A within country location that is one of nine geographical regions that cover the country of England: North East, North West, Yorkshire, East Midlands, West Midlands, London, South East, East of England and South West.

D. A geographical location within a country where the intervention takes place.",D,1_1,within-country location,http://humanbehaviourchange.org/ontology/BCIO_026002,7,"Health & Medicine, Addiction Ontology"
"In the ontology of Addiction, which of the following definitions best describes 'pleasure associated with cigarette smoking'?","A. <Pleasure> that is experienced as a result of engaging in a behaviour.

B. A bodily disposition which is the degree to which the person is at risk of relapse to tobacco use.

C. A facility where some alcoholic beverage can be purchased.

D. Pleasure associated with a behaviour where the behaviour is cigarette smoking.",D,1_1,pleasure associated with cigarette smoking,http://addictovocab.org/ADDICTO_0001326,10,"Health & Medicine, Addiction Ontology"
"In the ontology of Addiction, which of the following definitions best describes 'pleasure associated with behaviour'?","A. <Pleasure> that is experienced as a result of engaging in a behaviour.

B. A personal attribute that is a time quality inhering in a person by virtue of how long since the person was born.

C. A positive emotion which is sought out and is associated with happiness and satisfaction.

D. Pleasure associated with a behaviour where the behaviour is cigarette smoking.",A,1_1,pleasure associated with behaviour,http://humanbehaviourchange.org/ontology/BCIO_006159,9,"Health & Medicine, Addiction Ontology"
"In the ontology of Addiction, which of the following definitions best describes 'behavioural intention'?","A. A <mental disposition> to commit to enact or not enact a behaviour

B. A mental disposition to experience motives in the performance of a professional role that are not aligned with the responsibilities of that role.

C. A mental disposition towards repeated episodes of abnormally high levels of motivation to engage in a behaviour, acquired as a result of engaging in the behaviour, where the behaviour results in risk or occurrence of serious net harm.

D. A mental disposition to prefer a psychoactive substance to other psychoactive substances.",A,1_1,behavioural intention,http://humanbehaviourchange.org/ontology/BCIO_006016,8,"Health & Medicine, Addiction Ontology"
"In the ontology of Addiction, which of the following definitions best describes 'history of diagnosis of a psychiatric disorder'?","A. A data item that is the year in which a document was published.

B. A personal attribute in which the person has received a diagnosis of a disorder.

C. A history of diagnosis of a disorder in which the disorder is a psychiatric disorder.

D. An antagonist at the nicotinic cholinergic receptor.",C,1_1,history of diagnosis of a psychiatric disorder,http://addictovocab.org/ADDICTO_0001331,6,"Health & Medicine, Addiction Ontology"
"In the ontology of Addiction, which of the following definitions best describes 'history of diagnosis of a disorder'?","A. A personal attribute that is the person's current or past state of physical or mental wellness.

B. A personal attribute in which the person has received a diagnosis of a disorder.

C. A personal attribute that is the how readily a person can access a service.

D. A personal attribute in which the person presents fewer or lower intensity of symptoms compared to their previous symptom presentation, and the current symptoms minimally interfere with their life.",B,1_1,history of diagnosis of a disorder,http://addictovocab.org/ADDICTO_0001332,5,"Health & Medicine, Addiction Ontology"
"In the ontology of Addiction, which of the following definitions best describes 'number of tobacco smoking cessation attempts in the past year'?","A. A data item that is about how many times the person has attempted to stop tobacco smoking in the past year.

B. A data item that is about human age and is expressed in years rounded down.

C. A data item which is the ratio of observed deaths in the study group to expected deaths in the general population.

D. A data item which indicates the number of puffs taken per day by a person on a e-cigarette.",A,1_1,number of tobacco smoking cessation attempts in the past year,http://addictovocab.org/ADDICTO_0001333,6,"Health & Medicine, Addiction Ontology"
"In the ontology of Addiction, which of the following definitions best describes 'attempting individual behaviour pattern cessation'?","A. A personal attribute that in which the person is putting into effect an intention to achieve cessation of a behaviour pattern.

B. A personal attribute that inheres in a person by virtue of their bodily makeup.

C. A personal attribute in which the person presents fewer or lower intensity of symptoms compared to their previous symptom presentation, and the current symptoms minimally interfere with their life.

D. A personal attribute that is the person's current or past state of physical or mental wellness.",A,1_1,attempting individual behaviour pattern cessation,http://addictovocab.org/ADDICTO_0001334,5,"Health & Medicine, Addiction Ontology"
"In the ontology of Addiction, which of the following definitions best describes 'attempting to stop cigarette smoking'?","A. A personal attribute in which a person who was suffering from a disorder no longer suffers from that disorder.

B. A personal attribute of a tobacco smoker that is how much of the person's tobacco smoking takes places in the presence of other people who are smoking.

C. A personal attribute in which the person has resumed a behaviour pattern having previously abstained from that behaviour pattern.

D. Attempting individual behaviour pattern cessation where the behaviour pattern is cigarette smoking.",D,1_1,attempting to stop cigarette smoking,http://addictovocab.org/ADDICTO_0001335,5,"Health & Medicine, Addiction Ontology"
"In the ontology of Addiction, which of the following definitions best describes 'strength of addiction to cigarette smoking'?","A. A psychoactive substance that is newly recognised as a drug of abuse.

B. A personal attribute that is the strength of motivation experienced to engage in the behaviour to which the person is addicted.

C. An e-liquid that is designed to be used with an electronic vaping device to replace the liquid in the tank of that device that has been used.

D. Addiction strength for cigarette smoking",D,1_1,strength of addiction to cigarette smoking,http://addictovocab.org/ADDICTO_0001339,6,"Health & Medicine, Addiction Ontology"
"In the ontology of Addiction, which of the following definitions best describes 'past-year varenicline use in a cigarette smoking cessation attempt'?","A. A personal history part that includes previously performing a behaviour.

B. Having enacted a behaviour that that involves having used behavioural support to aid a quit attempt in the past year.

C. A smokeless tobacco containing product that is designed for oral use, in which Burley and bright tobacco or cigar tobacco leaves, liquorice, and sugar are mixed to form a moist product.

D. Having enacted a behaviour that involves having used varenicline to aid a quit attempt in the past year.",D,1_1,past-year varenicline use in a cigarette smoking cessation attempt,http://addictovocab.org/ADDICTO_0001340,6,"Health & Medicine, Addiction Ontology"
"In the ontology of Addiction, which of the following definitions best describes 'cigarette smoker'?","A. A tobacco smoker who reports recently smoking.

B. A cigarette smoker who is tobacco dependent according to a defined and validated measure.

C. A tobacco smoker who is an ex-e-cigarette user

D. A tobacco smoker who smokes cigarettes.",D,1_1,cigarette smoker,http://addictovocab.org/ADDICTO_0001344,10,"Health & Medicine, Addiction Ontology"
"In the ontology of Addiction, which of the following definitions best describes 'agitation'?","A. A <bodily process> that occurs in the brain, and that can of itself be conscious, or can give rise to a process that can of itself be conscious or can give rise to behaviour.

B. A bodily process that involves anxiety, irritability and a heightened level of physiological arousal.

C. A bodily process that is clinically abnormal.

D. A bodily process involving clinical signs or symptoms, or onset, prolongation or worsening of a clinical disorder or disease.",B,1_1,agitation,http://addictovocab.org/ADDICTO_0001348,5,"Health & Medicine, Addiction Ontology"
"In the ontology of Addiction, which of the following definitions best describes 'binge drinking behaviour pattern'?","A. A repeated measures study design involving multiple repeated measurements taken in each of two or more conditions facilitating inferential statistical analyses to be undertaken to output statistical parameters from data sets for each individual participant.

B. A binge behaviour pattern in which the behaviour is consumption of an alcohol beverage

C. A consumption behaviour pattern involving repeated occurrences of binge behaviour sessions.

D. An identity that a person has about themselves.",B,1_1,binge drinking behaviour pattern,http://addictovocab.org/ADDICTO_0001351,8,"Health & Medicine, Addiction Ontology"
"In the ontology of Addiction, which of the following definitions best describes 'past 30-day binge drinking occurrence'?","A. A measurement datum is an information content entity that is a recording of the output of a measurement such as produced by a device.

B. A process aggregate of harm processes affecting some members of a population caused by product use by some members of the population.

C. A number denoting a quantity of cigarette smoking made up of the number of years of smoking multiplied by the number packs of 20 cigarettes smoked on average per day over that period.

D. A data item indicating whether or not a person has engaged in a binge drinking session in the past 30 days.",D,1_1,past 30-day binge drinking occurrence,http://addictovocab.org/ADDICTO_0001354,6,"Health & Medicine, Addiction Ontology"
"In the ontology of Addiction, which of the following definitions best describes 'time series analysis'?","A. A mental disposition to experience pleasure associated with cigarette smoking.

B. A substance user who uses cocaine.

C. A research activity in which parameters estimates describing features of a data set are output.

D. A statistical analysis involving multiple data points arising from measures taken at repeated intervals that outputs parameter estimates describing changes over time in the data.",D,1_1,time series analysis,http://addictovocab.org/ADDICTO_0001357,7,"Health & Medicine, Addiction Ontology"
"In the ontology of Addiction, which of the following definitions best describes 'measurement'?","A. A research activity in which a participant visits a research facility or is visited by a researcher for the purpose of taking some measurement.

B. A planned process executed in the performance of scientific research wherein systematic investigations are performed to establish facts and reach new conclusions about phenomena in the world.

C. A research activity in which parameters estimates describing features of a data set are output.

D. A research activity whose purpose is to assign a number to an attribute of an object or event or to classify the object or event according to that attribute.",D,1_1,measurement,http://addictovocab.org/ADDICTO_0001361,6,"Health & Medicine, Addiction Ontology"
"In the ontology of Addiction, which of the following definitions best describes 'health risk'?","A. A disposition of a person involving the probability of experiencing a given disease over a defined time period.

B. A disposition of a person involving the probability of experiencing cardiovascular disease or pulmonary disease over a defined time period.

C. A disposition of a person involving the probability of experiencing adverse health outcomes over a defined time period.

D. A disposition of a person involving the probability that exposure to some agent or substance will adversely transform cells to replicate and form a malignant tumor over a defined time period.",C,1_1,health risk,http://addictovocab.org/ADDICTO_0001364,7,"Health & Medicine, Addiction Ontology"
"In the ontology of Addiction, which of the following definitions best describes 'intention to quit substance use'?","A. A behavioural intention to stop using a psychoactive substance indefinitely.

B. A behavioural intention to stop smoking indefinitely.

C. Any organonitrogen heterocyclic compound based on a pyridine skeleton and its substituted derivatives.

D. A <mental disposition> to commit to enact or not enact a behaviour",A,1_1,intention to quit substance use,http://addictovocab.org/ADDICTO_0001368,9,"Health & Medicine, Addiction Ontology"
"In the ontology of Addiction, which of the following definitions best describes 'human age in years'?","A. A data item that is about human age and is expressed in years rounded down.

B. A data item which indicates the number of years a person has been smoking cigarettes.

C. A measurement datum is an information content entity that is a recording of the output of a measurement such as produced by a device.

D. The extent and rate at which a substance is absorbed in order to have a physiological affect on the whole body.",A,1_1,human age in years,http://addictovocab.org/ADDICTO_0001370,6,"Health & Medicine, Addiction Ontology"
"In the ontology of Addiction, which of the following definitions best describes 'laboratory facility'?","A. A molecular entity consisting of two or more chemical elements.

B. A toxicant that has an effect on the reproductive systsem.

C. A research facility in which systems of manufactured products control internal conditions and in which scientific or technological research, experiments, and measurement may be performed.

D. A facility where scientific research or measurements can be undertaken.",C,1_1,laboratory facility,http://addictovocab.org/ADDICTO_0001372,8,"Health & Medicine, Addiction Ontology"
"In the ontology of Addiction, which of the following definitions best describes 'research facility'?","A. A facility that is administered by a health care organization for the purpose of providing health care to a patient or patient population.

B. A facility that has at least one housing unit as part in which a person or persons live

C. A facility where scientific research or measurements can be undertaken.

D. An architectural structure that bears some function.",C,1_1,research facility,http://addictovocab.org/ADDICTO_0001373,7,"Health & Medicine, Addiction Ontology"
"In the ontology of Addiction, which of the following definitions best describes 'drug withdrawal syndrome'?","A. A bodily disposition that is the pressure of circulating blood.

B. A bodily disposition to undergo pathological processes characterized by physiological or psychological dysfunction that exists in an organism because of homeostatic disruption resulting from the cessation or reduction of repeated drug exposure.

C. A drug withdrawal syndrome that results from cessation or reduction of cannabis consumption.

D. A bodily disposition which is realised as impaired functioning following reduction or termination of use of a psychoactive substance as a result of long-term physiological adaptation to that substance.",B,1_1,drug withdrawal syndrome,http://addictovocab.org/ADDICTO_0001378,7,"Health & Medicine, Addiction Ontology"
"In the ontology of Addiction, which of the following definitions best describes 'alcohol withdrawal syndrome'?","A. A drug withdrawal syndrome that results from cessation or reduction of nicotine consumption.

B. A drug withdrawal syndrome that results from cessation or reduction of consumption of an opioid drug.

C. A drug withdrawal syndrome that results from cessation or reduction of cannabis consumption.

D. A drug withdrawal syndrome that results from cessation or reduction of alcohol consumption.",D,1_1,alcohol withdrawal syndrome,http://addictovocab.org/ADDICTO_0001383,8,"Health & Medicine, Addiction Ontology"
"In the ontology of Addiction, which of the following definitions best describes 'cannabis withdrawal syndrome'?","A. A drug withdrawal syndrome that results from cessation or reduction of consumption of an opioid drug.

B. A drug withdrawal syndrome that results from cessation or reduction of alcohol consumption.

C. A drug withdrawal syndrome that results from cessation or reduction of nicotine consumption.

D. A drug withdrawal syndrome that results from cessation or reduction of cannabis consumption.",D,1_1,cannabis withdrawal syndrome,http://addictovocab.org/ADDICTO_0001384,8,"Health & Medicine, Addiction Ontology"
"In the ontology of Addiction, which of the following definitions best describes 'opioid withdrawal symptom'?","A. A drug withdrawal syndrome that results from cessation or reduction of consumption of an opioid drug.

B. A drug withdrawal syndrome that results from cessation or reduction of nicotine consumption.

C. A drug withdrawal syndrome that results from cessation or reduction of alcohol consumption.

D. A bodily disposition to undergo pathological processes characterized by physiological or psychological dysfunction that exists in an organism because of homeostatic disruption resulting from the cessation or reduction of repeated drug exposure.",A,1_1,opioid withdrawal symptom,http://addictovocab.org/ADDICTO_0001385,8,"Health & Medicine, Addiction Ontology"
"In the ontology of Addiction, which of the following definitions best describes 'social grade AB'?","A. A social grade where the person's primary income is from state benefit or they are unemployed or in unstable, low paid, unskilled employment.

B. A social grade where the person's occupation is higher and intermediate professional or managerial.

C. unemployed and lowest grade occupations.

D. A social grade where the person's occupation is supervisory, clerical, or junior managerial or administrative or professional.",B,1_1,social grade AB,http://addictovocab.org/ADDICTO_0001389,6,"Health & Medicine, Addiction Ontology"
"In the ontology of Addiction, which of the following definitions best describes 'social grade C2'?","A. A social grade where the person's occupation is as a skilled manual worker.

B. A social grade where the person's primary income is from state benefit or they are unemployed or in unstable, low paid, unskilled employment.

C. A social grade where the person's occupation is as a semi-skilled or unskilled manual worker.

D. A social grade where the person's occupation is higher and intermediate professional or managerial.",A,1_1,social grade C2,http://addictovocab.org/ADDICTO_0001391,6,"Health & Medicine, Addiction Ontology"
"In the ontology of Addiction, which of the following definitions best describes 'social grade D'?","A. A social grade where the person's occupation is as a skilled manual worker.

B. unemployed and lowest grade occupations.

C. A social grade where the person's occupation is higher and intermediate professional or managerial.

D. A social grade where the person's occupation is as a semi-skilled or unskilled manual worker.",D,1_1,social grade D,http://addictovocab.org/ADDICTO_0001392,6,"Health & Medicine, Addiction Ontology"
"In the ontology of Addiction, which of the following definitions best describes 'past or current mental health disorder'?","A. A mental health status in which the person has suffered from, or currently suffers from, a diagnosable mental health disorder.

B. A person who receives money or goods in exchange for sexual services.

C. A health status where the medical condition is a mental health condition.

D. A data item which indicates the number of number of cigarettes less per day a person has smoked since the last time data was collected.",A,1_1,past or current mental health disorder,http://addictovocab.org/ADDICTO_0001394,7,"Health & Medicine, Addiction Ontology"
"In the ontology of Addiction, which of the following definitions best describes 'personal role'?","A. A role is particular behaviour which a material entity may exhibit.

B. a role which inheres in a person and is realized by the process of being under the care of a physician or health care provider

C. A <role> that inheres in a human being by virtue of their social and institutional circumstances.

D. A realizable entity the manifestation of which brings about some result or end that is not essential to a continuant in virtue of the kind of thing that it is but that can be served or participated in by that kind of continuant in some kinds of natural, social or institutional contexts.",C,1_1,personal role,http://humanbehaviourchange.org/ontology/BCIO_006081,6,"Health & Medicine, Addiction Ontology"
"In the ontology of Addiction, which of the following definitions best describes 'sexual orientation'?","A. A personal attribute that is the pattern of a person's emotional, romantic and/or sexual attractions.

B. A personal attribute that could lead to a competing interest.

C. A personal attribute of a tobacco smoker that is how much of the person's tobacco smoking takes places in the presence of other people who are smoking.

D. A personal attribute that is a person's ability to carry out activities needed to thrive and their mental well-being.",A,1_1,sexual orientation,http://humanbehaviourchange.org/ontology/BCIO_015003,5,"Health & Medicine, Addiction Ontology"
"In the ontology of Addiction, which of the following definitions best describes 'bisexual'?","A. A facility that has at least one housing unit as part in which a person or persons live

B. A sexual orientation of an individual who experiences sexual attraction to members of more than one sex.

C. An artifact that has a product role.

D. A personal attribute that is the pattern of a person's emotional, romantic and/or sexual attractions.",B,1_1,bisexual,http://humanbehaviourchange.org/ontology/BCIO_015005,6,"Health & Medicine, Addiction Ontology"
"In the ontology of Addiction, which of the following definitions best describes 'inpatient role'?","A. A patient role which inheres in a person and is realized by coming to a healthcare facility for diagnosis or treatment but not being admitted for an overnight stay.

B. a role which inheres in a person and is realized by the process of being under the care of a physician or health care provider

C. A patient role which inheres in a person and is realized by being under the care of a physician or health care provider and being admitted to a hospital or equivalent facility.

D. A smokeless tobacco containing product that is designed for oral use, in which sun/fire dried tobacco leaves are mixed with ash to form a quid.",C,1_1,inpatient role,http://humanbehaviourchange.org/ontology/BCIO_015079,7,"Health & Medicine, Addiction Ontology"
"In the ontology of Addiction, which of the following definitions best describes 'biological mother population statistic'?","A. The aggregate of biological mother in a population.

B. A data item referring to an amount of alcohol expressed in gram units.

C. A data item that is about the age at which a nicotine product was first used.

D. A data item which indicates the number of days a person has remained abstinent from a particular substance or behaviour.",A,1_1,biological mother population statistic,http://humanbehaviourchange.org/ontology/BCIO_015243,6,"Health & Medicine, Addiction Ontology"
"In the ontology of Addiction, which of the following definitions best describes 'geographic location'?","A. A continuant entity that is a continuant_part_of spaceR as defined relative to some frame R

B. A geographical location within a country where the intervention takes place.

C. A spatial region that has a government and is recognised as a country in international law.

D. A reference to a place on the Earth, by its name or by its geographical location",D,1_1,geographic location,http://purl.obolibrary.org/obo/GAZ_00000448,6,"Health & Medicine, Addiction Ontology"
"In the ontology of Addiction, which of the following definitions best describes 'hospital outpatient clinic facility'?","A. A research activity that forms part of a research study that aims to influence an outcome.

B. A hospital facility to treat patients without them staying overnight, often after a hospital visit.

C. A health care facility that bears the function to provide acute and intensive healthcare services and that is run by a hospital organization and is the bearer of a hospital function.

D. A directive information entity that describes an action the bearer will take.",B,1_1,hospital outpatient clinic facility,http://humanbehaviourchange.org/ontology/BCIO_026015,9,"Health & Medicine, Addiction Ontology"
"In the ontology of Addiction, which of the following definitions best describes 'process aggregate'?","A. An occurrent consisting exactly of a plurality of processes that are process_aggregate_member_parts_of that occurrent for all times at which it exists.

B. A fiat part of a complex phenomenon that has salience in a particular context.

C. An occurrent [span:Occurrent] that exists in time by occurring or happening, has temporal parts and always involves and depends on some entity.

D. A process aggregate whose member parts are of the same type.",A,1_1,process aggregate,http://humanbehaviourchange.org/ontology/BCIO_036107,3,"Health & Medicine, Addiction Ontology"
"In the ontology of Addiction, which of the following definitions best describes 'individual human behaviour'?","A. A <bodily process> of a human that involves co-ordinated contraction of striated muscles controlled by the brain.

B. An individual human behaviour that relates to a material entity.

C. A <process> in which at least one bodily component of an organism participates.

D. A bodily process that is clinically abnormal.",A,1_1,individual human behaviour,http://humanbehaviourchange.org/ontology/BCIO_036000,5,"Health & Medicine, Addiction Ontology"
"In the ontology of Addiction, which of the following definitions best describes 'individual human activity'?","A. A process that realizes a plan which is the concretization of a plan specification.

B. A process that is part of a personal history.

C. A process that is produced by a person.

D. A process undertaken by an organisation with the aim of increasing use of a product or service.",C,1_1,individual human activity,http://humanbehaviourchange.org/ontology/BCIO_040000,4,"Health & Medicine, Addiction Ontology"
"In the ontology of Addiction, which of the following definitions best describes 'tobacco smoking behaviour'?","A. Tobacco use behaviour that involves the use of a smokeless tobacco-containing product.

B. A tobacco smoking behaviour that involves setting light to one end of a cigarette, putting the other end to the lips and sucking in order to ingest cigarette smoke.

C. A tobacco use behaviour that involves setting light to a combustible tobacco product and ingesting the tobacco smoke that is produced.

D. A substance use behaviour that involves ingesting constituents of a tobacco-containing product.",C,1_1,tobacco smoking behaviour,http://humanbehaviourchange.org/ontology/BCIO_036103,10,"Health & Medicine, Addiction Ontology"
"In the ontology of Addiction, which of the following definitions best describes 'tobacco smoking behaviour pattern'?","A. A compound formally derived from ammonia by replacing one, two or three hydrogen atoms by hydrocarbyl groups.

B. A substance use behaviour pattern that involves tobacco use.

C. A tobacco smoking behaviour pattern that indicates current use of cigarettes.

D. A tobacco use behaviour pattern that involves tobacco smoking behaviour.",D,1_1,tobacco smoking behaviour pattern,http://humanbehaviourchange.org/ontology/BCIO_036104,9,"Health & Medicine, Addiction Ontology"
"In the ontology of Addiction, which of the following definitions best describes 'cigarette smoking behaviour pattern'?","A. A material entity that is considered to be an object.

B. A tobacco smoking behaviour pattern that indicates current use of cigarettes.

C. A tobacco use behaviour pattern that involves tobacco smoking behaviour.

D. Treatment demand that is influenced by the availability of the treatment to to population.",B,1_1,cigarette smoking behaviour pattern,http://humanbehaviourchange.org/ontology/BCIO_036106,10,"Health & Medicine, Addiction Ontology"
"In the ontology of Addiction, which of the following definitions best describes 'human population'?","A. An aggregate of human beings.

B. A drug attribute which describes the process by which a drug is released into the blood stream at a predetermined rate to maintain a specific drug concentration over a period of time.

C. An almond-shaped cluster of nuclei located within the medial temporal lobe of the brain, which makes up part of the limbic system, that serves a role in memory, emotional reactions and decision-making.

D. An object aggregate that consists of particles of solids and liquids suspended in air.",A,1_1,human population,http://humanbehaviourchange.org/ontology/BCIO_041000,6,"Health & Medicine, Addiction Ontology"
"In the ontology of Addiction, which of the following definitions best describes 'providing healthcare'?","A. A data item that represents a human being who has received an intervention intended to result in cessation of an addictive behaviour and who, after a period of abstinence, has resumed the behaviour.

B. A health-related behaviour that involves assessing, monitoring, improving or maintaining an aspect of another person’s health.

C. An individual human behaviour that relates to health.

D. Providing healthcare that involves advising and authorising the use of a treatment to improve or maintain another person's health or wellbeing.",B,1_1,providing healthcare,http://humanbehaviourchange.org/ontology/BCIO_050413,7,"Health & Medicine, Addiction Ontology"
"In the ontology of Addiction, which of the following definitions best describes 'electronic vaping device use'?","A. Inhaling consumption that involves the use of an electronic vaping device.

B. Inhaling consumption that involves using a device to consume an aerosol.

C. Inhaling consumption that involves using an e-cigarette.

D. An <affective process> that is a synchronized aggregate of constituent mental processes, including an appraisal process, which is valenced, has an object, and gives rise to an action tendency.",A,1_1,electronic vaping device use,http://humanbehaviourchange.org/ontology/BCIO_050378,10,"Health & Medicine, Addiction Ontology"
"In the ontology of Addiction, which of the following definitions best describes 'vaping device use'?","A. Inhaling consumption that involves using an e-cigarette.

B. A consumption behaviour that involves breathing in a material through the nose or mouth.

C. Inhaling consumption that involves the use of an electronic vaping device.

D. Inhaling consumption that involves using a device to consume an aerosol.",D,1_1,vaping device use,http://humanbehaviourchange.org/ontology/BCIO_050379,9,"Health & Medicine, Addiction Ontology"
"In the ontology of Addiction, which of the following definitions best describes 'continuant'?","A. A material entity consisting of multiple components that are causally integrated.

B. A continuant that is dependent on one or other independent continuant bearers. For every instance of A requires some instance of (an independent continuant type) B but which instance of B serves can change from time to time.

C. An entity that exists in full at any time in which it exists at all, persists through time while maintaining its identity and has no temporal parts.

D. An entity that has temporal parts and that happens, unfolds or develops through time.",C,1_1,continuant,http://purl.obolibrary.org/obo/BFO_0000002,2,"Health & Medicine, Addiction Ontology"
"In the ontology of Addiction, which of the following definitions best describes 'anilide'?","A. Any aromatic amide obtained by acylation of aniline.

B. Any organochlorine compound containing a benzene ring which is substituted by one or more chlorines.

C. Any member of the class of benzenes that is a substituted benzene in which the substituents include one (and only one) methyl group.

D. Any benzenoid aromatic compound consisting of the benzene skeleton and its substituted derivatives.",A,1_1,anilide,http://purl.obolibrary.org/obo/CHEBI_13248,16,"Health & Medicine, Addiction Ontology"
"In the ontology of Addiction, which of the following definitions best describes 'monocarboxylic acid amide'?","A. Cyclic amides of amino carboxylic acids, having a 1-azacycloalkan-2-one structure, or analogues having unsaturation or heteroatoms replacing one or more carbon atoms of the ring.

B. A monocarboxylic acid amide resulting from the formal condensation of the aryl amino group of N-phenyl-1-(2-phenylethyl)piperidin-4-amine with propanoic acid.

C. A carboxamide derived from a monocarboxylic acid.

D. An amide of a carboxylic acid, having the structure RC(=O)NR2. The term is used as a suffix in systematic name formation to denote the -C(=O)NH2 group including its carbon atom.",C,1_1,monocarboxylic acid amide,http://purl.obolibrary.org/obo/CHEBI_29347,15,"Health & Medicine, Addiction Ontology"
"In the ontology of Addiction, which of the following definitions best describes 'atomoxetine'?","A. A secondary amino compound having methyl and 3-(2-methylphenoxy)-3-phenylpropan-1-yl substituents.

B. A compound formally derived from ammonia by replacing two hydrogen atoms by organyl groups.

C. An aromatic ketone that is propiophenone substituted at C-4 and at C-beta with methyl and methylamino groups respectively. It is a synthetic stimulant and entactogen drug of the amphetamine and cathinone classes.

D. An organic heterotetracyclic compound that acts as a partial agonist for nicotinic cholinergic receptors and is used (in the form of its tartate salt) as an aid to giving up smoking.",A,1_1,atomoxetine,http://purl.obolibrary.org/obo/CHEBI_127342,17,"Health & Medicine, Addiction Ontology"
"In the ontology of Addiction, which of the following definitions best describes 'toluenes'?","A. Any organochlorine compound containing a benzene ring which is substituted by one or more chlorines.

B. A secondary amino compound having methyl and 3-(2-methylphenoxy)-3-phenylpropan-1-yl substituents.

C. Any aromatic amide obtained by acylation of aniline.

D. Any member of the class of benzenes that is a substituted benzene in which the substituents include one (and only one) methyl group.",D,1_1,toluenes,http://purl.obolibrary.org/obo/CHEBI_27024,16,"Health & Medicine, Addiction Ontology"
"In the ontology of Addiction, which of the following definitions best describes 'secondary amino compound'?","A. A compound formally derived from ammonia by replacing two hydrogen atoms by hydrocarbyl groups.

B. A compound formally derived from ammonia by replacing two hydrogen atoms by organyl groups.

C. An aromatic ketone that is propiophenone carrying a tert-butylamino group at position 2 and a chloro substituent at position 3 on the phenyl ring.

D. A compound formally derived from ammonia by replacing three hydrogen atoms by organyl groups.",B,1_1,secondary amino compound,http://purl.obolibrary.org/obo/CHEBI_50995,14,"Health & Medicine, Addiction Ontology"
"In the ontology of Addiction, which of the following definitions best describes 'benzenes'?","A. Any aromatic amide obtained by acylation of aniline.

B. Any member of the class of benzenes that is a substituted benzene in which the substituents include one (and only one) methyl group.

C. Any organochlorine compound containing a benzene ring which is substituted by one or more chlorines.

D. Any benzenoid aromatic compound consisting of the benzene skeleton and its substituted derivatives.",D,1_1,benzenes,http://purl.obolibrary.org/obo/CHEBI_22712,15,"Health & Medicine, Addiction Ontology"
"In the ontology of Addiction, which of the following definitions best describes 'volatile organic compound'?","A. An oxide in which the oxygen atom is bonded to a carbon atom.

B. Any organic compound having an initial boiling point less than or equal to 250 degreeC (482 degreeF) measured at a standard atmospheric pressure of 101.3 kPa.

C. Organic compounds containing an oxygen atom, =O, doubly bonded to carbon or another element.

D. The primary alcohol that is the simplest aliphatic alcohol, comprising a methyl and an alcohol group.",B,1_1,volatile organic compound,http://purl.obolibrary.org/obo/CHEBI_134179,12,"Health & Medicine, Addiction Ontology"
"In the ontology of Addiction, which of the following definitions best describes 'organic molecule'?","A. An oxide in which the oxygen atom is bonded to a carbon atom.

B. Any molecule that consists of at least one carbon atom as part of the electrically neutral entity.

C. Organic compounds containing an oxygen atom, =O, doubly bonded to carbon or another element.

D. Any lipid formally derived from isoprene (2-methylbuta-1,3-diene), the skeleton of which can generally be discerned in repeated occurrence in the molecule. The skeleton of isoprenoids may differ from strict additivity of isoprene units by loss or shift of a fragment, commonly a methyl group. The class includes both hydrocarbons and oxygenated derivatives.",B,1_1,organic molecule,http://purl.obolibrary.org/obo/CHEBI_72695,11,"Health & Medicine, Addiction Ontology"
"In the ontology of Addiction, which of the following definitions best describes 'gas molecular entity'?","A. An s-block molecular entity is a molecular entity containing one or more atoms of an s-block element.

B. Any main group molecular entity that is gaseous at standard temperature and pressure (STP; 0degreeC and 100 kPa).

C. A molecular entity containing one or more atoms from any of groups 1, 2, 13, 14, 15, 16, 17, and 18 of the periodic table.

D. A main group molecular entity that contains one or more atoms of a p-block element.",B,1_1,gas molecular entity,http://purl.obolibrary.org/obo/CHEBI_138675,8,"Health & Medicine, Addiction Ontology"
"In the ontology of Addiction, which of the following definitions best describes '3,4-methylenedioxymethamphetamine'?","A. Amines that constitute a class of central nervous system stimulants based on the structure of the parent amphetamine 1-phenylpropan-2-amine.

B. A racemate comprising equimolar amounts of (R)-amphetamine (also known as levamphetamine or levoamphetamine) and (S)-amphetamine (also known as dexamfetamine or dextroamphetamine.

C. A member of the class of amphetamines in which the amino group of (S)-amphetamine carries a methyl substituent.

D. A member of the class of benzodioxoles that is 1,3-benzodioxole substituted by a 2-(methylamino)propyl group at position 5.",D,1_1,"3,4-methylenedioxymethamphetamine",http://purl.obolibrary.org/obo/CHEBI_1391,17,"Health & Medicine, Addiction Ontology"
"In the ontology of Addiction, which of the following definitions best describes 'amphetamines'?","A. An aromatic ketone that is propiophenone substituted at C-4 and at C-beta with methyl and methylamino groups respectively. It is a synthetic stimulant and entactogen drug of the amphetamine and cathinone classes.

B. Amines that constitute a class of central nervous system stimulants based on the structure of the parent amphetamine 1-phenylpropan-2-amine.

C. A compound formally derived from ammonia by replacing two hydrogen atoms by hydrocarbyl groups.

D. A racemate comprising equimolar amounts of (R)-amphetamine (also known as levamphetamine or levoamphetamine) and (S)-amphetamine (also known as dexamfetamine or dextroamphetamine.",B,1_1,amphetamines,http://purl.obolibrary.org/obo/CHEBI_35338,15,"Health & Medicine, Addiction Ontology"
"In the ontology of Addiction, which of the following definitions best describes 'primary alcohol'?","A. The primary alcohol that is the simplest aliphatic alcohol, comprising a methyl and an alcohol group.

B. A primary alcohol is a compound in which a hydroxy group, -OH, is attached to a saturated carbon atom which has either three hydrogen atoms attached to it or only one other carbon atom and two hydrogen atoms attached to it.

C. A compound in which a hydroxy group, -OH, is attached to a saturated carbon atom.

D. A primary alcohol that is ethane in which one of the hydrogens is substituted by a hydroxy group.",B,1_1,primary alcohol,http://purl.obolibrary.org/obo/CHEBI_15734,14,"Health & Medicine, Addiction Ontology"
"In the ontology of Addiction, which of the following definitions best describes 'alcohol'?","A. A compound in which a hydroxy group, -OH, is attached to a saturated carbon atom.

B. A tertiary alcohol is a compound in which a hydroxy group, -OH, is attached to a saturated carbon atom which has three other carbon atoms attached to it.

C. A secondary alcohol is a compound in which a hydroxy group, -OH, is attached to a saturated carbon atom which has two other carbon atoms attached to it.

D. Organic aromatic compounds having one or more hydroxy groups attached to a benzene or other arene ring.",A,1_1,alcohol,http://purl.obolibrary.org/obo/CHEBI_30879,13,"Health & Medicine, Addiction Ontology"
"In the ontology of Addiction, which of the following definitions best describes 'ethanols'?","A. Any primary alcohol based on an ethanol skeleton.

B. A primary alcohol is a compound in which a hydroxy group, -OH, is attached to a saturated carbon atom which has either three hydrogen atoms attached to it or only one other carbon atom and two hydrogen atoms attached to it.

C. The primary alcohol that is the simplest aliphatic alcohol, comprising a methyl and an alcohol group.

D. A primary alcohol that is ethane in which one of the hydrogens is substituted by a hydroxy group.",A,1_1,ethanols,http://purl.obolibrary.org/obo/CHEBI_23982,15,"Health & Medicine, Addiction Ontology"
"In the ontology of Addiction, which of the following definitions best describes 'alkyl alcohol'?","A. An aliphatic alcohol in which the aliphatic alkane chain is substituted by a hydroxy group at unspecified position.

B. An alcohol derived from an aliphatic compound.

C. The primary alcohol that is the simplest aliphatic alcohol, comprising a methyl and an alcohol group.

D. A primary alcohol that is ethane in which one of the hydrogens is substituted by a hydroxy group.",A,1_1,alkyl alcohol,http://purl.obolibrary.org/obo/CHEBI_50584,15,"Health & Medicine, Addiction Ontology"
"In the ontology of Addiction, which of the following definitions best describes 'naphthalene'?","A. An aromatic hydrocarbon comprising two fused benzene rings. It occurs in the essential oils of numerous plant species e.g. magnolia.

B. A one-carbon compound in which the carbon is joined only to a single oxygen. It is a colourless, odourless, tasteless, toxic gas.

C. A cigarette pack that contains the full product brand name and brand imagery printed on it.

D. Any benzenoid aromatic compound having a skeleton composed of two ortho-fused benzene rings.",A,1_1,naphthalene,http://purl.obolibrary.org/obo/CHEBI_16482,19,"Health & Medicine, Addiction Ontology"
"In the ontology of Addiction, which of the following definitions best describes 'naphthalenes'?","A. Any benzenoid aromatic compound consisting of the benzene skeleton and its substituted derivatives.

B. Any benzenoid aromatic compound having a skeleton composed of two ortho-fused benzene rings.

C. An aromatic hydrocarbon comprising two fused benzene rings. It occurs in the essential oils of numerous plant species e.g. magnolia.

D. A bicyclic compound in which all the ring atoms are carbon.",B,1_1,naphthalenes,http://purl.obolibrary.org/obo/CHEBI_25477,16,"Health & Medicine, Addiction Ontology"
"In the ontology of Addiction, which of the following definitions best describes 'codeine'?","A. A morphinane alkaloid that is 7,8-dihydromorphine 6-O-methyl ether in which positions 6 and 14 are joined by a -CH2CH2- bridge, one of the hydrogens of the N-methyl group is substituted by cyclopropyl, and a hydrogen at position 7 is substituted by a 2-hydroxy-3,3-dimethylbutan-2-yl group. It is highly effective for the treatment of opioid use disorder and is also increasingly being used in the treatment of chronic pain.

B. A morphinane-like compound that is a semi-synthetic opioid synthesized from codeine.

C. An organic heteropentacyclic compound that is naloxone substituted in which the allyl group attached to the nitrogen is replaced by a cyclopropylmethyl group. A mu-opioid receptor antagonist, it is used to treat alcohol dependence.

D. A morphinane alkaloid found in the opium poppy, Papaver somniferum var. album; has analgesic, anti-tussive and anti-diarrhoeal properties.",D,1_1,codeine,http://purl.obolibrary.org/obo/CHEBI_16714,16,"Health & Medicine, Addiction Ontology"
"In the ontology of Addiction, which of the following definitions best describes 'morphinane alkaloid'?","A. A synthetic morphinane alkaloid that is morphinone in which the enone double bond has been reduced to a single bond, the hydrogen at position 14 has been replaced by a hydroxy group, and the methyl group attached to the nitrogen has been replaced by an allyl group.

B. A morphinane alkaloid that is morphine bearing two acetyl substituents on the O-3 and O-6 positions.

C. An isoquinoline alkaloid based on a morphinan skeleton and its substituted derivatives.

D. A morphinane alkaloid that is 7,8-dihydromorphine 6-O-methyl ether in which positions 6 and 14 are joined by a -CH2CH2- bridge, one of the hydrogens of the N-methyl group is substituted by cyclopropyl, and a hydrogen at position 7 is substituted by a 2-hydroxy-3,3-dimethylbutan-2-yl group. It is highly effective for the treatment of opioid use disorder and is also increasingly being used in the treatment of chronic pain.",C,1_1,morphinane alkaloid,http://purl.obolibrary.org/obo/CHEBI_25418,15,"Health & Medicine, Addiction Ontology"
"In the ontology of Addiction, which of the following definitions best describes 'formaldehyde'?","A. An organic molecular entity containing a single carbon atom (C1).

B. A one-carbon compound in which the carbon is joined only to a single oxygen. It is a colourless, odourless, tasteless, toxic gas.

C. A compound RC(=O)H, in which a carbonyl group is bonded to one hydrogen atom and to one R group.

D. An aldehyde resulting from the formal oxidation of methanol.",D,1_1,formaldehyde,http://purl.obolibrary.org/obo/CHEBI_16842,16,"Health & Medicine, Addiction Ontology"
"In the ontology of Addiction, which of the following definitions best describes 'one-carbon compound'?","A. An organic fundamental parent is a structure used as a basis for substitutive names in organic nomenclature, containing, in addition to one or more hydrogen atoms, a single atom of an element, a number of atoms (alike or different) linked together to form an unbranched chain, a monocyclic or polycyclic ring system, or a ring assembly or ring/chain system.

B. Any organic molecular entity that is acidic and contains carbon in covalent linkage.

C. An organic molecular entity containing a single carbon atom (C1).

D. Any organic molecular entity derived from a natural product by partial chemical synthesis.",C,1_1,one-carbon compound,http://purl.obolibrary.org/obo/CHEBI_64708,11,"Health & Medicine, Addiction Ontology"
"In the ontology of Addiction, which of the following definitions best describes 'ketone'?","A. A compound in which a carbonyl group is bonded to two carbon atoms: R2C=O (neither R may be H).

B. An ester of a carboxylic acid, R(1)C(=O)OR(2), where R(1) = H or organyl and R(2) = organyl.

C. A ketone that is heptan-3-one substituted by a dimethylamino group at position 6 and two phenyl groups at position 4.

D. A ketone in which the carbonyl group is attached to an aromatic ring.",A,1_1,ketone,http://purl.obolibrary.org/obo/CHEBI_17087,15,"Health & Medicine, Addiction Ontology"
"In the ontology of Addiction, which of the following definitions best describes 'carbonyl compound'?","A. An organochalcogen compound containing at least one carbon-oxygen bond.

B. An amide of a carboxylic acid, having the structure RC(=O)NR2. The term is used as a suffix in systematic name formation to denote the -C(=O)NH2 group including its carbon atom.

C. Any organic heterocyclic compound containing at least one ring oxygen atom.

D. Any compound containing the carbonyl group, C=O. The term is commonly used in the restricted sense of aldehydes and ketones, although it actually includes carboxylic acids and derivatives.",D,1_1,carbonyl compound,http://purl.obolibrary.org/obo/CHEBI_36586,14,"Health & Medicine, Addiction Ontology"
"In the ontology of Addiction, which of the following definitions best describes 'propanal'?","A. An aldehyde that consists of ethane bearing a formyl substituent. The parent of the class of propanals.

B. A compound RC(=O)H, in which a carbonyl group is bonded to one hydrogen atom and to one R group.

C. An aldehyde resulting from the formal oxidation of methanol.

D. An aldehyde of general formula R-CH2-CH=O in which the aldehydic C=O function is attached to a CH2 group at the alpha-position.",A,1_1,propanal,http://purl.obolibrary.org/obo/CHEBI_17153,17,"Health & Medicine, Addiction Ontology"
"In the ontology of Addiction, which of the following definitions best describes 'alpha-CH2-containing aldehyde'?","A. An aldehyde of general formula R-CH2-CH=O in which the aldehydic C=O function is attached to a CH2 group at the alpha-position.

B. An aldehyde of general formula R(1)R(2)C=CR(3)-CH=O or RC#C-CH=O in which the aldehydic C=O function is conjugated to an unsaturated C-C bond at the alpha,beta position.

C. An aldehyde resulting from the formal oxidation of methanol.

D. An aldehyde that consists of ethane bearing a formyl substituent. The parent of the class of propanals.",A,1_1,alpha-CH2-containing aldehyde,http://purl.obolibrary.org/obo/CHEBI_73359,16,"Health & Medicine, Addiction Ontology"
"In the ontology of Addiction, which of the following definitions best describes 'carbon monoxide'?","A. A one-carbon compound in which the carbon is joined only to a single oxygen. It is a colourless, odourless, tasteless, toxic gas.

B. The primary alcohol that is the simplest aliphatic alcohol, comprising a methyl and an alcohol group.

C. Any main group molecular entity that is gaseous at standard temperature and pressure (STP; 0degreeC and 100 kPa).

D. An aldehyde resulting from the formal oxidation of methanol.",A,1_1,carbon monoxide,http://purl.obolibrary.org/obo/CHEBI_17245,15,"Health & Medicine, Addiction Ontology"
"In the ontology of Addiction, which of the following definitions best describes 'methanol'?","A. Any primary alcohol based on an ethanol skeleton.

B. Any organic compound having an initial boiling point less than or equal to 250 degreeC (482 degreeF) measured at a standard atmospheric pressure of 101.3 kPa.

C. The primary alcohol that is the simplest aliphatic alcohol, comprising a methyl and an alcohol group.

D. An aldehyde resulting from the formal oxidation of methanol.",C,1_1,methanol,http://purl.obolibrary.org/obo/CHEBI_17790,16,"Health & Medicine, Addiction Ontology"
"In the ontology of Addiction, which of the following definitions best describes 'organohalogen compound'?","A. A compound containing at least one carbon-halogen bond (where X is a halogen atom).

B. A cyclic compound having as ring members atoms of carbon and at least of one other element.

C. An organochlorine compound is a compound containing at least one carbon-chlorine bond.

D. Any heteroorganic entity containing at least one carbon-nitrogen bond.",A,1_1,organohalogen compound,http://purl.obolibrary.org/obo/CHEBI_17792,12,"Health & Medicine, Addiction Ontology"
"In the ontology of Addiction, which of the following definitions best describes 'heteroorganic entity'?","A. An organic fundamental parent is a structure used as a basis for substitutive names in organic nomenclature, containing, in addition to one or more hydrogen atoms, a single atom of an element, a number of atoms (alike or different) linked together to form an unbranched chain, a monocyclic or polycyclic ring system, or a ring assembly or ring/chain system.

B. A heteroorganic entity is an organic molecular entity in which carbon atoms or organic groups are bonded directly to one or more heteroatoms.

C. Any molecular entity that contains carbon.

D. Any organic molecular entity that contains at least one C=C bond.",B,1_1,heteroorganic entity,http://purl.obolibrary.org/obo/CHEBI_33285,11,"Health & Medicine, Addiction Ontology"
"In the ontology of Addiction, which of the following definitions best describes 'lipid'?","A. 'Lipids' is a loosely defined term for substances of biological origin that are soluble in nonpolar solvents. They consist of saponifiable lipids, such as glycerides (fats and oils) and phospholipids, as well as nonsaponifiable lipids, principally steroids.

B. A compound formally derived from ammonia by replacing one, two or three hydrogen atoms by organyl groups.

C. Any molecular entity that contains carbon.

D. Any organic molecular entity that is acidic and contains carbon in covalent linkage.",A,1_1,lipid,http://purl.obolibrary.org/obo/CHEBI_18059,11,"Health & Medicine, Addiction Ontology"
"In the ontology of Addiction, which of the following definitions best describes 'organic molecular entity'?","A. Any organic molecular entity that contains at least one C=C bond.

B. Any molecular entity that contains carbon.

C. A heteroorganic entity is an organic molecular entity in which carbon atoms or organic groups are bonded directly to one or more heteroatoms.

D. Any molecule that consists of at least one carbon atom as part of the electrically neutral entity.",B,1_1,organic molecular entity,http://purl.obolibrary.org/obo/CHEBI_50860,10,"Health & Medicine, Addiction Ontology"
"In the ontology of Addiction, which of the following definitions best describes 'acetyl-amino acid'?","A. A metabolite of acrolein and may be found in the urine of smokers.

B. Any derivative of an amino acid resulting from reaction at an amino group, carboxy group, side-chain functional group, or from the replacement of any hydrogen by a heteroatom. The definition normally excludes peptides containing amino acid residues.

C. Any amino acid derivative that is the N-acetyl or O-acetyl derivative of an amino acid.

D. An amino acid derivative resulting from reaction of cysteine at the amino group, carboxy group, or thiol group, or from the replacement of any hydrogen of cysteine by a heteroatom. The definition normally excludes peptides containing cysteine residues.",C,1_1,acetyl-amino acid,http://purl.obolibrary.org/obo/CHEBI_22195,14,"Health & Medicine, Addiction Ontology"
"In the ontology of Addiction, which of the following definitions best describes 'amino-acid derivative'?","A. Any amino acid derivative that is the N-acetyl or O-acetyl derivative of an amino acid.

B. Any heteroorganic entity containing at least one carbon-nitrogen bond.

C. Any derivative of an amino acid resulting from reaction at an amino group, carboxy group, side-chain functional group, or from the replacement of any hydrogen by a heteroatom. The definition normally excludes peptides containing amino acid residues.

D. Any organonitrogen compound containing a cyclic component with nitrogen and at least one other element as ring member atoms.",C,1_1,amino-acid derivative,http://purl.obolibrary.org/obo/CHEBI_83821,13,"Health & Medicine, Addiction Ontology"
"In the ontology of Addiction, which of the following definitions best describes 'acetylcysteine'?","A. A process aggregate of harm processes affecting some members of a population caused by product use by some members of the population.

B. Any amino acid derivative that is the N-acetyl or O-acetyl derivative of an amino acid.

C. An amino acid derivative resulting from reaction of cysteine at the amino group, carboxy group, or thiol group, or from the replacement of any hydrogen of cysteine by a heteroatom. The definition normally excludes peptides containing cysteine residues.

D. A metabolite of acrolein and may be found in the urine of smokers.",D,1_1,acetylcysteine,http://purl.obolibrary.org/obo/CHEBI_22198,15,"Health & Medicine, Addiction Ontology"
"In the ontology of Addiction, which of the following definitions best describes 'cysteine derivative'?","A. A metabolite of acrolein and may be found in the urine of smokers.

B. Any derivative of an amino acid resulting from reaction at an amino group, carboxy group, side-chain functional group, or from the replacement of any hydrogen by a heteroatom. The definition normally excludes peptides containing amino acid residues.

C. Any amino acid derivative that is the N-acetyl or O-acetyl derivative of an amino acid.

D. An amino acid derivative resulting from reaction of cysteine at the amino group, carboxy group, or thiol group, or from the replacement of any hydrogen of cysteine by a heteroatom. The definition normally excludes peptides containing cysteine residues.",D,1_1,cysteine derivative,http://purl.obolibrary.org/obo/CHEBI_23509,14,"Health & Medicine, Addiction Ontology"
"In the ontology of Addiction, which of the following definitions best describes 'alkaloid'?","A. Any of the naturally occurring, basic nitrogen compounds (mostly heterocyclic) occurring mostly in the plant kingdom, but also found in bacteria, fungi, and animals. By extension, certain neutral compounds biogenetically related to basic alkaloids are also classed as alkaloids. Amino acids, peptides, proteins, nucleotides, nucleic acids, amino sugars and antibiotics are not normally regarded as alkaloids. Compounds in which the nitrogen is exocyclic (dopamine, mescaline, serotonin, etc.) are usually classed as amines rather than alkaloids.

B. A compound formally derived from ammonia by replacing one, two or three hydrogen atoms by organyl groups.

C. Any organonitrogen compound containing a cyclic component with nitrogen and at least one other element as ring member atoms.

D. Any derivative of an amino acid resulting from reaction at an amino group, carboxy group, side-chain functional group, or from the replacement of any hydrogen by a heteroatom. The definition normally excludes peptides containing amino acid residues.",A,1_1,alkaloid,http://purl.obolibrary.org/obo/CHEBI_22315,13,"Health & Medicine, Addiction Ontology"
"In the ontology of Addiction, which of the following definitions best describes 'organonitrogen compound'?","A. Any heteroorganic entity containing at least one carbon-nitrogen bond.

B. A hydrazide consisting of hydrazine carrying one or more carboacyl groups.

C. Compounds derived from oxoacids RkE(=O)l(OH)m (l =/= 0) by replacing -OH by -NRNR2 (R groups are commonly H). (IUPAC).

D. An amide is a derivative of an oxoacid RkE(=O)l(OH)m (l =/= 0) in which an acidic hydroxy group has been replaced by an amino or substituted amino group.",A,1_1,organonitrogen compound,http://purl.obolibrary.org/obo/CHEBI_35352,12,"Health & Medicine, Addiction Ontology"
"In the ontology of Addiction, which of the following definitions best describes 'benzodiazepine'?","A. Cyclic amides of amino carboxylic acids, having a 1-azacycloalkan-2-one structure, or analogues having unsaturation or heteroatoms replacing one or more carbon atoms of the ring.

B. Any organonitrogen heterocyclic compound based on a pyridine skeleton and its substituted derivatives.

C. Any of a class of heterocyclic amines having a saturated five-membered ring.

D. A group of heterocyclic compounds with a core structure containing a benzene ring fused to a diazepine ring.",D,1_1,benzodiazepine,http://purl.obolibrary.org/obo/CHEBI_22720,15,"Health & Medicine, Addiction Ontology"
"In the ontology of Addiction, which of the following definitions best describes 'diazole'?","A. A personal attribute of a tobacco smoker that is how much of the person's tobacco smoking takes places in the presence of other people who are smoking.

B. A plant structure (PO:0005679) which is a whole organism.

C. Any monocyclic heteroarene consisting of a five-membered ring containing nitrogen. Azoles can also contain one or more other non-carbon atoms, such as nitrogen, sulfur or oxygen.

D. An azole that is either one of a pair of heterocyclic organic compounds comprising three carbon atoms and two nitrogen atoms arranged in a ring.",D,1_1,diazole,http://purl.obolibrary.org/obo/CHEBI_23677,17,"Health & Medicine, Addiction Ontology"
"In the ontology of Addiction, which of the following definitions best describes 'dichlorobenzene'?","A. Any member of the class of chlorobenzenes carrying two chloro groups at unspecified positions.

B. Any organochlorine compound containing a benzene ring which is substituted by one or more chlorines.

C. An N-arylpiperazine that is piperazine substituted by a 4-[(2-oxo-1,2,3,4-tetrahydroquinolin-7-yl)oxy]butyl group at position 1 and by a 2,3-dichlorophenyl group at position 4. It is an antipsychotic drug used for the treatment of Schizophrenia, and other mood disorders.

D. Any member of the class of chlorobenzenes containing a mono- or poly-substituted benzene ring in which only one substituent is chlorine.",A,1_1,dichlorobenzene,http://purl.obolibrary.org/obo/CHEBI_23697,17,"Health & Medicine, Addiction Ontology"
"In the ontology of Addiction, which of the following definitions best describes 'quinolines'?","A. Any monocyclic or polycyclic aromatic hydrocarbon.

B. An ester where the ester linkage is bonded directly to an aromatic system.

C. A class of aromatic heterocyclic compounds each of which contains a benzene ring ortho fused to carbons 2 and 3 of a pyridine ring.

D. Any organonitrogen compound containing a cyclic component with nitrogen and at least one other element as ring member atoms.",C,1_1,quinolines,http://purl.obolibrary.org/obo/CHEBI_26513,15,"Health & Medicine, Addiction Ontology"
"In the ontology of Addiction, which of the following definitions best describes 'diterpenoid'?","A. Any terpenoid derived from a diterpene. The term includes compounds in which the C20 skeleton of the parent diterpene has been rearranged or modified by the removal of one or more skeletal atoms (generally methyl groups).

B. A fetal alcohol spectrum disorder that results in damage to organs, bones, or muscles due to prenatal alcohol exposure.

C. Any isoprenoid that is a natural product or related compound formally derived from isoprene units. Terpenoids may contain oxygen in various functional groups. This class is subdivided according to the number of carbon atoms in the parent terpene. The skeleton of terpenoids may differ from strict additivity of isoprene units by the loss or shift of a fragment, generally a methyl group.

D. A diterpenoid that is 6a,7,8,10a-tetrahydro-6H-benzo[c]chromene substituted at position 1 by a hydroxy group, positions 6, 6 and 9 by methyl groups and at position 3 by a pentyl group.",A,1_1,diterpenoid,http://purl.obolibrary.org/obo/CHEBI_23849,14,"Health & Medicine, Addiction Ontology"
"In the ontology of Addiction, which of the following definitions best describes 'terpenoid'?","A. Any isoprenoid that is a natural product or related compound formally derived from isoprene units. Terpenoids may contain oxygen in various functional groups. This class is subdivided according to the number of carbon atoms in the parent terpene. The skeleton of terpenoids may differ from strict additivity of isoprene units by the loss or shift of a fragment, generally a methyl group.

B. Any lipid formally derived from isoprene (2-methylbuta-1,3-diene), the skeleton of which can generally be discerned in repeated occurrence in the molecule. The skeleton of isoprenoids may differ from strict additivity of isoprene units by loss or shift of a fragment, commonly a methyl group. The class includes both hydrocarbons and oxygenated derivatives.

C. A smokeless tobacco-containing product that is manufactured to be held in the mouth.

D. Any terpenoid derived from a diterpene. The term includes compounds in which the C20 skeleton of the parent diterpene has been rearranged or modified by the removal of one or more skeletal atoms (generally methyl groups).",A,1_1,terpenoid,http://purl.obolibrary.org/obo/CHEBI_26873,13,"Health & Medicine, Addiction Ontology"
"In the ontology of Addiction, which of the following definitions best describes 'inhibitor'?","A. A biological role which describes how a drug interacts within a biological system and how the interactions affect its medicinal properties.

B. A biological role played by the molecular entity or part thereof within a biochemical context.

C. A role played by the molecular entity or part thereof within a biological context.

D. A substance that diminishes the rate of a chemical reaction.",D,1_1,inhibitor,http://purl.obolibrary.org/obo/CHEBI_35222,7,"Health & Medicine, Addiction Ontology"
"In the ontology of Addiction, which of the following definitions best describes 'biological role'?","A. A sample is a substance role played by a biological substance as an input substance to a protocol.

B. A role played by the molecular entity or part thereof within a biological context.

C. a role borne by a molecular entity and is realized in a process of absorption by an organism alters, or effects (or is assumed to effect) a function(s) which inhere in an organism

D. A <role> that inheres in a human being by virtue of their social and institutional circumstances.",B,1_1,biological role,http://purl.obolibrary.org/obo/CHEBI_24432,6,"Health & Medicine, Addiction Ontology"
"In the ontology of Addiction, which of the following definitions best describes 'p-block molecular entity'?","A. A p-block molecular entity containing any pnictogen.

B. A main group molecular entity that contains one or more atoms of a p-block element.

C. An s-block molecular entity is a molecular entity containing one or more atoms of an s-block element.

D. Any p-block molecular entity containing a chalcogen.",B,1_1,p-block molecular entity,http://purl.obolibrary.org/obo/CHEBI_33675,8,"Health & Medicine, Addiction Ontology"
"In the ontology of Addiction, which of the following definitions best describes 'organic cyclic compound'?","A. Any organic molecule that consists of atoms connected in the form of a ring.

B. A homocyclic compound in which all of the ring members are carbon atoms.

C. A cyclic compound having as ring members atoms of at least two different elements.

D. A cyclically conjugated molecular entity with a stability (due to delocalization) significantly greater than that of a hypothetical localized structure (e.g. Kekule structure) is said to possess aromatic character.",A,1_1,organic cyclic compound,http://purl.obolibrary.org/obo/CHEBI_33832,12,"Health & Medicine, Addiction Ontology"
"In the ontology of Addiction, which of the following definitions best describes 'hydrocarbon'?","A. An organic fundamental parent is a structure used as a basis for substitutive names in organic nomenclature, containing, in addition to one or more hydrogen atoms, a single atom of an element, a number of atoms (alike or different) linked together to form an unbranched chain, a monocyclic or polycyclic ring system, or a ring assembly or ring/chain system.

B. A compound consisting of carbon and hydrogen only.

C. A polycyclic compound in which two rings have two, and only two, atoms in common. Such compounds have n common faces and 2n common atoms.

D. A tobacco use behaviour that involves setting light to a combustible tobacco product and ingesting the tobacco smoke that is produced.",B,1_1,hydrocarbon,http://purl.obolibrary.org/obo/CHEBI_24632,13,"Health & Medicine, Addiction Ontology"
"In the ontology of Addiction, which of the following definitions best describes 'organic fundamental parent'?","A. Any organic molecular entity that contains at least one C=C bond.

B. An organic fundamental parent is a structure used as a basis for substitutive names in organic nomenclature, containing, in addition to one or more hydrogen atoms, a single atom of an element, a number of atoms (alike or different) linked together to form an unbranched chain, a monocyclic or polycyclic ring system, or a ring assembly or ring/chain system.

C. Any molecular entity that contains carbon.

D. Any lipid formally derived from isoprene (2-methylbuta-1,3-diene), the skeleton of which can generally be discerned in repeated occurrence in the molecule. The skeleton of isoprenoids may differ from strict additivity of isoprene units by loss or shift of a fragment, commonly a methyl group. The class includes both hydrocarbons and oxygenated derivatives.",B,1_1,organic fundamental parent,http://purl.obolibrary.org/obo/CHEBI_33245,12,"Health & Medicine, Addiction Ontology"
"In the ontology of Addiction, which of the following definitions best describes 'oxoacid'?","A. Hydroxides are chemical compounds containing a hydroxy group or salts containing hydroxide (OH(-)).

B. A data item that is about an intervention and is the estimated financial cost of delivering that intervention to a population in a setting in order to gain one QALY in the population.

C. A compound which contains oxygen, at least one other element, and at least one hydrogen bound to oxygen, and which produces a conjugate base by loss of positive hydrogen ion(s) (hydrons).

D. An organic compound having at least one hydroxy group attached to a carbon atom.",C,1_1,oxoacid,http://purl.obolibrary.org/obo/CHEBI_24833,12,"Health & Medicine, Addiction Ontology"
"In the ontology of Addiction, which of the following definitions best describes 'isoquinoline alkaloid'?","A. An organic heterotricyclic compound that is the toxic principle in Laburnum seeds and is found in many members of the Fabaceae (legume, pea or bean) family. An acetylcholine agonist, it is widely used throughout Eastern Europe as an aid to giving up smoking.

B. Any of the naturally occurring, basic nitrogen compounds (mostly heterocyclic) occurring mostly in the plant kingdom, but also found in bacteria, fungi, and animals. By extension, certain neutral compounds biogenetically related to basic alkaloids are also classed as alkaloids. Amino acids, peptides, proteins, nucleotides, nucleic acids, amino sugars and antibiotics are not normally regarded as alkaloids. Compounds in which the nitrogen is exocyclic (dopamine, mescaline, serotonin, etc.) are usually classed as amines rather than alkaloids.

C. Any alkaloid that has a structure based on an isoquinoline nucleus. They are derived from the amino acids like tyrosine and phenylalanine.

D. An isoquinoline alkaloid based on a morphinan skeleton and its substituted derivatives.",C,1_1,isoquinoline alkaloid,http://purl.obolibrary.org/obo/CHEBI_24921,14,"Health & Medicine, Addiction Ontology"
"In the ontology of Addiction, which of the following definitions best describes 'lactam'?","A. A group of heterocyclic compounds with a core structure containing a benzene ring fused to a diazepine ring.

B. Cyclic amides of amino carboxylic acids, having a 1-azacycloalkan-2-one structure, or analogues having unsaturation or heteroatoms replacing one or more carbon atoms of the ring.

C. An organic heterotricyclic compound that is the toxic principle in Laburnum seeds and is found in many members of the Fabaceae (legume, pea or bean) family. An acetylcholine agonist, it is widely used throughout Eastern Europe as an aid to giving up smoking.

D. A lactam in which the amide bond is contained within a six-membered ring, which includes the amide nitrogen and the carbonyl carbon.",B,1_1,lactam,http://purl.obolibrary.org/obo/CHEBI_24995,15,"Health & Medicine, Addiction Ontology"
"In the ontology of Addiction, which of the following definitions best describes 'methyl ester'?","A. Any carboxylic ester resulting from the formal condensation of a carboxy group with methanol.

B. A tropane alkaloid obtained from leaves of the South American shrub Erythroxylon coca.

C. Esters of benzoic acid or substituted benzoic acids.

D. An ester of a carboxylic acid, R(1)C(=O)OR(2), where R(1) = H or organyl and R(2) = organyl.",A,1_1,methyl ester,http://purl.obolibrary.org/obo/CHEBI_25248,16,"Health & Medicine, Addiction Ontology"
"In the ontology of Addiction, which of the following definitions best describes 'molecule'?","A. Any polyatomic entity that is an electrically neutral entity consisting of more than one atom.

B. Any molecule that consists of at least one carbon atom as part of the electrically neutral entity.

C. A molecular entity consisting of two or more chemical elements.

D. Any molecule that consists of a series of atoms joined together to form a ring.",A,1_1,molecule,http://purl.obolibrary.org/obo/CHEBI_25367,8,"Health & Medicine, Addiction Ontology"
"In the ontology of Addiction, which of the following definitions best describes 'polyatomic entity'?","A. Any molecular entity consisting of more than one atom.

B. Any polyatomic entity that is an electrically neutral entity consisting of more than one atom.

C. A molecular entity containing one or more atoms from any of groups 1, 2, 13, 14, 15, 16, 17, and 18 of the periodic table.

D. Any constitutionally or isotopically distinct atom, molecule, ion, ion pair, radical, radical ion, complex, conformer etc., identifiable as a separately distinguishable entity.",A,1_1,polyatomic entity,http://purl.obolibrary.org/obo/CHEBI_36357,7,"Health & Medicine, Addiction Ontology"
"In the ontology of Addiction, which of the following definitions best describes 'monocarboxylic acid'?","A. A carbon oxoacid acid carrying at least one -C(=O)OH group and having the structure RC(=O)OH, where R is any any monovalent functional group. Carboxylic acids are the most common type of organic acid.

B. A carboxylic acid containing one or more amino groups.

C. A monocarboxylic acid that is butanoic acid substituted by an amino group at position 4 and a 4-chlorophenyl group at position 3.

D. An oxoacid containing a single carboxy group.",D,1_1,monocarboxylic acid,http://purl.obolibrary.org/obo/CHEBI_25384,16,"Health & Medicine, Addiction Ontology"
"In the ontology of Addiction, which of the following definitions best describes 'carboxylic acid'?","A. A carbon oxoacid acid carrying at least one -C(=O)OH group and having the structure RC(=O)OH, where R is any any monovalent functional group. Carboxylic acids are the most common type of organic acid.

B. Any organic molecular entity that is acidic and contains carbon in covalent linkage.

C. Any compound containing the carbonyl group, C=O. The term is commonly used in the restricted sense of aldehydes and ketones, although it actually includes carboxylic acids and derivatives.

D. An oxoacid containing a single carboxy group.",A,1_1,carboxylic acid,http://purl.obolibrary.org/obo/CHEBI_33575,15,"Health & Medicine, Addiction Ontology"
"In the ontology of Addiction, which of the following definitions best describes 'ether'?","A. A compound formally derived from an oxoacid RkE(=O)l(OH)m (l > 0) and an alcohol, phenol, heteroarenol, or enol by linking with formal loss of water from an acidic hydroxy group of the former and a hydroxy group of the latter.

B. Natural and synthetic compounds containing alternating carbonyl and methylene groups ('beta-polyketones'), biogenetically derived from repeated condensation of acetyl coenzyme A (via malonyl coenzyme A), and usually the compounds derived from them by further condensations, etc. Considered by many to be synonymous with the less frequently used terms acetogenins and ketides.

C. Any ether in which the oxygen is attached to at least one aryl substituent.

D. An organooxygen compound with formula ROR, where R is not hydrogen.",D,1_1,ether,http://purl.obolibrary.org/obo/CHEBI_25698,14,"Health & Medicine, Addiction Ontology"
"In the ontology of Addiction, which of the following definitions best describes 'oxide'?","A. An organochalcogen compound containing at least one carbon-oxygen bond.

B. Hydrides are chemical compounds of hydrogen with other chemical elements.

C. Any heteroatomic molecular entity that is a chemical compound of halogen with other chemical elements.

D. An oxide is a chemical compound of oxygen with other chemical elements.",D,1_1,oxide,http://purl.obolibrary.org/obo/CHEBI_25741,11,"Health & Medicine, Addiction Ontology"
"In the ontology of Addiction, which of the following definitions best describes 'aliphatic alcohol'?","A. A tertiary alcohol is a compound in which a hydroxy group, -OH, is attached to a saturated carbon atom which has three other carbon atoms attached to it.

B. An aliphatic alcohol in which the aliphatic alkane chain is substituted by a hydroxy group at unspecified position.

C. An alcohol derived from an aliphatic compound.

D. A primary alcohol is a compound in which a hydroxy group, -OH, is attached to a saturated carbon atom which has either three hydrogen atoms attached to it or only one other carbon atom and two hydrogen atoms attached to it.",C,1_1,aliphatic alcohol,http://purl.obolibrary.org/obo/CHEBI_2571,14,"Health & Medicine, Addiction Ontology"
"In the ontology of Addiction, which of the following definitions best describes 'polyketide'?","A. Natural and synthetic compounds containing alternating carbonyl and methylene groups ('beta-polyketones'), biogenetically derived from repeated condensation of acetyl coenzyme A (via malonyl coenzyme A), and usually the compounds derived from them by further condensations, etc. Considered by many to be synonymous with the less frequently used terms acetogenins and ketides.

B. A compound formally derived from an oxoacid RkE(=O)l(OH)m (l > 0) and an alcohol, phenol, heteroarenol, or enol by linking with formal loss of water from an acidic hydroxy group of the former and a hydroxy group of the latter.

C. An organooxygen compound with formula ROR, where R is not hydrogen.

D. Any compound containing the carbonyl group, C=O. The term is commonly used in the restricted sense of aldehydes and ketones, although it actually includes carboxylic acids and derivatives.",A,1_1,polyketide,http://purl.obolibrary.org/obo/CHEBI_26188,14,"Health & Medicine, Addiction Ontology"
"In the ontology of Addiction, which of the following definitions best describes 'purines'?","A. A class of imidazopyrimidines that consists of purine and its substituted derivatives.

B. A disposition of a pharmaceutical to cause some clinical symptom or medical condition when taken into the body.

C. An ex-smoker who has not smoked for approximately one-year or more.

D. A data item that describes the percentage of study participants for whom a measurement is taken at a follow-up point.",A,1_1,purines,http://purl.obolibrary.org/obo/CHEBI_26401,17,"Health & Medicine, Addiction Ontology"
"In the ontology of Addiction, which of the following definitions best describes 'pyridines'?","A. Any of a class of heterocyclic amines having a saturated five-membered ring.

B. Any organonitrogen heterocyclic compound based on a morphinan skeleton. These are synthetic or semi-synthetic compounds that resemble the morphinane (opioid) alkaloids in their pharmacological effects.

C. Any monocyclic heteroarene consisting of a five-membered ring containing nitrogen. Azoles can also contain one or more other non-carbon atoms, such as nitrogen, sulfur or oxygen.

D. Any organonitrogen heterocyclic compound based on a pyridine skeleton and its substituted derivatives.",D,1_1,pyridines,http://purl.obolibrary.org/obo/CHEBI_26421,15,"Health & Medicine, Addiction Ontology"
"In the ontology of Addiction, which of the following definitions best describes 'pyrrolidines'?","A. Any of a class of heterocyclic amines having a saturated five-membered ring.

B. Any organonitrogen compound containing a cyclic component with nitrogen and at least one other element as ring member atoms.

C. Any organonitrogen heterocyclic compound based on a morphinan skeleton. These are synthetic or semi-synthetic compounds that resemble the morphinane (opioid) alkaloids in their pharmacological effects.

D. A class of aromatic heterocyclic compounds each of which contains a benzene ring ortho fused to carbons 2 and 3 of a pyridine ring.",A,1_1,pyrrolidines,http://purl.obolibrary.org/obo/CHEBI_38260,15,"Health & Medicine, Addiction Ontology"
"In the ontology of Addiction, which of the following definitions best describes 'amphetamine'?","A. A ketone that is heptan-3-one substituted by a dimethylamino group at position 6 and two phenyl groups at position 4.

B. A racemate composed of equimolar amounts of (R)- and (S)-nicotine.

C. A racemate is an equimolar mixture of a pair of enantiomers.

D. A racemate comprising equimolar amounts of (R)-amphetamine (also known as levamphetamine or levoamphetamine) and (S)-amphetamine (also known as dexamfetamine or dextroamphetamine.",D,1_1,amphetamine,http://purl.obolibrary.org/obo/CHEBI_2679,16,"Health & Medicine, Addiction Ontology"
"In the ontology of Addiction, which of the following definitions best describes 'tertiary alcohol'?","A. A secondary alcohol is a compound in which a hydroxy group, -OH, is attached to a saturated carbon atom which has two other carbon atoms attached to it.

B. A synthetic morphinane alkaloid that is morphinone in which the enone double bond has been reduced to a single bond, the hydrogen at position 14 has been replaced by a hydroxy group, and the methyl group attached to the nitrogen has been replaced by an allyl group.

C. An alcohol derived from an aliphatic compound.

D. A tertiary alcohol is a compound in which a hydroxy group, -OH, is attached to a saturated carbon atom which has three other carbon atoms attached to it.",D,1_1,tertiary alcohol,http://purl.obolibrary.org/obo/CHEBI_26878,14,"Health & Medicine, Addiction Ontology"
"In the ontology of Addiction, which of the following definitions best describes 'organic heterotricyclic compound'?","A. A group of heterocyclic compounds with a core structure containing a benzene ring fused to a diazepine ring.

B. An organic heterotricyclic compound that is the toxic principle in Laburnum seeds and is found in many members of the Fabaceae (legume, pea or bean) family. An acetylcholine agonist, it is widely used throughout Eastern Europe as an aid to giving up smoking.

C. An organic tricyclic compound in which at least one of the rings of the tricyclic skeleton contains one or more heteroatoms.

D. A disease is a disposition (i) to undergo pathological processes that (ii) exists in an organism because of one or more disorders in that organism.",C,1_1,organic heterotricyclic compound,http://purl.obolibrary.org/obo/CHEBI_26979,15,"Health & Medicine, Addiction Ontology"
"In the ontology of Addiction, which of the following definitions best describes 'heterobicyclic compound'?","A. A polycyclic compound in which at least one of the rings contains at least one non-carbon atom.

B. A bicyclic compound in which all the ring atoms are carbon.

C. A bicyclic compound in which at least one of the rings contains at least one skeletal heteroatom.

D. A molecule that features two fused rings.",C,1_1,heterobicyclic compound,http://purl.obolibrary.org/obo/CHEBI_33672,11,"Health & Medicine, Addiction Ontology"
"In the ontology of Addiction, which of the following definitions best describes 'caffeine'?","A. A bodily process that is clinically abnormal.

B. A trimethylxanthine in which the three methyl groups are located at positions 1, 3, and 7. A purine alkaloid that occurs naturally in tea and coffee.

C. A daily tobacco user who engages in tobacco smoking every day.

D. A class of cannabinoid that consists of synthetic analogs of the naturally occuring cannabinoids.",B,1_1,caffeine,http://purl.obolibrary.org/obo/CHEBI_27732,21,"Health & Medicine, Addiction Ontology"
"In the ontology of Addiction, which of the following definitions best describes 'heroin'?","A. An isoquinoline alkaloid based on a morphinan skeleton and its substituted derivatives.

B. A synthetic morphinane alkaloid that is morphinone in which the enone double bond has been reduced to a single bond, the hydrogen at position 14 has been replaced by a hydroxy group, and the methyl group attached to the nitrogen has been replaced by an allyl group.

C. A morphinane alkaloid found in the opium poppy, Papaver somniferum var. album; has analgesic, anti-tussive and anti-diarrhoeal properties.

D. A morphinane alkaloid that is morphine bearing two acetyl substituents on the O-3 and O-6 positions.",D,1_1,heroin,http://purl.obolibrary.org/obo/CHEBI_27808,16,"Health & Medicine, Addiction Ontology"
"In the ontology of Addiction, which of the following definitions best describes 'tertiary amino compound'?","A. A compound formally derived from ammonia by replacing two hydrogen atoms by organyl groups.

B. A compound formally derived from ammonia by replacing one hydrogen atom by an organyl group.

C. A compound formally derived from ammonia by replacing one, two or three hydrogen atoms by organyl groups.

D. A compound formally derived from ammonia by replacing three hydrogen atoms by organyl groups.",D,1_1,tertiary amino compound,http://purl.obolibrary.org/obo/CHEBI_50996,14,"Health & Medicine, Addiction Ontology"
"In the ontology of Addiction, which of the following definitions best describes 'baclofen'?","A. A compound formally derived from ammonia by replacing one hydrogen atom by an organyl group.

B. A monocarboxylic acid that is butanoic acid substituted by an amino group at position 4 and a 4-chlorophenyl group at position 3.

C. A gamma-amino acid that is cyclohexane substituted at position 1 by aminomethyl and carboxymethyl groups. Used for treatment of neuropathic pain and restless legs syndrome.

D. Any member of the class of chlorobenzenes containing a mono- or poly-substituted benzene ring in which only one substituent is chlorine.",B,1_1,baclofen,http://purl.obolibrary.org/obo/CHEBI_2972,19,"Health & Medicine, Addiction Ontology"
"In the ontology of Addiction, which of the following definitions best describes 'gamma-amino acid'?","A. A gamma-amino acid that is cyclohexane substituted at position 1 by aminomethyl and carboxymethyl groups. Used for treatment of neuropathic pain and restless legs syndrome.

B. A non-proteinogenic amino-acid in which the amino group is located on the carbon atom at the position gamma to the carboxy group.

C. Any amino-acid that is not naturally encoded in the genetic code of any organism.

D. A monocarboxylic acid that is butanoic acid substituted by an amino group at position 4 and a 4-chlorophenyl group at position 3.",B,1_1,gamma-amino acid,http://purl.obolibrary.org/obo/CHEBI_33707,18,"Health & Medicine, Addiction Ontology"
"In the ontology of Addiction, which of the following definitions best describes 'primary amino compound'?","A. A compound formally derived from ammonia by replacing one, two or three hydrogen atoms by organyl groups.

B. A compound formally derived from ammonia by replacing two hydrogen atoms by organyl groups.

C. A compound formally derived from ammonia by replacing one hydrogen atom by an organyl group.

D. An amino compound in which the amino group is linked directly to an aromatic system.",C,1_1,primary amino compound,http://purl.obolibrary.org/obo/CHEBI_50994,14,"Health & Medicine, Addiction Ontology"
"In the ontology of Addiction, which of the following definitions best describes 'monochlorobenzenes'?","A. Any member of the class of chlorobenzenes containing a mono- or poly-substituted benzene ring in which only one substituent is chlorine.

B. An aromatic ketone that is propiophenone carrying a tert-butylamino group at position 2 and a chloro substituent at position 3 on the phenyl ring.

C. A carbohydrazide obtained by formal condensation of the carboxy group of 5-(4-chlorophenyl)-1-(2,4-dichlorophenyl)-4-methyl-1H-pyrazole-3-carboxylic acid with the amino group of 1-aminopiperidine. It is a potent and selective cannabinoid receptor 1 (CB1R) antagonist. Besides its antagonistic properties, numerous studies have shown that, at micromolar concentrations rimonabant behaves as an inverse agonist at CB1 receptors. The drug was the first selective CB1 antagonist/inverse agonist introduced into clinical practice to treat obesity and metabolic-related disorders. It was later withdrawn from market due to CNS-related adverse effects including depression and suicidal ideation.

D. Any member of the class of chlorobenzenes carrying two chloro groups at unspecified positions.",A,1_1,monochlorobenzenes,http://purl.obolibrary.org/obo/CHEBI_83403,17,"Health & Medicine, Addiction Ontology"
"In the ontology of Addiction, which of the following definitions best describes 'organic hydroxy compound'?","A. A compound in which a hydroxy group, -OH, is attached to a saturated carbon atom.

B. A compound formally derived from ammonia by replacing one, two or three hydrogen atoms by organyl groups.

C. 'Lipids' is a loosely defined term for substances of biological origin that are soluble in nonpolar solvents. They consist of saponifiable lipids, such as glycerides (fats and oils) and phospholipids, as well as nonsaponifiable lipids, principally steroids.

D. An organic compound having at least one hydroxy group attached to a carbon atom.",D,1_1,organic hydroxy compound,http://purl.obolibrary.org/obo/CHEBI_33822,12,"Health & Medicine, Addiction Ontology"
"In the ontology of Addiction, which of the following definitions best describes 'aripiprazole'?","A. An N-arylpiperazine that is piperazine substituted by a 4-[(2-oxo-1,2,3,4-tetrahydroquinolin-7-yl)oxy]butyl group at position 1 and by a 2,3-dichlorophenyl group at position 4. It is an antipsychotic drug used for the treatment of Schizophrenia, and other mood disorders.

B. Any ether in which the oxygen is attached to at least one aryl substituent.

C. Any member of the class of chlorobenzenes carrying two chloro groups at unspecified positions.

D. A carbohydrazide obtained by formal condensation of the carboxy group of 5-(4-chlorophenyl)-1-(2,4-dichlorophenyl)-4-methyl-1H-pyrazole-3-carboxylic acid with the amino group of 1-aminopiperidine. It is a potent and selective cannabinoid receptor 1 (CB1R) antagonist. Besides its antagonistic properties, numerous studies have shown that, at micromolar concentrations rimonabant behaves as an inverse agonist at CB1 receptors. The drug was the first selective CB1 antagonist/inverse agonist introduced into clinical practice to treat obesity and metabolic-related disorders. It was later withdrawn from market due to CNS-related adverse effects including depression and suicidal ideation.",A,1_1,aripiprazole,http://purl.obolibrary.org/obo/CHEBI_31236,18,"Health & Medicine, Addiction Ontology"
"In the ontology of Addiction, which of the following definitions best describes 'delta-lactam'?","A. An N-arylpiperazine that is piperazine substituted by a 4-[(2-oxo-1,2,3,4-tetrahydroquinolin-7-yl)oxy]butyl group at position 1 and by a 2,3-dichlorophenyl group at position 4. It is an antipsychotic drug used for the treatment of Schizophrenia, and other mood disorders.

B. Cyclic amides of amino carboxylic acids, having a 1-azacycloalkan-2-one structure, or analogues having unsaturation or heteroatoms replacing one or more carbon atoms of the ring.

C. An organic heterotricyclic compound that is the toxic principle in Laburnum seeds and is found in many members of the Fabaceae (legume, pea or bean) family. An acetylcholine agonist, it is widely used throughout Eastern Europe as an aid to giving up smoking.

D. A lactam in which the amide bond is contained within a six-membered ring, which includes the amide nitrogen and the carbonyl carbon.",D,1_1,delta-lactam,http://purl.obolibrary.org/obo/CHEBI_77727,16,"Health & Medicine, Addiction Ontology"
"In the ontology of Addiction, which of the following definitions best describes 'buprenorphine'?","A. A morphinane alkaloid found in the opium poppy, Papaver somniferum var. album; has analgesic, anti-tussive and anti-diarrhoeal properties.

B. An isoquinoline alkaloid based on a morphinan skeleton and its substituted derivatives.

C. A morphinane alkaloid that is morphine bearing two acetyl substituents on the O-3 and O-6 positions.

D. A morphinane alkaloid that is 7,8-dihydromorphine 6-O-methyl ether in which positions 6 and 14 are joined by a -CH2CH2- bridge, one of the hydrogens of the N-methyl group is substituted by cyclopropyl, and a hydrogen at position 7 is substituted by a 2-hydroxy-3,3-dimethylbutan-2-yl group. It is highly effective for the treatment of opioid use disorder and is also increasingly being used in the treatment of chronic pain.",D,1_1,buprenorphine,http://purl.obolibrary.org/obo/CHEBI_3216,16,"Health & Medicine, Addiction Ontology"
"In the ontology of Addiction, which of the following definitions best describes 'bupropion'?","A. An organic heterotetracyclic compound that acts as a partial agonist for nicotinic cholinergic receptors and is used (in the form of its tartate salt) as an aid to giving up smoking.

B. A compound formally derived from ammonia by replacing two hydrogen atoms by hydrocarbyl groups.

C. An aromatic ketone that is propiophenone carrying a tert-butylamino group at position 2 and a chloro substituent at position 3 on the phenyl ring.

D. A compound formally derived from ammonia by replacing two hydrogen atoms by organyl groups.",C,1_1,bupropion,http://purl.obolibrary.org/obo/CHEBI_3219,18,"Health & Medicine, Addiction Ontology"
"In the ontology of Addiction, which of the following definitions best describes 'aromatic ketone'?","A. An aromatic ketone that is propiophenone carrying a tert-butylamino group at position 2 and a chloro substituent at position 3 on the phenyl ring.

B. A ketone in which the carbonyl group is attached to an aromatic ring.

C. A compound in which a carbonyl group is bonded to two carbon atoms: R2C=O (neither R may be H).

D. A ketone that is heptan-3-one substituted by a dimethylamino group at position 6 and two phenyl groups at position 4.",B,1_1,aromatic ketone,http://purl.obolibrary.org/obo/CHEBI_76224,16,"Health & Medicine, Addiction Ontology"
"In the ontology of Addiction, which of the following definitions best describes '4-(N-nitrosomethylamino)-1-(3-pyridyl)butan-1-one'?","A. Any organonitrogen heterocyclic compound based on a pyridine skeleton and its substituted derivatives.

B. An N-alkylpyrrolidine that consists of N-methylpyrrolidinone bearing a pyridin-3-yl substituent at position C-5 (the 5S-enantiomer). It is an alkaloid commonly found in Nicotiana tabacum.

C. 4-(N-nitrosomethylamino)-1-(3-pyridyl)butan-1-one (CHEBI:32692) is a nitrosamine (CHEBI:35803).

D. A nitrosamine which derives from tobacco products and tobacco smoke.",C,1_1,4-(N-nitrosomethylamino)-1-(3-pyridyl)butan-1-one,http://purl.obolibrary.org/obo/CHEBI_32692,16,"Health & Medicine, Addiction Ontology"
"In the ontology of Addiction, which of the following definitions best describes 'secondary amine'?","A. An organic heterotricyclic compound that is the toxic principle in Laburnum seeds and is found in many members of the Fabaceae (legume, pea or bean) family. An acetylcholine agonist, it is widely used throughout Eastern Europe as an aid to giving up smoking.

B. An aromatic ketone that is propiophenone carrying a tert-butylamino group at position 2 and a chloro substituent at position 3 on the phenyl ring.

C. A compound formally derived from ammonia by replacing two hydrogen atoms by hydrocarbyl groups.

D. A compound formally derived from ammonia by replacing one, two or three hydrogen atoms by hydrocarbyl groups.",C,1_1,secondary amine,http://purl.obolibrary.org/obo/CHEBI_32863,15,"Health & Medicine, Addiction Ontology"
"In the ontology of Addiction, which of the following definitions best describes 'amine'?","A. A compound formally derived from ammonia by replacing one, two or three hydrogen atoms by organyl groups.

B. A compound formally derived from ammonia by replacing one, two or three hydrogen atoms by hydrocarbyl groups.

C. A compound formally derived from ammonia by replacing two hydrogen atoms by organyl groups.

D. An amino compound in which the amino group is linked directly to an aromatic system.",B,1_1,amine,http://purl.obolibrary.org/obo/CHEBI_32952,14,"Health & Medicine, Addiction Ontology"
"In the ontology of Addiction, which of the following definitions best describes 'primary amide'?","A. An amide is a derivative of an oxoacid RkE(=O)l(OH)m (l =/= 0) in which an acidic hydroxy group has been replaced by an amino or substituted amino group.

B. An amide of a carboxylic acid, having the structure RC(=O)NR2. The term is used as a suffix in systematic name formation to denote the -C(=O)NH2 group including its carbon atom.

C. A derivative of an oxoacid RkE(=O)l(OH)m (l =/= 0) in which an acidic hydroxy group has been replaced by an amino or substituted amino group.

D. An amide in which the amide linkage is bonded directly to an aromatic system.",C,1_1,primary amide,http://purl.obolibrary.org/obo/CHEBI_33256,12,"Health & Medicine, Addiction Ontology"
"In the ontology of Addiction, which of the following definitions best describes 'pnictogen molecular entity'?","A. A main group molecular entity that contains one or more atoms of a p-block element.

B. A p-block molecular entity containing any pnictogen.

C. A tertiary alcohol is a compound in which a hydroxy group, -OH, is attached to a saturated carbon atom which has three other carbon atoms attached to it.

D. Any p-block molecular entity containing a chalcogen.",B,1_1,pnictogen molecular entity,http://purl.obolibrary.org/obo/CHEBI_33302,9,"Health & Medicine, Addiction Ontology"
"In the ontology of Addiction, which of the following definitions best describes 'ester'?","A. An ester where the ester linkage is bonded directly to an aromatic system.

B. A compound formally derived from an oxoacid RkE(=O)l(OH)m (l > 0) and an alcohol, phenol, heteroarenol, or enol by linking with formal loss of water from an acidic hydroxy group of the former and a hydroxy group of the latter.

C. An amide of a carboxylic acid, having the structure RC(=O)NR2. The term is used as a suffix in systematic name formation to denote the -C(=O)NH2 group including its carbon atom.

D. An ester of a carboxylic acid, R(1)C(=O)OR(2), where R(1) = H or organyl and R(2) = organyl.",B,1_1,ester,http://purl.obolibrary.org/obo/CHEBI_35701,14,"Health & Medicine, Addiction Ontology"
"In the ontology of Addiction, which of the following definitions best describes 'transition element molecular entity'?","A. Any molecular entity consisting of more than one atom.

B. A molecular entity containing one or more atoms of a transition element.

C. A d-block molecular entity is a molecular entity containing one or more atoms of a d-block element.

D. A molecular entity containing one or more atoms from any of groups 1, 2, 13, 14, 15, 16, 17, and 18 of the periodic table.",B,1_1,transition element molecular entity,http://purl.obolibrary.org/obo/CHEBI_33497,7,"Health & Medicine, Addiction Ontology"
"In the ontology of Addiction, which of the following definitions best describes 'phenols'?","A. An amide in which the amide linkage is bonded directly to an aromatic system.

B. Organic aromatic compounds having one or more hydroxy groups attached to a benzene or other arene ring.

C. Any monocyclic or polycyclic aromatic hydrocarbon.

D. Any ether in which the oxygen is attached to at least one aryl substituent.",B,1_1,phenols,http://purl.obolibrary.org/obo/CHEBI_33853,14,"Health & Medicine, Addiction Ontology"
"In the ontology of Addiction, which of the following definitions best describes 'resorcinols'?","A. Any benzenediol in which the two hydroxy groups are meta to one another.

B. A data item that is about a person and signifies that the person has been diagnosed with alcohol use disorder within the past 12 months.

C. A trimethylxanthine in which the three methyl groups are located at positions 1, 3, and 7. A purine alkaloid that occurs naturally in tea and coffee.

D. A cannabinoid that is cyclohexene which is substituted by a methyl group at position 1, a 2,6-dihydroxy-4-pentylphenyl group at position 3, and a prop-1-en-2-yl group at position 4.",A,1_1,resorcinols,http://purl.obolibrary.org/obo/CHEBI_33572,16,"Health & Medicine, Addiction Ontology"
"In the ontology of Addiction, which of the following definitions best describes 'homocyclic compound'?","A. Any organic molecule that consists of atoms connected in the form of a ring.

B. A cyclic compound having as ring members atoms of at least two different elements.

C. A cyclically conjugated molecular entity with a stability (due to delocalization) significantly greater than that of a hypothetical localized structure (e.g. Kekule structure) is said to possess aromatic character.

D. A cyclic compound having as ring members atoms of the same element only.",D,1_1,homocyclic compound,http://purl.obolibrary.org/obo/CHEBI_33597,10,"Health & Medicine, Addiction Ontology"
"In the ontology of Addiction, which of the following definitions best describes 'carbocyclic compound'?","A. Cyclopropane and its derivatives formed by substitution.

B. Any organic molecule that consists of atoms connected in the form of a ring.

C. A cyclic compound having as ring members atoms of the same element only.

D. A homocyclic compound in which all of the ring members are carbon atoms.",D,1_1,carbocyclic compound,http://purl.obolibrary.org/obo/CHEBI_33598,13,"Health & Medicine, Addiction Ontology"
"In the ontology of Addiction, which of the following definitions best describes 'bicyclic compound'?","A. A bicyclic compound in which all the ring atoms are carbon.

B. A cyclically conjugated molecular entity with a stability (due to delocalization) significantly greater than that of a hypothetical localized structure (e.g. Kekule structure) is said to possess aromatic character.

C. Any molecule that consists of a series of atoms joined together to form a ring.

D. A molecule that features two fused rings.",D,1_1,bicyclic compound,http://purl.obolibrary.org/obo/CHEBI_33636,10,"Health & Medicine, Addiction Ontology"
"In the ontology of Addiction, which of the following definitions best describes 'ortho-fused compound'?","A. A polycyclic compound in which one ring contains two, and only two, atoms in common with each of two or more rings of a contiguous series of rings. Such compounds have n common faces and less than 2n common atoms.

B. A polycyclic compound in which two rings have two, and only two, atoms in common. Such compounds have n common faces and 2n common atoms.

C. A product demand in which the product is cigarettes.

D. A polycyclic compound that contains more than one ring with at least two common atoms (also known as bridgehead carbons) that are adjacent to each other.",B,1_1,ortho-fused compound,http://purl.obolibrary.org/obo/CHEBI_33637,12,"Health & Medicine, Addiction Ontology"
"In the ontology of Addiction, which of the following definitions best describes 'fused compound'?","A. A polycyclic compound in which two rings have two, and only two, atoms in common. Such compounds have n common faces and 2n common atoms.

B. A polycyclic compound that contains more than one ring with at least two common atoms (also known as bridgehead carbons) that are not adjacent to each other.

C. A polycyclic compound in which one ring contains two, and only two, atoms in common with each of two or more rings of a contiguous series of rings. Such compounds have n common faces and less than 2n common atoms.

D. A polycyclic compound that contains more than one ring with at least two common atoms (also known as bridgehead carbons) that are adjacent to each other.",D,1_1,fused compound,http://purl.obolibrary.org/obo/CHEBI_35293,11,"Health & Medicine, Addiction Ontology"
"In the ontology of Addiction, which of the following definitions best describes 'ortho- and peri-fused compound'?","A. A polycyclic compound in which one ring contains two, and only two, atoms in common with each of two or more rings of a contiguous series of rings. Such compounds have n common faces and less than 2n common atoms.

B. A polycyclic compound that contains more than one ring with at least two common atoms (also known as bridgehead carbons) that are adjacent to each other.

C. A pilot study in which what is being piloted is a trial that evaluates an intervention.

D. A polycyclic compound in which two rings have two, and only two, atoms in common. Such compounds have n common faces and 2n common atoms.",A,1_1,ortho- and peri-fused compound,http://purl.obolibrary.org/obo/CHEBI_33639,12,"Health & Medicine, Addiction Ontology"
"In the ontology of Addiction, which of the following definitions best describes 'aromatic compound'?","A. Any organic molecule that consists of atoms connected in the form of a ring.

B. A molecule that features two fused rings.

C. A cyclic compound having as ring members atoms of at least two different elements.

D. A cyclically conjugated molecular entity with a stability (due to delocalization) significantly greater than that of a hypothetical localized structure (e.g. Kekule structure) is said to possess aromatic character.",D,1_1,aromatic compound,http://purl.obolibrary.org/obo/CHEBI_33655,10,"Health & Medicine, Addiction Ontology"
"In the ontology of Addiction, which of the following definitions best describes 'arene'?","A. Any ether in which the oxygen is attached to at least one aryl substituent.

B. Any monocyclic or polycyclic aromatic hydrocarbon.

C. A heterocyclic compound formally derived from an arene by replacement of one or more methine (-C=) and/or vinylene (-CH=CH-) groups by trivalent or divalent heteroatoms, respectively, in such a way as to maintain the continuous pi-electron system characteristic of aromatic systems and a number of out-of-plane pi-electrons corresponding to the Hueckel rule (4n+2).

D. A polycyclic aromatic hydrocarbon.",B,1_1,arene,http://purl.obolibrary.org/obo/CHEBI_33658,15,"Health & Medicine, Addiction Ontology"
"In the ontology of Addiction, which of the following definitions best describes 'carbopolycyclic compound'?","A. A bicyclic compound in which all the ring atoms are carbon.

B. A polyclic compound in which all of the ring members are carbon atoms.

C. Cyclopropane and its derivatives formed by substitution.

D. A homocyclic compound in which all of the ring members are carbon atoms.",B,1_1,carbopolycyclic compound,http://purl.obolibrary.org/obo/CHEBI_35294,14,"Health & Medicine, Addiction Ontology"
"In the ontology of Addiction, which of the following definitions best describes 'heteropolycyclic compound'?","A. A polycyclic compound in which at least one of the rings contains at least one non-carbon atom.

B. A bicyclic compound in which at least one of the rings contains at least one skeletal heteroatom.

C. A polycyclic compound that contains more than one ring with at least two common atoms (also known as bridgehead carbons) that are not adjacent to each other.

D. A cyclic compound having as ring members atoms of at least two different elements.",A,1_1,heteropolycyclic compound,http://purl.obolibrary.org/obo/CHEBI_33671,11,"Health & Medicine, Addiction Ontology"
"In the ontology of Addiction, which of the following definitions best describes 'd-block molecular entity'?","A. A d-block molecular entity is a molecular entity containing one or more atoms of a d-block element.

B. A molecular entity containing one or more atoms of a transition element.

C. An alcohol control policy aimed at reducing the harm from consumption of alcohol in a population under its jurisdication without promoting complete abstinence from alcohol.

D. A person who is not a substance user.",A,1_1,d-block molecular entity,http://purl.obolibrary.org/obo/CHEBI_33676,8,"Health & Medicine, Addiction Ontology"
"In the ontology of Addiction, which of the following definitions best describes 'non-proteinogenic amino acid'?","A. A gamma-amino acid that is cyclohexane substituted at position 1 by aminomethyl and carboxymethyl groups. Used for treatment of neuropathic pain and restless legs syndrome.

B. Any amino-acid that is not naturally encoded in the genetic code of any organism.

C. A non-proteinogenic amino-acid in which the amino group is located on the carbon atom at the position gamma to the carboxy group.

D. A carboxylic acid containing one or more amino groups.",B,1_1,non-proteinogenic amino acid,http://purl.obolibrary.org/obo/CHEBI_83820,17,"Health & Medicine, Addiction Ontology"
"In the ontology of Addiction, which of the following definitions best describes 'heteroarene'?","A. A heterocyclic compound formally derived from an arene by replacement of one or more methine (-C=) and/or vinylene (-CH=CH-) groups by trivalent or divalent heteroatoms, respectively, in such a way as to maintain the continuous pi-electron system characteristic of aromatic systems and a number of out-of-plane pi-electrons corresponding to the Hueckel rule (4n+2).

B. An amino compound in which the amino group is linked directly to an aromatic system.

C. A cyclic compound having as ring members atoms of carbon and at least of one other element.

D. Any organonitrogen compound containing a cyclic component with nitrogen and at least one other element as ring member atoms.",A,1_1,heteroarene,http://purl.obolibrary.org/obo/CHEBI_33833,14,"Health & Medicine, Addiction Ontology"
"In the ontology of Addiction, which of the following definitions best describes 'rimonabant'?","A. A carbohydrazide obtained by formal condensation of the carboxy group of 5-(4-chlorophenyl)-1-(2,4-dichlorophenyl)-4-methyl-1H-pyrazole-3-carboxylic acid with the amino group of 1-aminopiperidine. It is a potent and selective cannabinoid receptor 1 (CB1R) antagonist. Besides its antagonistic properties, numerous studies have shown that, at micromolar concentrations rimonabant behaves as an inverse agonist at CB1 receptors. The drug was the first selective CB1 antagonist/inverse agonist introduced into clinical practice to treat obesity and metabolic-related disorders. It was later withdrawn from market due to CNS-related adverse effects including depression and suicidal ideation.

B. Any member of the class of chlorobenzenes containing a mono- or poly-substituted benzene ring in which only one substituent is chlorine.

C. An N-arylpiperazine that is piperazine substituted by a 4-[(2-oxo-1,2,3,4-tetrahydroquinolin-7-yl)oxy]butyl group at position 1 and by a 2,3-dichlorophenyl group at position 4. It is an antipsychotic drug used for the treatment of Schizophrenia, and other mood disorders.

D. A monocarboxylic acid that is butanoic acid substituted by an amino group at position 4 and a 4-chlorophenyl group at position 3.",A,1_1,rimonabant,http://purl.obolibrary.org/obo/CHEBI_34967,19,"Health & Medicine, Addiction Ontology"
"In the ontology of Addiction, which of the following definitions best describes 'carbohydrazide'?","A. Any organonitrogen compound containing a cyclic component with nitrogen and at least one other element as ring member atoms.

B. A compound formally derived from ammonia by replacing one, two or three hydrogen atoms by organyl groups.

C. A hydrazide consisting of hydrazine carrying one or more carboacyl groups.

D. A carbohydrazide obtained by formal condensation of the carboxy group of 5-(4-chlorophenyl)-1-(2,4-dichlorophenyl)-4-methyl-1H-pyrazole-3-carboxylic acid with the amino group of 1-aminopiperidine. It is a potent and selective cannabinoid receptor 1 (CB1R) antagonist. Besides its antagonistic properties, numerous studies have shown that, at micromolar concentrations rimonabant behaves as an inverse agonist at CB1 receptors. The drug was the first selective CB1 antagonist/inverse agonist introduced into clinical practice to treat obesity and metabolic-related disorders. It was later withdrawn from market due to CNS-related adverse effects including depression and suicidal ideation.",C,1_1,carbohydrazide,http://purl.obolibrary.org/obo/CHEBI_35363,13,"Health & Medicine, Addiction Ontology"
"In the ontology of Addiction, which of the following definitions best describes 'hydrazide'?","A. An amide is a derivative of an oxoacid RkE(=O)l(OH)m (l =/= 0) in which an acidic hydroxy group has been replaced by an amino or substituted amino group.

B. Compounds having the nitroso group, -NO, attached to carbon, or to another element, most commonly nitrogen or oxygen.

C. Any heteroorganic entity containing at least one carbon-nitrogen bond.

D. Compounds derived from oxoacids RkE(=O)l(OH)m (l =/= 0) by replacing -OH by -NRNR2 (R groups are commonly H). (IUPAC).",D,1_1,hydrazide,http://purl.obolibrary.org/obo/CHEBI_35362,11,"Health & Medicine, Addiction Ontology"
"In the ontology of Addiction, which of the following definitions best describes 'psychoactive drug'?","A. A loosely defined grouping of drugs that have effects on psychological function.

B. A class of drugs producing both physiological and psychological effects through a variety of mechanisms involving the central nervous system.

C. A traditional grouping of drugs said to have a soothing or calming effect on mood, thought or behaviour.

D. A loosely defined group of drugs that tend to reduce the activity of the central nervous system.",A,1_1,psychoactive drug,http://purl.obolibrary.org/obo/CHEBI_35471,10,"Health & Medicine, Addiction Ontology"
"In the ontology of Addiction, which of the following definitions best describes 'tranquilizing drug'?","A. A loosely defined grouping of drugs that have effects on psychological function.

B. A central nervous system depressant that is used to prevent seizures or reduce their severity.

C. A traditional grouping of drugs said to have a soothing or calming effect on mood, thought or behaviour.

D. A loosely defined group of drugs that tend to reduce the activity of the central nervous system.",C,1_1,tranquilizing drug,http://purl.obolibrary.org/obo/CHEBI_35473,11,"Health & Medicine, Addiction Ontology"
"In the ontology of Addiction, which of the following definitions best describes 'antipsychotic agent'?","A. Antimanic drugs are agents used to treat bipolar disorders or mania associated with other affective disorders.

B. A chemical substance that has a disposition to alter the mental functioning of a person.

C. A psychoactive substance that is used to treat psychosis.

D. Anxiolytic drugs are agents that alleviate anxiety, tension, and anxiety disorders, promote sedation, and have a calming effect without affecting clarity of consciousness or neurologic conditions.",C,1_1,antipsychotic agent,http://purl.obolibrary.org/obo/CHEBI_35476,12,"Health & Medicine, Addiction Ontology"
"In the ontology of Addiction, which of the following definitions best describes 'antimanic drug'?","A. A psychoactive substance that is used to treat psychosis.

B. Antimanic drugs are agents used to treat bipolar disorders or mania associated with other affective disorders.

C. Anxiolytic drugs are agents that alleviate anxiety, tension, and anxiety disorders, promote sedation, and have a calming effect without affecting clarity of consciousness or neurologic conditions.

D. A traditional grouping of drugs said to have a soothing or calming effect on mood, thought or behaviour.",B,1_1,antimanic drug,http://purl.obolibrary.org/obo/CHEBI_35477,12,"Health & Medicine, Addiction Ontology"
"In the ontology of Addiction, which of the following definitions best describes 'flavouring agent'?","A. A food additive that is used to added improve the taste or odour of a food.

B. Any substance which is added to food to preserve or enhance its flavour and/or appearance.

C. A bodily process that is clinically abnormal.

D. A smokeless tobacco containing product that is designed for oral use, which is composed of moist finely ground tobacco that is packaged into small teabag like sachets.",A,1_1,flavouring agent,http://purl.obolibrary.org/obo/CHEBI_35617,10,"Health & Medicine, Addiction Ontology"
"In the ontology of Addiction, which of the following definitions best describes 'food additive'?","A. A food additive that is used to added improve the taste or odour of a food.

B. Any substance which is added to food to preserve or enhance its flavour and/or appearance.

C. A physiological role played by any substance that is distributed in foodstuffs. It includes materials derived from plants or animals, such as vitamins or minerals, as well as environmental contaminants.

D. Intended use of the molecular entity or part thereof by humans.",B,1_1,food additive,http://purl.obolibrary.org/obo/CHEBI_64047,9,"Health & Medicine, Addiction Ontology"
"In the ontology of Addiction, which of the following definitions best describes 'secondary alcohol'?","A. A secondary alcohol is a compound in which a hydroxy group, -OH, is attached to a saturated carbon atom which has two other carbon atoms attached to it.

B. A member of the class of nitrosamines that is butan-1-ol substituted by a pyridin-3-yl group at position 1 and by a methyl(nitroso)amino group at position 4. It is a major metabolite of nitrosamine 4-(methylnitrosamino)-1-(3-pyridyl)-1-butanone (NNK), which is a carcinogen found in tobacco and responsible for inducing lung cancer in smokers.

C. A primary alcohol is a compound in which a hydroxy group, -OH, is attached to a saturated carbon atom which has either three hydrogen atoms attached to it or only one other carbon atom and two hydrogen atoms attached to it.

D. An alcohol derived from an aliphatic compound.",A,1_1,secondary alcohol,http://purl.obolibrary.org/obo/CHEBI_35681,14,"Health & Medicine, Addiction Ontology"
"In the ontology of Addiction, which of the following definitions best describes 'bridged compound'?","A. An organic heterotricyclic compound that is the toxic principle in Laburnum seeds and is found in many members of the Fabaceae (legume, pea or bean) family. An acetylcholine agonist, it is widely used throughout Eastern Europe as an aid to giving up smoking.

B. An organic heterotetracyclic compound that acts as a partial agonist for nicotinic cholinergic receptors and is used (in the form of its tartate salt) as an aid to giving up smoking.

C. A polycyclic compound in which at least one of the rings contains at least one non-carbon atom.

D. A polycyclic compound that contains more than one ring with at least two common atoms (also known as bridgehead carbons) that are not adjacent to each other.",D,1_1,bridged compound,http://purl.obolibrary.org/obo/CHEBI_35990,11,"Health & Medicine, Addiction Ontology"
"In the ontology of Addiction, which of the following definitions best describes 'aromatic ester'?","A. A heterocyclic compound formally derived from an arene by replacement of one or more methine (-C=) and/or vinylene (-CH=CH-) groups by trivalent or divalent heteroatoms, respectively, in such a way as to maintain the continuous pi-electron system characteristic of aromatic systems and a number of out-of-plane pi-electrons corresponding to the Hueckel rule (4n+2).

B. An ester of a carboxylic acid, R(1)C(=O)OR(2), where R(1) = H or organyl and R(2) = organyl.

C. Any ether in which the oxygen is attached to at least one aryl substituent.

D. An ester where the ester linkage is bonded directly to an aromatic system.",D,1_1,aromatic ester,http://purl.obolibrary.org/obo/CHEBI_62732,15,"Health & Medicine, Addiction Ontology"
"In the ontology of Addiction, which of the following definitions best describes 'elemental cadmium'?","A. A nicotine replacement therapy product that delivers nicotine through the skin by use of an adhesive patch.

B. An element in the zinc group of the periodic table with atomic number 48, atomic mass 112, M.P. 321degreeC, and B.P. 765degreeC). An odourless, tasteless, and highly poisonous soft, ductile, lustrous metal with electropositive properties. It has eight stable isotopes: (106)Cd, (108)Cd,(110)Cd, (111)Cd, (112)Cd, (113)Cd, (114)Cd and (116)Cd, with (112)Cd and (114)Cd being the most common.

C. A pharmaceutical that contains some cannabinoid.

D. A nicotine replacement therapy user who has been using NRT products for one year or more.",B,1_1,elemental cadmium,http://purl.obolibrary.org/obo/CHEBI_37249,11,"Health & Medicine, Addiction Ontology"
"In the ontology of Addiction, which of the following definitions best describes 'cholinergic drug'?","A. Any drug that binds to but does not activate cholinergic receptors, thereby blocking the actions of acetylcholine or cholinergic agonists.

B. A substance used for its pharmacological action on any aspect of neurotransmitter systems. Neurotransmitter agents include agonists, antagonists, degradation inhibitors, uptake inhibitors, depleters, precursors, and modulators of receptor function.

C. Any drug that binds to and activates cholinergic receptors.

D. Any drug used for its actions on cholinergic systems. Included here are agonists and antagonists, drugs that affect the life cycle of acetylcholine, and drugs that affect the survival of cholinergic neurons.",D,1_1,cholinergic drug,http://purl.obolibrary.org/obo/CHEBI_38323,10,"Health & Medicine, Addiction Ontology"
"In the ontology of Addiction, which of the following definitions best describes 'cholinergic agonist'?","A. Any drug that binds to and activates cholinergic receptors.

B. Any drug that binds to but does not activate cholinergic receptors, thereby blocking the actions of acetylcholine or cholinergic agonists.

C. An agonist that selectively binds to and activates a nicotinic acetylcholine receptor.

D. Any drug used for its actions on cholinergic systems. Included here are agonists and antagonists, drugs that affect the life cycle of acetylcholine, and drugs that affect the survival of cholinergic neurons.",A,1_1,cholinergic agonist,http://purl.obolibrary.org/obo/CHEBI_38324,11,"Health & Medicine, Addiction Ontology"
"In the ontology of Addiction, which of the following definitions best describes 'crotonaldehyde'?","A. An enal consisting of propene having a formyl group at the 1-position.

B. A combustible tobacco-containing product that is manufactured as two or more cigarettes in a single container.

C. A substance use behaviour pattern in which each episode is determined by factors operating at the time rather than according to a planned schedule.

D. An alpha,beta-unsaturated aldehyde of general formula R(1)R(2)C=CR(3)-CH=O in which the aldehydic C=O function is conjugated to a C=C double bond at the alpha,beta position.",A,1_1,crotonaldehyde,http://purl.obolibrary.org/obo/CHEBI_41607,18,"Health & Medicine, Addiction Ontology"
"In the ontology of Addiction, which of the following definitions best describes 'enal'?","A. An aldehyde of general formula R(1)R(2)C=CR(3)-CH=O or RC#C-CH=O in which the aldehydic C=O function is conjugated to an unsaturated C-C bond at the alpha,beta position.

B. Any organic molecular entity that contains at least one C=C bond.

C. A cannabinoid that is cyclohexene which is substituted by a methyl group at position 1, a 2,6-dihydroxy-4-pentylphenyl group at position 3, and a prop-1-en-2-yl group at position 4.

D. An alpha,beta-unsaturated aldehyde of general formula R(1)R(2)C=CR(3)-CH=O in which the aldehydic C=O function is conjugated to a C=C double bond at the alpha,beta position.",D,1_1,enal,http://purl.obolibrary.org/obo/CHEBI_51688,17,"Health & Medicine, Addiction Ontology"
"In the ontology of Addiction, which of the following definitions best describes 'gabapentin'?","A. Any amino-acid that is not naturally encoded in the genetic code of any organism.

B. A non-proteinogenic amino-acid in which the amino group is located on the carbon atom at the position gamma to the carboxy group.

C. A gamma-amino acid that is cyclohexane substituted at position 1 by aminomethyl and carboxymethyl groups. Used for treatment of neuropathic pain and restless legs syndrome.

D. A monocarboxylic acid that is butanoic acid substituted by an amino group at position 4 and a 4-chlorophenyl group at position 3.",C,1_1,gabapentin,http://purl.obolibrary.org/obo/CHEBI_42797,19,"Health & Medicine, Addiction Ontology"
"In the ontology of Addiction, which of the following definitions best describes 'nicotinic acetylcholine receptor agonist'?","A. A smokeless tobacco containing product that is designed for oral use, in which sun/fire dried tobacco leaves are mixed with ash to form a quid.

B. An agonist that selectively binds to and activates a nicotinic acetylcholine receptor.

C. A spatiotemporal region encompassing some part of the life cycle of an organism.

D. Any drug that binds to and activates cholinergic receptors.",B,1_1,nicotinic acetylcholine receptor agonist,http://purl.obolibrary.org/obo/CHEBI_47958,12,"Health & Medicine, Addiction Ontology"
"In the ontology of Addiction, which of the following definitions best describes 'agonist'?","A. A biological role which describes how a drug interacts within a biological system and how the interactions affect its medicinal properties.

B. Substance which binds to cell receptors normally responding to naturally occurring substances and which produces a response of its own.

C. A substance used for its pharmacological action on any aspect of neurotransmitter systems. Neurotransmitter agents include agonists, antagonists, degradation inhibitors, uptake inhibitors, depleters, precursors, and modulators of receptor function.

D. Substance that attaches to and blocks cell receptors that normally bind naturally occurring substances.",B,1_1,agonist,http://purl.obolibrary.org/obo/CHEBI_48705,8,"Health & Medicine, Addiction Ontology"
"In the ontology of Addiction, which of the following definitions best describes 'nicotinic antagonist'?","A. An ever-tobacco smoker who has participated in tobacco smoking within the past year.

B. A self-identity in which a person represents themselves as having been addicted to something but no longer addicted to that thing.

C. Any drug that binds to but does not activate cholinergic receptors, thereby blocking the actions of acetylcholine or cholinergic agonists.

D. An antagonist at the nicotinic cholinergic receptor.",D,1_1,nicotinic antagonist,http://purl.obolibrary.org/obo/CHEBI_48878,12,"Health & Medicine, Addiction Ontology"
"In the ontology of Addiction, which of the following definitions best describes 'diazepam'?","A. Any organochlorine compound containing a benzene ring which is substituted by one or more chlorines.

B. An economic good role that inheres in some material entity that is not an object and is realized in some act of appraisal.

C. An organochlorine compound is a compound containing at least one carbon-chlorine bond.

D. A 1,4-benzodiazepinone that is 1,3-dihydro-2H-1,4-benzodiazepin-2-one substituted by a chloro group at position 7, a methyl group at position 1 and a phenyl group at position 5.",D,1_1,diazepam,http://purl.obolibrary.org/obo/CHEBI_49575,17,"Health & Medicine, Addiction Ontology"
"In the ontology of Addiction, which of the following definitions best describes 'EC 1.1.1.1 (alcohol dehydrogenase) inhibitor'?","A. A personal attribute that is how much alcohol a person consumes.

B. An EC 1.1.* (oxidoreductase acting on donor CH-OH group) inhibitor that uses NAD(+) or NADP(+) as acceptor (EC 1.1.1.*).

C. A consumption behaviour pattern involving repeated occurrences of binge behaviour sessions.

D. An EC 1.1.1.* (oxidoreductase acting on donor CH-OH group, NAD(+) or NADP(+) acceptor) inhibitor that interferes with the action of alcohol dehydrogenase (EC 1.1.1.1).",D,1_1,EC 1.1.1.1 (alcohol dehydrogenase) inhibitor,http://purl.obolibrary.org/obo/CHEBI_50269,12,"Health & Medicine, Addiction Ontology"
"In the ontology of Addiction, which of the following definitions best describes 'EC 1.1.1.* (oxidoreductase acting on donor CH-OH group, NAD(+) or NADP(+) acceptor) inhibitor'?","A. An EC 1.1.1.* (oxidoreductase acting on donor CH-OH group, NAD(+) or NADP(+) acceptor) inhibitor that interferes with the action of alcohol dehydrogenase (EC 1.1.1.1).

B. A TB patient that is of adult age and is currently receiving medical care.

C. An oxidoreductase inhibitor which interferes with the action of an oxidoreductase acting on the CH-OH group of donors (EC 1.1.*.*).

D. An EC 1.1.* (oxidoreductase acting on donor CH-OH group) inhibitor that uses NAD(+) or NADP(+) as acceptor (EC 1.1.1.*).",D,1_1,"EC 1.1.1.* (oxidoreductase acting on donor CH-OH group, NAD(+) or NADP(+) acceptor) inhibitor",http://purl.obolibrary.org/obo/CHEBI_76835,11,"Health & Medicine, Addiction Ontology"
"In the ontology of Addiction, which of the following definitions best describes 'antitussive'?","A. Any substance which when absorbed into a living organism may modify one or more of its functions. The term is generally accepted for a substance taken for a therapeutic purpose, but is also commonly used for abused substances.

B. An agent that suppresses cough. Antitussives have a central or a peripheral action on the cough reflex, or a combination of both. Compare with expectorants, which are considered to increase the volume of secretions in the respiratory tract, so facilitating their removal by ciliary action and coughing, and mucolytics, which decrease the viscosity of mucus, facilitating its removal by ciliary action and expectoration.

C. A substance used for its pharmacological action on any aspect of neurotransmitter systems. Neurotransmitter agents include agonists, antagonists, degradation inhibitors, uptake inhibitors, depleters, precursors, and modulators of receptor function.

D. A class of drugs producing both physiological and psychological effects through a variety of mechanisms involving the central nervous system.",B,1_1,antitussive,http://purl.obolibrary.org/obo/CHEBI_51177,9,"Health & Medicine, Addiction Ontology"
"In the ontology of Addiction, which of the following definitions best describes 'cyclopropanes'?","A. Cyclopropane and its derivatives formed by substitution.

B. A polyclic compound in which all of the ring members are carbon atoms.

C. A homocyclic compound in which all of the ring members are carbon atoms.

D. An organic heteropentacyclic compound that is naloxone substituted in which the allyl group attached to the nitrogen is replaced by a cyclopropylmethyl group. A mu-opioid receptor antagonist, it is used to treat alcohol dependence.",A,1_1,cyclopropanes,http://purl.obolibrary.org/obo/CHEBI_51454,14,"Health & Medicine, Addiction Ontology"
"In the ontology of Addiction, which of the following definitions best describes 'alpha,beta-unsaturated aldehyde'?","A. An aldehyde of general formula R(1)R(2)C=CR(3)-CH=O or RC#C-CH=O in which the aldehydic C=O function is conjugated to an unsaturated C-C bond at the alpha,beta position.

B. An aldehyde resulting from the formal oxidation of methanol.

C. An alpha,beta-unsaturated aldehyde of general formula R(1)R(2)C=CR(3)-CH=O in which the aldehydic C=O function is conjugated to a C=C double bond at the alpha,beta position.

D. An aldehyde that consists of ethane bearing a formyl substituent. The parent of the class of propanals.",A,1_1,"alpha,beta-unsaturated aldehyde",http://purl.obolibrary.org/obo/CHEBI_51718,16,"Health & Medicine, Addiction Ontology"
"In the ontology of Addiction, which of the following definitions best describes 'olefinic compound'?","A. Any molecular entity that contains carbon.

B. Any organic molecular entity that is acidic and contains carbon in covalent linkage.

C. An organic molecular entity containing a single carbon atom (C1).

D. Any organic molecular entity that contains at least one C=C bond.",D,1_1,olefinic compound,http://purl.obolibrary.org/obo/CHEBI_78840,11,"Health & Medicine, Addiction Ontology"
"In the ontology of Addiction, which of the following definitions best describes 'hydrocodone'?","A. A semisynthetic opioid of formula C18H21NO4 that is derived from thebaine. It is a moderately potent opioid analgesic, generally used for relief of moderate to severe pain.

B. Any organonitrogen heterocyclic compound based on a morphinan skeleton. These are synthetic or semi-synthetic compounds that resemble the morphinane (opioid) alkaloids in their pharmacological effects.

C. A morphinane-like compound that is a semi-synthetic opioid synthesized from codeine.

D. A synthetic morphinane alkaloid that is morphinone in which the enone double bond has been reduced to a single bond, the hydrogen at position 14 has been replaced by a hydroxy group, and the methyl group attached to the nitrogen has been replaced by an allyl group.",C,1_1,hydrocodone,http://purl.obolibrary.org/obo/CHEBI_5779,16,"Health & Medicine, Addiction Ontology"
"In the ontology of Addiction, which of the following definitions best describes 'morphinane-like compound'?","A. Cyclic amides of amino carboxylic acids, having a 1-azacycloalkan-2-one structure, or analogues having unsaturation or heteroatoms replacing one or more carbon atoms of the ring.

B. Any of a class of heterocyclic amines having a saturated five-membered ring.

C. Any organonitrogen compound containing a cyclic component with nitrogen and at least one other element as ring member atoms.

D. Any organonitrogen heterocyclic compound based on a morphinan skeleton. These are synthetic or semi-synthetic compounds that resemble the morphinane (opioid) alkaloids in their pharmacological effects.",D,1_1,morphinane-like compound,http://purl.obolibrary.org/obo/CHEBI_83818,15,"Health & Medicine, Addiction Ontology"
"In the ontology of Addiction, which of the following definitions best describes 'mephedrone'?","A. A ketone in which the carbonyl group is attached to an aromatic ring.

B. A member of the class of amphetamines in which the amino group of (S)-amphetamine carries a methyl substituent.

C. An aromatic ketone that is propiophenone substituted at C-4 and at C-beta with methyl and methylamino groups respectively. It is a synthetic stimulant and entactogen drug of the amphetamine and cathinone classes.

D. A member of the class of benzodioxoles that is 1,3-benzodioxole substituted by a 2-(methylamino)propyl group at position 5.",C,1_1,mephedrone,http://purl.obolibrary.org/obo/CHEBI_59331,17,"Health & Medicine, Addiction Ontology"
"In the ontology of Addiction, which of the following definitions best describes 'food component'?","A. Any substance which is added to food to preserve or enhance its flavour and/or appearance.

B. A consumption behaviour pattern in which the behaviour is repeated in a session to an extent that is excessive.

C. A disposition inhering in an e-cigarette battery.

D. A physiological role played by any substance that is distributed in foodstuffs. It includes materials derived from plants or animals, such as vitamins or minerals, as well as environmental contaminants.",D,1_1,food component,http://purl.obolibrary.org/obo/CHEBI_78295,8,"Health & Medicine, Addiction Ontology"
"In the ontology of Addiction, which of the following definitions best describes 'Delta(9)-tetrahydrocannabinol'?","A. A diverse group of pharmacologically active secondary metabolite characteristic to Cannabis plant as well as produced naturally in the body by humans and animals. Cannabinoids contain oxygen as a part of the heterocyclic ring or in the form of various functional groups. They are subdivided on the basis of their origin.

B. A class of cannabinoid that consists of synthetic analogs of the naturally occuring cannabinoids.

C. A diterpenoid that is 6a,7,8,10a-tetrahydro-6H-benzo[c]chromene substituted at position 1 by a hydroxy group, positions 6, 6 and 9 by methyl groups and at position 3 by a pentyl group.

D. Natural and synthetic compounds containing alternating carbonyl and methylene groups ('beta-polyketones'), biogenetically derived from repeated condensation of acetyl coenzyme A (via malonyl coenzyme A), and usually the compounds derived from them by further condensations, etc. Considered by many to be synonymous with the less frequently used terms acetogenins and ketides.",C,1_1,Delta(9)-tetrahydrocannabinol,http://purl.obolibrary.org/obo/CHEBI_66964,17,"Health & Medicine, Addiction Ontology"
"In the ontology of Addiction, which of the following definitions best describes 'phytocannabinoid'?","A. A class of cannabinoid that consists of synthetic analogs of the naturally occuring cannabinoids.

B. A cannabinoid that is cyclohexene which is substituted by a methyl group at position 1, a 2,6-dihydroxy-4-pentylphenyl group at position 3, and a prop-1-en-2-yl group at position 4.

C. A class of cannabinoid which are C21 terpenophenolic compounds isolated primarily from Cannabis sativa.

D. A diverse group of pharmacologically active secondary metabolite characteristic to Cannabis plant as well as produced naturally in the body by humans and animals. Cannabinoids contain oxygen as a part of the heterocyclic ring or in the form of various functional groups. They are subdivided on the basis of their origin.",C,1_1,phytocannabinoid,http://purl.obolibrary.org/obo/CHEBI_67196,15,"Health & Medicine, Addiction Ontology"
"In the ontology of Addiction, which of the following definitions best describes 'synthetic cannabinoid'?","A. A diterpenoid that is 6a,7,8,10a-tetrahydro-6H-benzo[c]chromene substituted at position 1 by a hydroxy group, positions 6, 6 and 9 by methyl groups and at position 3 by a pentyl group.

B. A class of cannabinoid which are C21 terpenophenolic compounds isolated primarily from Cannabis sativa.

C. A class of cannabinoid that consists of synthetic analogs of the naturally occuring cannabinoids.

D. A diverse group of pharmacologically active secondary metabolite characteristic to Cannabis plant as well as produced naturally in the body by humans and animals. Cannabinoids contain oxygen as a part of the heterocyclic ring or in the form of various functional groups. They are subdivided on the basis of their origin.",C,1_1,synthetic cannabinoid,http://purl.obolibrary.org/obo/CHEBI_67201,15,"Health & Medicine, Addiction Ontology"
"In the ontology of Addiction, which of the following definitions best describes 'methadone'?","A. A racemate is an equimolar mixture of a pair of enantiomers.

B. A ketone in which the carbonyl group is attached to an aromatic ring.

C. A racemate comprising equimolar amounts of (R)-amphetamine (also known as levamphetamine or levoamphetamine) and (S)-amphetamine (also known as dexamfetamine or dextroamphetamine.

D. A ketone that is heptan-3-one substituted by a dimethylamino group at position 6 and two phenyl groups at position 4.",D,1_1,methadone,http://purl.obolibrary.org/obo/CHEBI_6807,16,"Health & Medicine, Addiction Ontology"
"In the ontology of Addiction, which of the following definitions best describes '(-)-cotinine'?","A. An N-alkylpyrrolidine that consists of N-methylpyrrolidinone bearing a pyridin-3-yl substituent at position C-5 (the 5S-enantiomer). It is an alkaloid commonly found in Nicotiana tabacum.

B. A member of the class of nitrosamines that is butan-1-ol substituted by a pyridin-3-yl group at position 1 and by a methyl(nitroso)amino group at position 4. It is a major metabolite of nitrosamine 4-(methylnitrosamino)-1-(3-pyridyl)-1-butanone (NNK), which is a carcinogen found in tobacco and responsible for inducing lung cancer in smokers.

C. 4-(N-nitrosomethylamino)-1-(3-pyridyl)butan-1-one (CHEBI:32692) is a nitrosamine (CHEBI:35803).

D. A pyrrolidinone in which the oxo group is at position 2 of the pyrrolidine ring.",A,1_1,(-)-cotinine,http://purl.obolibrary.org/obo/CHEBI_68641,18,"Health & Medicine, Addiction Ontology"
"In the ontology of Addiction, which of the following definitions best describes 'pyrrolidin-2-ones'?","A. A pyrrolidinone in which the oxo group is at position 2 of the pyrrolidine ring.

B. A lactam in which the amide bond is contained within a five-membered ring, which includes the amide nitrogen and the carbonyl carbon.

C. Any organic molecular entity derived from a natural product by partial chemical synthesis.

D. An N-alkylpyrrolidine that consists of N-methylpyrrolidinone bearing a pyridin-3-yl substituent at position C-5 (the 5S-enantiomer). It is an alkaloid commonly found in Nicotiana tabacum.",A,1_1,pyrrolidin-2-ones,http://purl.obolibrary.org/obo/CHEBI_74223,17,"Health & Medicine, Addiction Ontology"
"In the ontology of Addiction, which of the following definitions best describes 'cannabidiol'?","A. An alpha,beta-unsaturated aldehyde of general formula R(1)R(2)C=CR(3)-CH=O in which the aldehydic C=O function is conjugated to a C=C double bond at the alpha,beta position.

B. A cannabinoid that is cyclohexene which is substituted by a methyl group at position 1, a 2,6-dihydroxy-4-pentylphenyl group at position 3, and a prop-1-en-2-yl group at position 4.

C. A diterpenoid that is 6a,7,8,10a-tetrahydro-6H-benzo[c]chromene substituted at position 1 by a hydroxy group, positions 6, 6 and 9 by methyl groups and at position 3 by a pentyl group.

D. Any benzenediol in which the two hydroxy groups are meta to one another.",B,1_1,cannabidiol,http://purl.obolibrary.org/obo/CHEBI_69478,17,"Health & Medicine, Addiction Ontology"
"In the ontology of Addiction, which of the following definitions best describes 'CB1 receptor antagonist'?","A. An antagonist that binds to and deactivates cannabinoid receptors.

B. An antagonist that binds to and deactivates type 1 cannabinoid receptors.

C. An antagonist that binds to and deactivates type 2 cannabinoid receptors.

D. A halogen molecular entity containing one or more atoms of chlorine.",B,1_1,CB1 receptor antagonist,http://purl.obolibrary.org/obo/CHEBI_73416,10,"Health & Medicine, Addiction Ontology"
"In the ontology of Addiction, which of the following definitions best describes 'gamma-lactam'?","A. A lactam in which the amide bond is contained within a six-membered ring, which includes the amide nitrogen and the carbonyl carbon.

B. Cyclic amides of amino carboxylic acids, having a 1-azacycloalkan-2-one structure, or analogues having unsaturation or heteroatoms replacing one or more carbon atoms of the ring.

C. A lactam in which the amide bond is contained within a five-membered ring, which includes the amide nitrogen and the carbonyl carbon.

D. A pyrrolidinone in which the oxo group is at position 2 of the pyrrolidine ring.",C,1_1,gamma-lactam,http://purl.obolibrary.org/obo/CHEBI_74222,16,"Health & Medicine, Addiction Ontology"
"In the ontology of Addiction, which of the following definitions best describes 'EC 1.* (oxidoreductase) inhibitor'?","A. An oxidoreductase inhibitor which interferes with the action of an oxidoreductase acting on the CH-OH group of donors (EC 1.1.*.*).

B. An enzyme inhibitor which interferes with the action of an oxidoreductase (EC 1.*.*.*).

C. A compound or agent that combines with an enzyme in such a manner as to prevent the normal substrate-enzyme combination and the catalytic reaction.

D. A chromatography method where the stationary bed is within a tube (of standard length 25 cm). The particles of the solid stationary phase or support coated with a liquid stationary phase may fill the whole inside volume of the tube (packed column) or be concentrated on or along the inside tube wall leaving an open, unrestricted path for the mobile phase in the middle part of the tube (open-tubular column).",B,1_1,EC 1.* (oxidoreductase) inhibitor,http://purl.obolibrary.org/obo/CHEBI_76725,9,"Health & Medicine, Addiction Ontology"
"In the ontology of Addiction, which of the following definitions best describes 'EC 1.1.* (oxidoreductase acting on donor CH-OH group) inhibitor'?","A. An oxidoreductase inhibitor which interferes with the action of an oxidoreductase acting on the CH-OH group of donors (EC 1.1.*.*).

B. An enzyme inhibitor which interferes with the action of an oxidoreductase (EC 1.*.*.*).

C. An EC 1.1.* (oxidoreductase acting on donor CH-OH group) inhibitor that uses NAD(+) or NADP(+) as acceptor (EC 1.1.1.*).

D. A 1,4-benzodiazepinone that is 1,3-dihydro-2H-1,4-benzodiazepin-2-one substituted by a chloro group at position 7, a methyl group at position 1 and a phenyl group at position 5.",A,1_1,EC 1.1.* (oxidoreductase acting on donor CH-OH group) inhibitor,http://purl.obolibrary.org/obo/CHEBI_76726,10,"Health & Medicine, Addiction Ontology"
"In the ontology of Addiction, which of the following definitions best describes 'oxycodone'?","A. An organic heteropentacyclic compound that is naloxone substituted in which the allyl group attached to the nitrogen is replaced by a cyclopropylmethyl group. A mu-opioid receptor antagonist, it is used to treat alcohol dependence.

B. A synthetic morphinane alkaloid that is morphinone in which the enone double bond has been reduced to a single bond, the hydrogen at position 14 has been replaced by a hydroxy group, and the methyl group attached to the nitrogen has been replaced by an allyl group.

C. A semisynthetic opioid of formula C18H21NO4 that is derived from thebaine. It is a moderately potent opioid analgesic, generally used for relief of moderate to severe pain.

D. A morphinane-like compound that is a semi-synthetic opioid synthesized from codeine.",C,1_1,oxycodone,http://purl.obolibrary.org/obo/CHEBI_7852,16,"Health & Medicine, Addiction Ontology"
"In the ontology of Addiction, which of the following definitions best describes '4-(methylnitrosamino)-1-(3-pyridyl)-1-butanol'?","A. A secondary alcohol is a compound in which a hydroxy group, -OH, is attached to a saturated carbon atom which has two other carbon atoms attached to it.

B. A member of the class of nitrosamines that is butan-1-ol substituted by a pyridin-3-yl group at position 1 and by a methyl(nitroso)amino group at position 4. It is a major metabolite of nitrosamine 4-(methylnitrosamino)-1-(3-pyridyl)-1-butanone (NNK), which is a carcinogen found in tobacco and responsible for inducing lung cancer in smokers.

C. An N-alkylpyrrolidine that consists of N-methylpyrrolidinone bearing a pyridin-3-yl substituent at position C-5 (the 5S-enantiomer). It is an alkaloid commonly found in Nicotiana tabacum.

D. Any organonitrogen heterocyclic compound based on a pyridine skeleton and its substituted derivatives.",B,1_1,4-(methylnitrosamino)-1-(3-pyridyl)-1-butanol,http://purl.obolibrary.org/obo/CHEBI_82569,16,"Health & Medicine, Addiction Ontology"
"In the ontology of Addiction, which of the following definitions best describes 'varenicline'?","A. An aromatic ketone that is propiophenone carrying a tert-butylamino group at position 2 and a chloro substituent at position 3 on the phenyl ring.

B. A secondary amino compound having methyl and 3-(2-methylphenoxy)-3-phenylpropan-1-yl substituents.

C. A compound formally derived from ammonia by replacing two hydrogen atoms by hydrocarbyl groups.

D. An organic heterotetracyclic compound that acts as a partial agonist for nicotinic cholinergic receptors and is used (in the form of its tartate salt) as an aid to giving up smoking.",D,1_1,varenicline,http://purl.obolibrary.org/obo/CHEBI_84500,16,"Health & Medicine, Addiction Ontology"
"In the ontology of Addiction, which of the following definitions best describes 'material processing'?","A. A planned process which results in physical changes in a specified input material.

B. A method that results in the separation of two or more components according to some property.

C. A planned process to choose which of two or more study processes will be applied to a study participant.

D. A planned process that has the aim of influencing an outcome.",A,1_1,material processing,http://purl.obolibrary.org/obo/OBI_0000094,5,"Health & Medicine, Addiction Ontology"
"In the ontology of Addiction, which of the following definitions best describes 'fetal alcohol spectrum disorder'?","A. A developmental disorder of mental health that categorizes specific learning disabilities and developmental disorders affecting coordination.

B. A specific developmental disorder marked by a pattern of repetitive behavior wherein the rights of others or social norms are violated.

C. A specific developmental disorder and physical disorder that is characterized by physical, behavioral and learning birth defects resulting from maternal ingestion of alcohol during pregnancy.

D. A fetal alcohol spectrum disorder that results in damage to organs, bones, or muscles due to prenatal alcohol exposure.",C,1_1,fetal alcohol spectrum disorder,http://purl.obolibrary.org/obo/DOID_0050696,10,"Health & Medicine, Addiction Ontology"
"In the ontology of Addiction, which of the following definitions best describes 'thrombosis'?","A. A cardiovascular system disease that primarily affects the blood vessels which includes the arteries, veins and capillaries that carry blood to and from the heart.

B. A psychoactive substance that is used to reduce anxiety.

C. A nicotinic acetylcholine receptor partial agonist acting selectively on the alpha 4 beta 2 nicotinic acetylcholine receptor

D. A vascular disease caused by the formation of a blood clot inside a blood vessel, obstructing the flow of blood through the circulatory system.",D,1_1,thrombosis,http://purl.obolibrary.org/obo/DOID_0060903,10,"Health & Medicine, Addiction Ontology"
"In the ontology of Addiction, which of the following definitions best describes 'impulse control disorder'?","A. A disease of mental health that occur during a child's developmental period between birth and age 18 resulting in retarding of the child's psychological or physical development.

B. A disease of mental health that involves a failure to resist an impulsive act or behaviour that may be harmful to self or others.

C. A disease of mental health in which the normally well-integrated functions of memory, identity, perception, or consciousness are separated (dissociated).

D. A disease that involves a psychological or behavioral pattern generally associated with subjective distress or disability that occurs in an individual, and which are not a part of normal development or culture.",B,1_1,impulse control disorder,http://purl.obolibrary.org/obo/DOID_10937,8,"Health & Medicine, Addiction Ontology"
"In the ontology of Addiction, which of the following definitions best describes 'conduct disorder'?","A. A specific developmental disorder and physical disorder that is characterized by physical, behavioral and learning birth defects resulting from maternal ingestion of alcohol during pregnancy.

B. A specific developmental disorder marked by a pattern of repetitive behavior wherein the rights of others or social norms are violated.

C. A developmental disorder of mental health that categorizes specific learning disabilities and developmental disorders affecting coordination.

D. A document that contains a set of questions.",B,1_1,conduct disorder,http://purl.obolibrary.org/obo/DOID_12995,10,"Health & Medicine, Addiction Ontology"
"In the ontology of Addiction, which of the following definitions best describes 'major depressive disorder'?","A. An individual human behaviour that relates to a material entity.

B. A depressive disorder that is characterized by at least two weeks of loss of interest or pleasure in normally enjoyable activities or depressed mood along with additional cognitive or somatic impairments such as appetite or weight changes, sleep difficulties, psychomotor agitation or retardation, fatigue or loss of energy, diminished ability to think or concentrate, feelings of worthlessness or excessive guilt, and suicidality.

C. A mood disorder characterized by persistent sadness, emptiness, or irritability and decreased ability to function.

D. A flavoured e-liquid in which the e-liquid flavouring is designed to have a fruit flavour.",B,1_1,major depressive disorder,http://purl.obolibrary.org/obo/DOID_1470,11,"Health & Medicine, Addiction Ontology"
"In the ontology of Addiction, which of the following definitions best describes 'depressive disorder'?","A. A mood disorder characterized by persistent sadness, emptiness, or irritability and decreased ability to function.

B. A cognitive disorder that involves a disturbance in mood as the predominant underlying feature.

C. A mood disorder that involves alternating periods of mania and depression.

D. A depressive disorder that is characterized by at least two weeks of loss of interest or pleasure in normally enjoyable activities or depressed mood along with additional cognitive or somatic impairments such as appetite or weight changes, sleep difficulties, psychomotor agitation or retardation, fatigue or loss of energy, diminished ability to think or concentrate, feelings of worthlessness or excessive guilt, and suicidality.",A,1_1,depressive disorder,http://purl.obolibrary.org/obo/DOID_1596,10,"Health & Medicine, Addiction Ontology"
"In the ontology of Addiction, which of the following definitions best describes 'personality disorder'?","A. A disease of mental health that occur during a child's developmental period between birth and age 18 resulting in retarding of the child's psychological or physical development.

B. A disease of mental health that involve long-term patterns of thoughts and behaviors that cause serious problems with relationships and work.

C. A disease of mental health in which the normally well-integrated functions of memory, identity, perception, or consciousness are separated (dissociated).

D. A disease that involves a psychological or behavioral pattern generally associated with subjective distress or disability that occurs in an individual, and which are not a part of normal development or culture.",B,1_1,personality disorder,http://purl.obolibrary.org/obo/DOID_1510,8,"Health & Medicine, Addiction Ontology"
"In the ontology of Addiction, which of the following definitions best describes 'cognitive disorder'?","A. A cognitive disorder that involves a disturbance in mood as the predominant underlying feature.

B. A disease of mental health that involve long-term patterns of thoughts and behaviors that cause serious problems with relationships and work.

C. A disease of mental health that affects cognitive functions including memory processing, perception and problem solving.

D. A disease of mental health that involves a failure to resist an impulsive act or behaviour that may be harmful to self or others.",C,1_1,cognitive disorder,http://purl.obolibrary.org/obo/DOID_1561,8,"Health & Medicine, Addiction Ontology"
"In the ontology of Addiction, which of the following definitions best describes 'mood disorder'?","A. A cognitive disorder that involves an excessive, irrational dread of everyday situations.

B. A cognitive disorder that involves a disturbance in mood as the predominant underlying feature.

C. A cognitive disorder that involves abnormal thinking and perceptions resulting in a disconnection with reality.

D. A disease of mental health that affects cognitive functions including memory processing, perception and problem solving.",B,1_1,mood disorder,http://purl.obolibrary.org/obo/DOID_3324,9,"Health & Medicine, Addiction Ontology"
"In the ontology of Addiction, which of the following definitions best describes 'psychotic disorder'?","A. A cognitive disorder that involves a disturbance in mood as the predominant underlying feature.

B. A cognitive disorder that involves an excessive, irrational dread of everyday situations.

C. A disease of mental health that affects cognitive functions including memory processing, perception and problem solving.

D. A cognitive disorder that involves abnormal thinking and perceptions resulting in a disconnection with reality.",D,1_1,psychotic disorder,http://purl.obolibrary.org/obo/DOID_2468,9,"Health & Medicine, Addiction Ontology"
"In the ontology of Addiction, which of the following definitions best describes 'tuberculosis'?","A. A primary bacterial infectious disease that is located_in lungs, located_in lymph nodes, located_in pericardium, located_in brain, located_in pleura or located_in gastrointestinal tract, has_material_basis_in Mycobacterium tuberculosis, which is transmitted_by droplets released into the air when an infected person coughs or sneezes.

B. A population attribute that involves the amount of a product that a population uses.

C. A bacterial infectious disease that results_in infection by bacteria as a result of their presence or activity within the normal, healthy host, and their intrinsic virulence is, in part, a necessary consequence of their need to reproduce and spread.

D. A morphinane alkaloid found in the opium poppy, Papaver somniferum var. album; has analgesic, anti-tussive and anti-diarrhoeal properties.",A,1_1,tuberculosis,http://purl.obolibrary.org/obo/DOID_399,10,"Health & Medicine, Addiction Ontology"
"In the ontology of Addiction, which of the following definitions best describes 'viral infectious disease'?","A. A disease that involves a psychological or behavioral pattern generally associated with subjective distress or disability that occurs in an individual, and which are not a part of normal development or culture.

B. A disease that manifests in a defined anatomical structure.

C. A disease that is characterized by abnormally rapid cell division.

D. A disease by infectious agent that results in infection, has_material_basis_in Viruses.",D,1_1,viral infectious disease,http://purl.obolibrary.org/obo/DOID_934,8,"Health & Medicine, Addiction Ontology"
"In the ontology of Addiction, which of the following definitions best describes 'aerosol formation process'?","A. A process during which a portion of some environmental material is converted into a different material or a collection of materials.

B. Combustion or burning is a high-temperature exothermic redox chemical reaction between a fuel and an oxidant that produces oxidized, often gaseous products, in a mixture termed as smoke.

C. A material transformation process during which solid or liquid particles form and are suspended in a mass of air, thus creating an aerosol.

D. A chemical decomposition (the separation of a single chemical compound into its two or more elemental parts or to simpler compounds) caused by heat.",C,1_1,aerosol formation process,http://purl.obolibrary.org/obo/ENVO_01001654,6,"Health & Medicine, Addiction Ontology"
"In the ontology of Addiction, which of the following definitions best describes 'environmental system process'?","A. b is a process_profile =Def. there is some process c such that b process_profile_of c (axiom label in BFO2 Reference: [093-002])

B. A process involving widespread occurrence of a disease or disorder in a population.

C. A process in which includes the components of an environmental system as participants.

D. A process involving a person that results directly from,and within a short time period of, use by the person of a product.",C,1_1,environmental system process,http://purl.obolibrary.org/obo/ENVO_02500000,4,"Health & Medicine, Addiction Ontology"
"In the ontology of Addiction, which of the following definitions best describes 'intubation'?","A. Agent delivery of a tube into an external or internal orifice of the body for the purpose of adding or removing fluids or air.

B. Cyclopropane and its derivatives formed by substitution.

C. Epidemic of HIV infection.

D. A material processing technique performed to locally deliver an agent to a recipient.",A,1_1,intubation,http://purl.obolibrary.org/obo/ERO_0001108,5,"Health & Medicine, Addiction Ontology"
"In the ontology of Addiction, which of the following definitions best describes 'credible interval'?","A. A data item which is used to indicate the degree of uncertainty about a measurement.

B. A person who does not own a residential facility and does not have an agreement with a residential facility owner that would enable them to live in a residential facility.

C. A quantitative confidence value that is used in Bayesian analysis to describe the range in which a posterior probability estimate is likely to reside.

D. A quantitative confidence value that refers to an interval give values within which there is a high probability (95 percent by convention) that the true population value can be found. The calculation of a confidence interval considers the standard deviation of the data and the number of observations. Thus, a confidence interval narrows as the number of observations increases, or its variance (dispersion) decreases.",C,1_1,credible interval,http://purl.obolibrary.org/obo/OBCS_0000071,10,"Health & Medicine, Addiction Ontology"
"In the ontology of Addiction, which of the following definitions best describes 'standardized mortality ratio'?","A. A data item that is about the amount of harm to health caused by an individual using a product relative to other products.

B. A data item that is about the quantity and frequency of alcohol consumption of a person.

C. A data item which is used to indicate the degree of uncertainty about a measurement.

D. A data item which is the ratio of observed deaths in the study group to expected deaths in the general population.",D,1_1,standardized mortality ratio,http://purl.obolibrary.org/obo/OBCS_0000150,9,"Health & Medicine, Addiction Ontology"
"In the ontology of Addiction, which of the following definitions best describes 'derived data from inferential statistical analysis'?","A. A data item that is derived from an inferential statistical data analysis.

B. A data item that is the year in which a document was published.

C. A data item that is a measure of lung function, and is about the maximal amount of air a person can forcefully exhale in one second.

D. A data item which indicates the absolute reduction number of cigarettes smoked over a period of time.",A,1_1,derived data from inferential statistical analysis,http://purl.obolibrary.org/obo/OBCS_0000220,8,"Health & Medicine, Addiction Ontology"
"In the ontology of Addiction, which of the following definitions best describes 'derived data from statistical analysis'?","A. A data item which is the ratio of observed deaths in the study group to expected deaths in the general population.

B. A data item that is derived from a statistical data analysis.

C. A data item that is derived from an inferential statistical data analysis.

D. A database documenting absence from work",B,1_1,derived data from statistical analysis,http://purl.obolibrary.org/obo/OBCS_0000218,7,"Health & Medicine, Addiction Ontology"
"In the ontology of Addiction, which of the following definitions best describes 'processed material'?","A. An object aggregate consisting of an organism and all material entities located within the organism, overlapping the organism, or occupying sites formed in part by the organism.

B. A material entity that is not an object.

C. A chemical entity is a physical entity of interest in chemistry including molecular entities, parts thereof, and chemical substances.

D. Is a material entity that is created or changed during material processing.",D,1_1,processed material,http://purl.obolibrary.org/obo/OBI_0000047,5,"Health & Medicine, Addiction Ontology"
"In the ontology of Addiction, which of the following definitions best describes 'pathological bodily process'?","A. A <process> in which at least one bodily component of an organism participates.

B. A bodily process involving clinical signs or symptoms, or onset, prolongation or worsening of a clinical disorder or disease.

C. A bodily process that is clinically abnormal.

D. A <bodily process> that occurs in the brain, and that can of itself be conscious, or can give rise to a process that can of itself be conscious or can give rise to behaviour.",C,1_1,pathological bodily process,http://purl.obolibrary.org/obo/OGMS_0000061,5,"Health & Medicine, Addiction Ontology"
"In the ontology of Addiction, which of the following definitions best describes 'rehabilitation facility'?","A. A facility to assist in physical or addiction recovery

B. Attempting individual behaviour pattern cessation where the behaviour pattern is cigarette smoking.

C. The concentration of nicotine in a portion of e-liquid.

D. a health care facility that also bears a residence function and thus one in which the patients are also residents of the facility",A,1_1,rehabilitation facility,http://purl.obolibrary.org/obo/OMRSE_00000106,9,"Health & Medicine, Addiction Ontology"
"In the ontology of Addiction, which of the following definitions best describes 'community living health care facility'?","A. A health care facility within a hospital that provides acute medical care for patients that have presented as medical emergencies to a hospital or who have developed an acute medical illness while in hospital.

B. A health care facility that bears a function to provide emergency healthcare services and the acute care of patients who present without prior appointment, having arrived either by their own means or by ambulance

C. A health care facility that provides harm reduction services to substance users.

D. a health care facility that also bears a residence function and thus one in which the patients are also residents of the facility",D,1_1,community living health care facility,http://purl.obolibrary.org/obo/OMRSE_00000150,8,"Health & Medicine, Addiction Ontology"
"In the ontology of Addiction, which of the following definitions best describes 'residential facility'?","A. A facility that provides housing, health care and social care.

B. An architectural structure that bears some function.

C. A facility that has at least one housing unit as part in which a person or persons live

D. A facility that is administered by a health care organization for the purpose of providing health care to a patient or patient population.",C,1_1,residential facility,http://purl.obolibrary.org/obo/OMRSE_00000191,7,"Health & Medicine, Addiction Ontology"
"In the ontology of Addiction, which of the following definitions best describes 'amount'?","A. A quality of an entity that can be represented numerically, including anything that can be counted, measured, or given a numerical value.

B. A secondary alcohol is a compound in which a hydroxy group, -OH, is attached to a saturated carbon atom which has two other carbon atoms attached to it.

C. A quality inhering in a substance by virtue of the amount of the bearer's there is mixed with another substance.

D. The number of entities of this type that are part of the whole organism.",D,1_1,amount,http://purl.obolibrary.org/obo/PATO_0000070,6,"Health & Medicine, Addiction Ontology"
"In the ontology of Addiction, which of the following definitions best describes 'physical quality'?","A. A quality which inheres in a molecular entity, a single molecule, atom, ion, radical etc.

B. A quality of a physical entity that exists through action of continuants at the physical level of organisation in relation to other entities.

C. A quality in which events occur in sequence.

D. A quality which inheres in a continuant.",B,1_1,physical quality,http://purl.obolibrary.org/obo/PATO_0001018,6,"Health & Medicine, Addiction Ontology"
"In the ontology of Addiction, which of the following definitions best describes 'material anatomical entity'?","A. A material entity consisting of multiple components that are causally integrated.

B. An entity that can bear roles, has members, and has a set of organization rules. Members of organizations are either organizations themselves or individual people. Members can bear specific organization member roles that are determined in the organization rules. The organization rules also determine how decisions are made on behalf of the organization by the organization members.

C. A material entity that has an economic good role.

D. Anatomical entity that has mass.",D,1_1,material anatomical entity,http://purl.obolibrary.org/obo/UBERON_0000465,7,"Health & Medicine, Addiction Ontology"
"In the ontology of Addiction, which of the following definitions best describes 'organ'?","A. Anatomical structure that performs a specific function or group of functions

B. An anatomical structure that develops (entirely or partially) from the ectoderm.

C. Multicellular, connected anatomical structure that has multiple organs as parts and whose parts work together to achieve some shared function.

D. An anatomical structure that has more than one cell as a part.",A,1_1,organ,http://purl.obolibrary.org/obo/UBERON_0000062,10,"Health & Medicine, Addiction Ontology"
"In the ontology of Addiction, which of the following definitions best describes 'multicellular anatomical structure'?","A. Anatomical structure that performs a specific function or group of functions

B. A structure consisting of multiple cell components but which is not itself a cell and does not have (complete) cells as a part.

C. An anatomical structure that has more than one cell as a part.

D. An anatomical structure that develops (entirely or partially) from the ectoderm.",C,1_1,multicellular anatomical structure,http://purl.obolibrary.org/obo/UBERON_0010000,9,"Health & Medicine, Addiction Ontology"
"In the ontology of Addiction, which of the following definitions best describes 'neural nucleus'?","A. A retailer that sells alcohol beverages.

B. A neural nucleus that is part of the brain.

C. A spatially aggregated collection of nerve cell bodies in the CNS, consisting of one or more subpopulations that share cell type, chemical phenotype, and connections, and including nearby cells that share the same cell type, chemical phenotype, and connections. (CUMBO).

D. A multi cell part structure that is part of a central nervous system.",C,1_1,neural nucleus,http://purl.obolibrary.org/obo/UBERON_0000125,11,"Health & Medicine, Addiction Ontology"
"In the ontology of Addiction, which of the following definitions best describes 'organism substance'?","A. Anatomical entity that has mass.

B. Material anatomical entity that is a single connected structure with inherent 3D shape generated by coordinated expression of the organism's own genome.

C. Liquid components of living organisms. includes fluids that are excreted or secreted from the body as well as body water that normally is not.

D. Material anatomical entity in a gaseous, liquid, semisolid or solid state; produced by anatomical structures or derived from inhaled and ingested substances that have been modified by anatomical structures as they pass through the body.",D,1_1,organism substance,http://purl.obolibrary.org/obo/UBERON_0000463,8,"Health & Medicine, Addiction Ontology"
"In the ontology of Addiction, which of the following definitions best describes 'anatomical system'?","A. Anatomical system that has as its parts the heart and blood vessels.

B. Anatomical structure that performs a specific function or group of functions

C. An anatomical structure that develops (entirely or partially) from the ectoderm.

D. Multicellular, connected anatomical structure that has multiple organs as parts and whose parts work together to achieve some shared function.",D,1_1,anatomical system,http://purl.obolibrary.org/obo/UBERON_0000467,9,"Health & Medicine, Addiction Ontology"
"In the ontology of Addiction, which of the following definitions best describes 'caudate nucleus'?","A. Subcortical nucleus of telecephalic origin consisting of an elongated gray mass lying lateral to and bordering the lateral ventricle. It is divided into a head, body and tail in some species.

B. Nicotine replacement therapy are nicotine delivery products that are licensed for use as smoking cessation or harm reduction aids used by people for quitting or reducing use of tobacco containing products.

C. A disposition which is realised by an environmental system or system parts thereof.

D. A nucleus of brain that is part of a telencephalon.",A,1_1,caudate nucleus,http://purl.obolibrary.org/obo/UBERON_0001873,14,"Health & Medicine, Addiction Ontology"
"In the ontology of Addiction, which of the following definitions best describes 'telencephalic nucleus'?","A. An interventional study design in which study participants are informed which of two or more interventions that they are to experience.

B. A neural nucleus that is part of the brain.

C. Subcortical nucleus of telecephalic origin consisting of an elongated gray mass lying lateral to and bordering the lateral ventricle. It is divided into a head, body and tail in some species.

D. A nucleus of brain that is part of a telencephalon.",D,1_1,telencephalic nucleus,http://purl.obolibrary.org/obo/UBERON_0009663,13,"Health & Medicine, Addiction Ontology"
"In the ontology of Addiction, which of the following definitions best describes 'nucleus of brain'?","A. A spatially aggregated collection of nerve cell bodies in the CNS, consisting of one or more subpopulations that share cell type, chemical phenotype, and connections, and including nearby cells that share the same cell type, chemical phenotype, and connections. (CUMBO).

B. A combustible tobacco-containing product that is a thin cylinder of finely cut tobacco encased in a thin paper.

C. A nucleus of brain that is part of a telencephalon.

D. A neural nucleus that is part of the brain.",D,1_1,nucleus of brain,http://purl.obolibrary.org/obo/UBERON_0002308,12,"Health & Medicine, Addiction Ontology"
"In the ontology of Addiction, which of the following definitions best describes 'ectoderm-derived structure'?","A. Material anatomical entity that is a single connected structure with inherent 3D shape generated by coordinated expression of the organism's own genome.

B. Multicellular, connected anatomical structure that has multiple organs as parts and whose parts work together to achieve some shared function.

C. Anatomical structure that performs a specific function or group of functions

D. An anatomical structure that develops (entirely or partially) from the ectoderm.",D,1_1,ectoderm-derived structure,http://purl.obolibrary.org/obo/UBERON_0004121,9,"Health & Medicine, Addiction Ontology"
"In the ontology of Addiction, which of the following definitions best describes 'multi cell part structure'?","A. Multicellular, connected anatomical structure that has multiple organs as parts and whose parts work together to achieve some shared function.

B. Anatomical structure that performs a specific function or group of functions

C. A structure consisting of multiple cell components but which is not itself a cell and does not have (complete) cells as a part.

D. An anatomical structure that develops (entirely or partially) from the ectoderm.",C,1_1,multi cell part structure,http://purl.obolibrary.org/obo/UBERON_0005162,9,"Health & Medicine, Addiction Ontology"
