question,options,answer,task_label,label,iri,depth,domain
"In the ontology of Alzheimer's Disease, which of the following definitions best describes 'Alzheimer's disease'?","A. An Alzheimer's disease that is characterized by an associated with mutations in the gene TREM2.

B. A tauopathy that is characterized by memory lapses, confusion, emotional instability and progressive loss of mental ability and results in progressive memory loss, impaired thinking, disorientation, and changes in personality and mood starting and leads in advanced cases to a profound decline in cognitive and physical functioning and is marked histologically by the degeneration of brain neurons especially in the cerebral cortex and by the presence of neurofibrillary tangles and plaques containing beta-amyloid.

C. A disease of which the patient at this stage suffer from memory loss, impaired ability to think, or making decisions that interferes with doing everyday activities.

D. An Alzheimer's disease that is characterized by an associated with a risk allele in in the PCDH11X gene on chromosome Xq21.3.",B,1_1,Alzheimer's disease,http://purl.obolibrary.org/obo/DOID_10652,12,"Health & Medicine, Alzheimer Disease Ontology"
"In the ontology of Alzheimer's Disease, which of the following definitions best describes 'Early-stage Alzheimer's Disease (mild)'?","A. A disease at late stage where dementia symptoms are severe. Individuals lose the ability to respond to their environment, to carry on a conversation and, eventually, to control movement. They may still say words or phrases, but communicating pain becomes difficult. As memory and cognitive skills continue to worsen, significant personality changes may take place and individuals need extensive care.

B. a part of an occurrence of a disease process which is associated with position in the normal progression of the disease

C. A stage where symptoms have a gradual onset over months to years but with harmful effects, not sudden within hours or days.

D. A disease stage at which a person may function independently. He or she may still drive, work and be a part of social activities. Despite this, the person may feel as if he or she is having memory lapses, such as forgetting familiar words or the location of everyday objects.",D,1_1,Early-stage Alzheimer's Disease (mild),http://purl.obolibrary.org/obo/ADO_0000025,5,"Health & Medicine, Alzheimer Disease Ontology"
"In the ontology of Alzheimer's Disease, which of the following definitions best describes 'Middle-stage Alzheimer's Disease (moderate)'?","A. A disease in the middle stage where the dementia symptoms are more pronounced. The person may confuse words, get frustrated or angry, and act in unexpected ways, such as refusing to bathe. Damage to nerve cells in the brain can also make it difficult for the person to express thoughts and perform routine tasks without assistance.

B. A stage where symptoms have a gradual onset over months to years but with harmful effects, not sudden within hours or days.

C. A disease stage at which a person may function independently. He or she may still drive, work and be a part of social activities. Despite this, the person may feel as if he or she is having memory lapses, such as forgetting familiar words or the location of everyday objects.

D. a part of an occurrence of a disease process which is associated with position in the normal progression of the disease",A,1_1,Middle-stage Alzheimer's Disease (moderate),http://purl.obolibrary.org/obo/ADO_0000032,5,"Health & Medicine, Alzheimer Disease Ontology"
"In the ontology of Alzheimer's Disease, which of the following definitions best describes 'Late-stage Alzheimer's Disease(severe)'?","A. A stage where cognitive impiarment suddenly arises

B. A disease in the middle stage where the dementia symptoms are more pronounced. The person may confuse words, get frustrated or angry, and act in unexpected ways, such as refusing to bathe. Damage to nerve cells in the brain can also make it difficult for the person to express thoughts and perform routine tasks without assistance.

C. A disease at late stage where dementia symptoms are severe. Individuals lose the ability to respond to their environment, to carry on a conversation and, eventually, to control movement. They may still say words or phrases, but communicating pain becomes difficult. As memory and cognitive skills continue to worsen, significant personality changes may take place and individuals need extensive care.

D. A disease stage at which a person may function independently. He or she may still drive, work and be a part of social activities. Despite this, the person may feel as if he or she is having memory lapses, such as forgetting familiar words or the location of everyday objects.",C,1_1,Late-stage Alzheimer's Disease(severe),http://purl.obolibrary.org/obo/ADO_0000042,5,"Health & Medicine, Alzheimer Disease Ontology"
"In the ontology of Alzheimer's Disease, which of the following definitions best describes 'mild cognitive impairment due to Alzheimer's disease'?","A. A stage of Alzheimer's disease where symptoms appear such as concern regarding a change in cognition (raised either by the patient himself/herself or by an informant who knows the patient well), impairment in one or more cognitive domains, preservation of independence in functional abilities and other non-demented symptoms.

B. A disease stage of Alzheimer's disease that begins long before any symptoms become apparent. The symptoms go unnoticed by the patients and people around them and this stage can last for years, possibly even decades.

C. Any Alzheimer disease in which the cause of the disease is a mutation in the ADAM10 gene.

D. A degenerative disease of the brain that causes gradual loss of memory, judgment, and the ability to function socially. About 25% of all Alzheimer disease is familial (more than 2 people in a family have AD). When Alzheimer disease begins before 60 or 65 years of age (early-onset AD) about 60% of the cases are familial (also known as Early-onset familial AD). These cases appear to be inherited in an autosomal dominant manner.",A,1_1,mild cognitive impairment due to Alzheimer's disease,http://purl.obolibrary.org/obo/ADO_0000049,13,"Health & Medicine, Alzheimer Disease Ontology"
"In the ontology of Alzheimer's Disease, which of the following definitions best describes 'Longitudinal Study'?","A. Comparison of outcomes, results, responses, etc for different techniques, therapeutic approaches or other inputs.

B. Research conducted with human subjects or on material of human origin in which an investigator directly interacts with human subjects; includes development of new technologies, study of mechanisms of human diseases, therapy, clinical trials, epidemiologic, behavior, and health services research.

C. A study in which participants with no known disease are initially assessed, and then reassessed for the same characteristic at mutiple timepoints in the future.

D. A clinical study that is designed using a procedure in which one or more parties to the study [subject(s), investigator(s), monitor, or/and data analyst(s)] are kept unaware of the treatment assignment(s).",C,1_1,Longitudinal Study,http://purl.obolibrary.org/obo/NCIT_C15273,7,"Health & Medicine, Alzheimer Disease Ontology"
"In the ontology of Alzheimer's Disease, which of the following definitions best describes 'probable Alzheimer dementia'?","A. A type of dementia which which the person meets the core clinical creteria for probable Alzheimer dementia.

B. A type of Alzheimer dementia whic meets core clinical criteria for possible Alzheimer dementia

C. A disease of which the patient at this stage suffer from memory loss, impaired ability to think, or making decisions that interferes with doing everyday activities.

D. the part of the execution of an intervention design study which is varied between two or more subjects in the study",A,1_1,probable Alzheimer dementia,http://purl.obolibrary.org/obo/ADO_0000059,14,"Health & Medicine, Alzheimer Disease Ontology"
"In the ontology of Alzheimer's Disease, which of the following definitions best describes 'ratio'?","A. a data item is an information content entity that is intended to be a truthful statement about something (modulo, e.g., measurement precision or other systematic errors) and is constructed/acquired by a method which reliably tends to produce (approximately) truthful statements.

B. A generically dependent continuant that is about some thing.

C. A ratio is a data item which is formed with two numbers r and s is written r/s, where r is the numerator and s is the denominator. The ratio of r to s is equivalent to the quotient r/s.

D. Odds ratio is a ratio that measures effect size, that is the strength of association between 2 dichotomous variables, one describing an exposure and one describing an outcome.	It represents the odds that an outcome will occur given a particular exposure, compared to the odds of the outcome occurring in the absence of that exposure ( the probability of the event occuring divided by the probability of an event not occurring). The odds ratio is a ratio of describing the strength of association or non-independence between two binary data values by forming the ratio of the odds for the first group and the odds for the second group. Odds ratio are used when one wants to compare the odds of something occurring to two different groups.",C,1_1,ratio,http://purl.obolibrary.org/obo/STATO_0000184,5,"Health & Medicine, Alzheimer Disease Ontology"
"In the ontology of Alzheimer's Disease, which of the following definitions best describes 'APOE genotype test'?","A. Any method that uses a visual display of structural or functional patterns of organs or tissues for diagnostic evaluation.

B. Material anatomical entity which is generated by coordinated expression of the organism's own genes that guide its morphogenesis; has inherent 3D shape; its parts are connected and spatially related to one another in patterns determined by coordinated gene expression. Examples: heart, right ventricle, mitral valve, myocardium, endothelium, lymphocyte, fibroblast, thorax, cardiovascular system, hemoglobin, T cell receptor.

C. A technique used to determine the specific apolipoprotein E (APOE) genotypes in patients with type III hyperlipoproteinemia

D. A member of the class of tetralins that is tetralin which is substituted at positions 1 and 4 by a methylamino and a 3,4-dichlorophenyl group, respectively (the S,S diastereoisomer). A selective serotonin-reuptake inhibitor (SSRI), it is administered orally as the hydrochloride salt as an antidepressant for the treatment of depression, obsessive-compulsive disorder, panic disorder and post-traumatic stress disorder.",C,1_1,APOE genotype test,http://purl.obolibrary.org/obo/ADO_0000071,9,"Health & Medicine, Alzheimer Disease Ontology"
"In the ontology of Alzheimer's Disease, which of the following definitions best describes 'beta-secretase 1 measurement'?","A. The primary measurement(s) or observation(s) used to measure the effect of experimental variables in a study, or for observational studies, to describe patterns of diseases or traits or associations with exposures, risk factors or treatment. These are the outcome measures used to assess the primary objective(s).

B. Other key measures that will be used to evaluate the intervention(s) or, for observational studies, that are a focus of the study. These are the outcome measures used to assess the secondary objective(s).

C. A result from clinical assessment that characterizes presence of abnormal amyloid found with cerebrospinal fluid (CSF) and/or positron emission tomography (PET)

D. A measurement that quantifies the amount of beta-secretase 1 (BACE1) normally found in blood or cerebrospinal fluid. The quantification of the amount of beta-secretase 1 in a sample, typicallly cerebrospinal fluid. Beta-secretase-1 is an aspartic-acid protease important in the formation of myelin sheaths in peripheral nerve cells, and is thought to have a role in Alzheimer's disease pathogenesis.",D,1_1,beta-secretase 1 measurement,http://purl.obolibrary.org/obo/ADO_0000073,8,"Health & Medicine, Alzheimer Disease Ontology"
"In the ontology of Alzheimer's Disease, which of the following definitions best describes 'Cambridge Neuropsychological Test Automated Battery for Alzheimer disease'?","A. A screening examination that assesses cognition in a brief but quantitative fashion, uses independent tests to evaluate functioning within five major cognitive ability areas: language, constructions, memory, calculations, and reasoning.

B. Measures basic skills in reading, arithmetic, and spelling. It is a screening test that can be administered to determine if a more comprehensive achievement test is needed.

C. A short screening test that evaluates language skills and it consists of Semantic verbal Fluency Tests (SFT) and Categorical verbal Fluency Tests (CFT).

D. A tool to assess cognitive functions in diverse neurological and psychiatric disorders, such as dementia, schizophrenia, depression, Parkinson's Disease.",D,1_1,Cambridge Neuropsychological Test Automated Battery for Alzheimer disease,http://purl.obolibrary.org/obo/ADO_0000075,7,"Health & Medicine, Alzheimer Disease Ontology"
"In the ontology of Alzheimer's Disease, which of the following definitions best describes 'caffeine consumption'?","A. A manner of living that reflects the person's values and attitudes.

B. A behavior of consuming caffeine-containing products such as coffee, tea, cacao, energy drinks

C. ""Behavior related to the intake of nicotine."" [NBOC:GVG]

D. Consumption of liquids containing ethanol, including the behaviors associated with drinking the alcohol.",B,1_1,caffeine consumption,http://purl.obolibrary.org/obo/ADO_0000076,7,"Health & Medicine, Alzheimer Disease Ontology"
"In the ontology of Alzheimer's Disease, which of the following definitions best describes 'traumatic brain injury'?","A. A disease that manifests in a defined anatomical structure.

B. A disease of anatomical entity that is located_in the central nervous system or located_in the peripheral nervous system.

C. Traumatic brain injury usually results from a violent blow or jolt to the head or body. An object that goes through brain tissue, such as a bullet or shattered piece of skull, also can cause traumatic brain injury.

D. A disease of anatomical entity that occurs in the muscular and/or skeletal system.",C,1_1,traumatic brain injury,http://purl.obolibrary.org/obo/ADO_0000082,8,"Health & Medicine, Alzheimer Disease Ontology"
"In the ontology of Alzheimer's Disease, which of the following definitions best describes 'medical intervention'?","A. medical intervention is a planned process that has the goal of diagnosing, preventing or relieving illness or injury.

B. A planned process whose completion is hypothesized by a health care provider to eliminate, prevent, or alleviate the signs and symptoms of a disorder or pathological process

C. A planned process which results in physical changes in a specified input material

D. A process that realizes a plan which is the concretization of a plan specification.",A,1_1,medical intervention,http://purl.obolibrary.org/obo/OAE_0000002,5,"Health & Medicine, Alzheimer Disease Ontology"
"In the ontology of Alzheimer's Disease, which of the following definitions best describes 'phospatidylinositol signalling'?","A. An internal signaling process in response to extracellular signals through which phosphatidylinositols undergo rapid turnover and generate second messengers including diacylglycerol, inositol 1,4,5-trisphosphate, phosphatidylinositol 3,4-bisphosphate (PtdIns 3,4P2) and phosphatidylinositol 3,4,5-trisphosphate.

B. a signaling process that is initiated through binding and activation of its cell-surface receptor and initiates a cascade of phosphorylation and dephosphorylation events, second-messenger generation, and protein-protein interactions that result in diverse metabolic events in almost every tissue

C. A signaling process through which neurotrophins modulate long-term potentiation, dendritic complexity and axon branching, processes that promote synaptic efficacy and thus learning and memory.

D. The entirety of a process in which information is transmitted within a biological system. This process begins with an active signal and ends when a cellular response has been triggered.",A,1_1,phospatidylinositol signalling,http://purl.obolibrary.org/obo/ADO_0000094,6,"Health & Medicine, Alzheimer Disease Ontology"
"In the ontology of Alzheimer's Disease, which of the following definitions best describes 'independent continuant'?","A. An entity that exists in full at any time in which it exists at all, persists through time while maintaining its identity and has no temporal parts.

B. A continuant that inheres in or is borne by other entities. Every instance of A requires some specific instance of B which must always be the same.

C. b is an independent continuant = Def. b is a continuant which is such that there is no c and no t such that b s-depends_on c at t. (axiom label in BFO2 Reference: [017-002])

D. Biological entity that is either an individual member of a biological species or constitutes the structural organization of an individual member of a biological species.",C,1_1,independent continuant,http://purl.obolibrary.org/obo/BFO_0000004,3,"Health & Medicine, Alzheimer Disease Ontology"
"In the ontology of Alzheimer's Disease, which of the following definitions best describes 'continuant fiat boundary'?","A. 4-(2-Aminoethyl)pyrocatechol [4-(2-aminoethyl)benzene-1,2-diol] and derivatives formed by substitution.

B. Hippocampus (proper) plus dentate gyrus and subiculum[definition derived from NIF comments and ontology alignment].

C. A class of glycerophospholipids in which a phosphatidyl group is esterified to the hydroxy group of ethanolamine.

D. b is a continuant fiat boundary = Def. b is an immaterial entity that is of zero, one or two dimensions and does not include a spatial region as part. (axiom label in BFO2 Reference: [029-001])",D,1_1,continuant fiat boundary,http://purl.obolibrary.org/obo/BFO_0000140,5,"Health & Medicine, Alzheimer Disease Ontology"
"In the ontology of Alzheimer's Disease, which of the following definitions best describes 'macroglia'?","A. A neurectoderm derived cell that lines the neural lumen.

B. An achromatic cell of the myeloid or lymphoid lineages capable of ameboid movement, found in blood or other tissue.

C. A cell that is part of the nervous system.

D. Neuroglial cells of ectodermal origin, i.e., the astrocytes and oligodendrocytes considered together. Originally, the term was used for the astrocytes alone.",D,1_1,macroglia,http://purl.obolibrary.org/obo/BTO_0000771,11,"Health & Medicine, Alzheimer Disease Ontology"
"In the ontology of Alzheimer's Disease, which of the following definitions best describes 'dentate gyrus'?","A. A serrated strip of gray matter under the medial border of the hippocampus and in its depths; it is an archaeocortex which develops along the edge of the hippocampal fissure and which consists of molecular, granular, and polymorphic layers.

B. Any evaluation or assessment tool used to ascertain a patient's condition or diagnosis.

C. An inhibitor that interferes the chemical reaction of BACE1

D. a part of an occurrence of a disease process which is associated with position in the normal progression of the disease",A,1_1,dentate gyrus,http://purl.obolibrary.org/obo/BTO_0002496,13,"Health & Medicine, Alzheimer Disease Ontology"
"In the ontology of Alzheimer's Disease, which of the following definitions best describes 'Abnormal nervous system morphology'?","A. A functional anomaly of the nervous system.

B. A structural anomaly of the nervous system.

C. A plaque consisting of tangles of amyloid protein in nervous tissue (a pathological mark of Alzheimer's disease).

D. Progressive loss of neural cells and tissue.",B,1_1,Abnormal nervous system morphology,http://purl.obolibrary.org/obo/HP_0012639,7,"Health & Medicine, Alzheimer Disease Ontology"
"In the ontology of Alzheimer's Disease, which of the following definitions best describes 'medial temporal lobe'?","A. The medial temporal lobes are near the Sagittal plane that divides left and right cerebral hemispheres and are thought to be involved in episodic, declarative memory.

B. The thin layer of gray matter on the surface of the cerebral hemisphere that develops from the telencephalon. It consists of the neocortex (6 layered cortex or isocortex), the hippocampal formation and the olfactory cortex.

C. A monoatomic monocation obtained from sodium.

D. A neuron of the hippocampus.",A,1_1,medial temporal lobe,http://purl.obolibrary.org/obo/BTO_0004477,11,"Health & Medicine, Alzheimer Disease Ontology"
"In the ontology of Alzheimer's Disease, which of the following definitions best describes 'ziprasidone'?","A. Antipsychotic drugs are agents that control agitated psychotic behaviour, alleviate acute psychotic states, reduce psychotic symptoms, and exert a quieting effect.

B. A benzodiazepine that is 5H-dibenzo[b,e][1,4]diazepine substituted by a chloro group at position 8 and a 4-methylpiperazin-1-yl group at position 11. It is a second generation antipsychotic used in the treatment of psychiatric disorders like schizophrenia.

C. A piperazine compound having 1,2-benzothiazol-3-yl- and 2-(6-chloro-1,3-dihydro-2-oxindol-5-yl)ethyl substituents attached to the nitrogen atoms.

D. A member of the class of pyridopyrimidines that is 2-methyl-6,7,8,9-tetrahydropyrido[1,2-a]pyrimidin-4-one carrying an additional 2-[4-(6-fluoro-1,2-benzoxazol-3-yl)piperidin-1-yl]ethyl group at position 2.",C,1_1,ziprasidone,http://purl.obolibrary.org/obo/CHEBI_10119,11,"Health & Medicine, Alzheimer Disease Ontology"
"In the ontology of Alzheimer's Disease, which of the following definitions best describes 'fatty acid'?","A. A family of polyunsaturated fatty acids that have in common a final carbon-carbon double bond in the n-6 position, i.e., the sixth bond from the methyl end of the fatty acid.

B. Any aliphatic monocarboxylic acid derived from or contained in esterified form in an animal or vegetable fat, oil or wax.

C. Any member of a group of hydroxy-5beta-cholanic acids occuring in bile, where they are present as the sodium salts of their amides with glycine or taurine. In mammals bile acids almost invariably have 5beta-configuration.

D. An androstanoid having 17beta-hydroxy and 3-oxo groups, together with unsaturation at C-4-C-5..",B,1_1,fatty acid,http://purl.obolibrary.org/obo/CHEBI_35366,13,"Health & Medicine, Alzheimer Disease Ontology"
"In the ontology of Alzheimer's Disease, which of the following definitions best describes 'organosulfur compound'?","A. A monocarboxylic acid that is acetic acid in which one of the methyl hydrogens is substituted by a 1,8-diethyl-1,3,4,9-tetrahydropyrano[3,4-b]indol-1-yl moiety. A preferential inhibitor of cyclo-oxygenase 2 and non-steroidal anti-inflammatory, it is used for the treatment of rheumatoid arthritis and osteoarthritis, and for the alleviation of postoperative pain. Administered as the racemate, only the (S)-enantiomer is active.

B. An organosulfur compound is a compound containing at least one carbon-sulfur bond.

C. An organophosphorus compound is formally a compound containing at least one carbon-phosphorus bond, but the term is often extended to include esters and thioesters.

D. An aminosulfinic acid comprising ethylamine having the sulfo group at the 2-position.",B,1_1,organosulfur compound,http://purl.obolibrary.org/obo/CHEBI_33261,14,"Health & Medicine, Alzheimer Disease Ontology"
"In the ontology of Alzheimer's Disease, which of the following definitions best describes 'organonitrogen compound'?","A. The D isomer of N-acetylglucosamine.

B. Any heteroorganic entity containing at least one carbon-nitrogen bond.

C. A compound formally derived from an oxoacid RkE(=O)l(OH)m (l > 0) and an alcohol, phenol, heteroarenol, or enol by linking with formal loss of water from an acidic hydroxy group of the former and a hydroxy group of the latter.

D. A catecholamine in which C-1 of the aminoethyl side-chain is hydroxy-substituted.",B,1_1,organonitrogen compound,http://purl.obolibrary.org/obo/CHEBI_35352,13,"Health & Medicine, Alzheimer Disease Ontology"
"In the ontology of Alzheimer's Disease, which of the following definitions best describes 'organic molecule'?","A. A dihydroxy monocarboxylic acid that is a member of the drug class known as statins, used primarily for lowering blood cholesterol and for preventing cardiovascular diseases.

B. A dipeptide that is the prodrug for ramiprilat, the active metabolite obtained by hydrolysis of the ethyl ester group. An angiotensin-converting enzyme (ACE) inhibitor, used to treat high blood pressure and congestive heart failure.

C. Any molecule that consists of at least one carbon atom as part of the electrically neutral entity.

D. A monounsaturated fatty aldehyde that is nonanal that has undergone dehydrogenation to introduce a double bond at any position in the aliphatic chain and in which a hydrogen at position 4 has been replaced by a hydroxy group.",C,1_1,organic molecule,http://purl.obolibrary.org/obo/CHEBI_72695,12,"Health & Medicine, Alzheimer Disease Ontology"
"In the ontology of Alzheimer's Disease, which of the following definitions best describes 'secondary carboxamide'?","A. A thioester that results from the formal condensation of the thiol group of coenzyme A with the carboxy group of any carboxylic acid.

B. Research conducted with human subjects or on material of human origin in which an investigator directly interacts with human subjects; includes development of new technologies, study of mechanisms of human diseases, therapy, clinical trials, epidemiologic, behavior, and health services research.

C. An amide of a carboxylic acid, having the structure RC(=O)NR2. The term is used as a suffix in systematic name formation to denote the -C(=O)NH2 group including its carbon atom.

D. A carboxamide resulting from the formal condensation of a carboxylic acid with a primary amine; formula RC(=O)NHR(1).",D,1_1,secondary carboxamide,http://purl.obolibrary.org/obo/CHEBI_140325,16,"Health & Medicine, Alzheimer Disease Ontology"
"In the ontology of Alzheimer's Disease, which of the following definitions best describes 'polyatomic entity'?","A. An aldohexose used as a source of energy and metabolic intermediate.

B. A molecular entity containing one or more atoms from any of groups 1, 2, 13, 14, 15, 16, 17, and 18 of the periodic table.

C. Any molecular entity consisting of more than one atom.

D. An organic compound having at least one hydroxy group attached to a carbon atom.",C,1_1,polyatomic entity,http://purl.obolibrary.org/obo/CHEBI_36357,8,"Health & Medicine, Alzheimer Disease Ontology"
"In the ontology of Alzheimer's Disease, which of the following definitions best describes 'insulin'?","A. A member of the class of phenothiazines that is phenothiazine having a trifluoromethyl subsitituent at the 2-position and a 3-(4-methylpiperazin-1-yl)propyl group at the N-10 position.

B. Any heteroorganic entity containing at least one carbon-nitrogen bond.

C. A sulfur-containing amino acid that is propanoic acid with an amino group at position 2 and a sulfanyl group at position 3.

D. A peptide hormone which consists of two polypeptide chains, A- and B- chains which are linked together by disulfide bonds. The amino acid sequence of insulin varies across species and certain segments of the molecule are highly conserved. In most species, the A chain consists of 21 amino acids and the B chain consists of 30 amino acids. In mammals, insulin is synthesised in the pancreas within the beta cells whereas in certain species of fish, the insulin-producing tissue is uniquely located in separate structures called Brockmann bodies.",D,1_1,insulin,http://purl.obolibrary.org/obo/CHEBI_145810,16,"Health & Medicine, Alzheimer Disease Ontology"
"In the ontology of Alzheimer's Disease, which of the following definitions best describes 'organophosphorus compound'?","A. A phospholipid that is a component of the plasma membrane with signal transduction inducing activity. Phosphatidylinositol 4,5-bisphosphate (PIP2) is an intermediate that can be converted into either the second messenger signaling molecules, inositol 1,4,5-trisphosphate (IP3) and diacylglycerol (DAG), or phosphatidylinositol (3,4,5)-trisphosphate (PtdIns(3,4,5)P3; PIP3). Both PIP2 and PIP3 can act as docking phospholipids, which recruit signaling proteins to the plasma membrane and promotes the activation of several signaling cascades.

B. An organophosphorus compound is formally a compound containing at least one carbon-phosphorus bond, but the term is often extended to include esters and thioesters.

C. A 2-oxo monocarboxylic acid anion that is the conjugate base of pyruvic acid, arising from deprotonation of the carboxy group.

D. Any molecular entity that contains carbon.",B,1_1,organophosphorus compound,http://purl.obolibrary.org/obo/CHEBI_25710,13,"Health & Medicine, Alzheimer Disease Ontology"
"In the ontology of Alzheimer's Disease, which of the following definitions best describes 'acetyl-CoA'?","A. An acyl-CoA having acetyl as its S-acetyl component.

B. A member of the class of phenothiazines that is 10H-phenothiazine substituted by a (2R)-3-(dimethylamino)-2-methylpropyl group and a methoxy group at positions 10 and 2 respectively.

C. A peptide of 36-43 amino acids that is processed from the amyloid precursor protein. Appears to be the main constituent of amyloid plaques (deposits found in the brains of Alzheimer's disease patients).

D. Any p-block molecular entity containing a chalcogen.",A,1_1,acetyl-CoA,http://purl.obolibrary.org/obo/CHEBI_15351,14,"Health & Medicine, Alzheimer Disease Ontology"
"In the ontology of Alzheimer's Disease, which of the following definitions best describes 'acetylcholine'?","A. An indane that consists of 1-aminoindane bearing an N-propargyl substituent. A selective, irreversible monoamine oxidase-B inhibitor.

B. A nitrotyrosine comprising tyrosine having a nitro group at the 3-position on the phenyl ring.

C. Actylcholine is an ester of acetic acid and choline, which acts as a neurotransmitter.

D. A dialdehyde that is propane substituted by two oxo groups at the terminal carbon atoms respectively. A biomarker of oxidative damage to lipids caused by smoking, it exists in vivo mainly in the enol form.",C,1_1,acetylcholine,http://purl.obolibrary.org/obo/CHEBI_15355,13,"Health & Medicine, Alzheimer Disease Ontology"
"In the ontology of Alzheimer's Disease, which of the following definitions best describes 'pyruvate'?","A. A 2-oxo monocarboxylic acid anion that is the conjugate base of pyruvic acid, arising from deprotonation of the carboxy group.

B. 'Lipids' is a loosely defined term for substances of biological origin that are soluble in nonpolar solvents. They consist of saponifiable lipids, such as glycerides (fats and oils) and phospholipids, as well as nonsaponifiable lipids, principally steroids.

C. An S-substituted L-cysteine where the S-substituent is specified as sulfanyl.

D. A member of the class of pyrazolidines that is 1,2-diphenylpyrazolidine-3,5-dione carrying a butyl group at the 4-position.",A,1_1,pyruvate,http://purl.obolibrary.org/obo/CHEBI_15361,11,"Health & Medicine, Alzheimer Disease Ontology"
"In the ontology of Alzheimer's Disease, which of the following definitions best describes 'vitamin B9'?","A. A benzothiazine that is piroxicam in which the pyridin-2-yl group is replaced by a 5-methyl-1,3-thiazol-2-yl group. A non-steroidal anti-inflammatory drug and selective inhibitor of COX-2, it is used particularly for the management of rheumatoid arthritis.

B. Any member of the group of pyridines that exhibit biological activity against vitamin B6 deficiency. Vitamin B6 deficiency is associated with microcytic anemia, electroencephalographic abnormalities, dermatitis with cheilosis (scaling on the lips and cracks at the corners of the mouth) and glossitis (swollen tongue), depression and confusion, and weakened immune function. Vitamin B6 consists of the vitamers pyridoxine, pyridoxal, and pyridoxamine and their respective 5'-phosphate esters (and includes their corresponding ionized and salt forms).

C. A member of the class of phenothiazines that is phenothiazine having a trifluoromethyl subsitituent at the 2-position and a 3-(4-methylpiperazin-1-yl)propyl group at the N-10 position.

D. Any B-vitamin that exhibits biological activity against vitamin B9 deficiency. Vitamin B9 refers to the many forms of folic acid and its derivatives, including tetrahydrofolic acid (the active form), methyltetrahydrofolate (the primary form found in blood), methenyltetrahydrofolate, folinic acid amongst others. They are present in abundance in green leafy vegetables, citrus fruits, and animal products. Lack of vitamin B9 leads to anemia, a condition in which the body cannot produce sufficient number of red blood cells. Symptoms of vitamin B9 deficiency include fatigue, muscle weakness, and pale skin.",D,1_1,vitamin B9,http://purl.obolibrary.org/obo/CHEBI_176842,14,"Health & Medicine, Alzheimer Disease Ontology"
"In the ontology of Alzheimer's Disease, which of the following definitions best describes 'N-acetyl-D-glucosamine 6-phosphate'?","A. An N-acyl-D-glucosamine 6-phosphate that is the N-acetyl derivative of D-glucosamine 6-phosphate. It is a component of the aminosugar metabolism.

B. A phospholipid that is a component of the plasma membrane with signal transduction inducing activity. Phosphatidylinositol 4,5-bisphosphate (PIP2) is an intermediate that can be converted into either the second messenger signaling molecules, inositol 1,4,5-trisphosphate (IP3) and diacylglycerol (DAG), or phosphatidylinositol (3,4,5)-trisphosphate (PtdIns(3,4,5)P3; PIP3). Both PIP2 and PIP3 can act as docking phospholipids, which recruit signaling proteins to the plasma membrane and promotes the activation of several signaling cascades.

C. A macromolecule is a molecule of high relative molecular mass, the structure of which essentially comprises the multiple repetition of units derived, actually or conceptually, from molecules of low relative molecular mass.

D. A sulfur oxoanion that is the conjugate base of hydrogen sulfite (H2SO3).",A,1_1,N-acetyl-D-glucosamine 6-phosphate,http://purl.obolibrary.org/obo/CHEBI_15784,16,"Health & Medicine, Alzheimer Disease Ontology"
"In the ontology of Alzheimer's Disease, which of the following definitions best describes 'peptide'?","A. A gamma-amino acid that is butanoic acid with the amino substituent located at C-4.

B. Amide derived from two or more amino carboxylic acid molecules (the same or different) by formation of a covalent bond from the carbonyl carbon of one to the nitrogen atom of another with formal loss of water. The term is usually applied to structures formed from alpha-amino acids, but it includes those derived from any amino carboxylic acid. X = OH, OR, NH2, NHR, etc.

C. An amino acid that is phenylacetic acid which is substituted at position 2 by the nitrogen of 2-chloro-6-fluoroaniline and at position 5 by a methyl group. A highly selective cyclooxygenase 2 inhibitor, it was briefly used for the treatment of osteoarthritis, but was withdrawn due to concersns of hepatotoxicity.

D. A tripeptide compound consisting of glutamic acid attached via its side chain to the N-terminus of cysteinylglycine.",B,1_1,peptide,http://purl.obolibrary.org/obo/CHEBI_16670,14,"Health & Medicine, Alzheimer Disease Ontology"
"In the ontology of Alzheimer's Disease, which of the following definitions best describes 'NAD(+)'?","A. The reduced form of NADP+; used in anabolic reactions, such as lipid and nucleic acid synthesis, which require NADPH as a reducing agent.

B. A phosphinate ester-containing N-acyl derivative of (4S)-cyclohexyl-L-proline. It is used for the treatment of hypertension and heart failure. A pro-drug, it is hydrolysed in vivo to the corresponding phosphininc acid, fosinoprilat, which is the active metabolite.

C. A compound formally derived from an oxoacid RkE(=O)l(OH)m (l > 0) and an alcohol, phenol, heteroarenol, or enol by linking with formal loss of water from an acidic hydroxy group of the former and a hydroxy group of the latter.

D. The oxidised form of nicotinamide adenine dinucleotide found in all living cells. In metabolism, NAD(+) is involved in redox reactions, carrying electrons from one reaction to another.",D,1_1,NAD(+),http://purl.obolibrary.org/obo/CHEBI_15846,16,"Health & Medicine, Alzheimer Disease Ontology"
"In the ontology of Alzheimer's Disease, which of the following definitions best describes '(R)-5-diphosphomevalonic acid'?","A. An alpha-amino acid that is glycine in which the alpha-is substituted by a 3-guanidinopropyl group.

B. The 5-diphospho derivative of (R)-mevalonic acid.

C. A sulfur oxoanion that is the conjugate base of hydrogen sulfite (H2SO3).

D. A sulfur oxoanion obtained by deprotonation of both OH groups of sulfuric acid.",B,1_1,(R)-5-diphosphomevalonic acid,http://purl.obolibrary.org/obo/CHEBI_15899,16,"Health & Medicine, Alzheimer Disease Ontology"
"In the ontology of Alzheimer's Disease, which of the following definitions best describes 'dolichol'?","A. A tetracyclic triterpenoid that is lanosta-8,24-diene substituted by a beta-hydroxy group at the 3beta position. It is the compound from which all steroids are derived.

B. A squalene triterpenoid obtained by formal epoxidation across the 2,3 C=C bond of squalene.

C. A retinoid consisting of 3,7-dimethylnona-2,4,6,8-tetraenoic acid substituted at position 9 by a 2,6,6-trimethylcyclohex-1-en-1-yl group (geometry of the four exocyclic double bonds is not specified).

D. Any one of a group of prenol derivatives made up of varying numbers of cis-linked isoprene units, terminating in an alpha-saturated isoprenoid group containing an alcohol functional group, with the three isoprene units at the distal end trans-linked.",D,1_1,dolichol,http://purl.obolibrary.org/obo/CHEBI_16091,14,"Health & Medicine, Alzheimer Disease Ontology"
"In the ontology of Alzheimer's Disease, which of the following definitions best describes 'hydrogen peroxide'?","A. An amide of a sulfonic acid RS(=O)2NR'2.

B. An organic compound having at least one hydroxy group attached to a carbon atom.

C. An inorganic peroxide consisting of two hydroxy groups joined by a covalent oxygen-oxygen single bond.

D. A 2-oxo monocarboxylic acid anion that is the conjugate base of pyruvic acid, arising from deprotonation of the carboxy group.",C,1_1,hydrogen peroxide,http://purl.obolibrary.org/obo/CHEBI_16240,11,"Health & Medicine, Alzheimer Disease Ontology"
"In the ontology of Alzheimer's Disease, which of the following definitions best describes 'phospholipid'?","A. A lipid containing phosphoric acid as a mono- or di-ester. The term encompasses phosphatidic acids and phosphoglycerides.

B. Sphingolipids are a complex family of compounds that share a common structural feature, a sphingoid base backbone.

C. Any lipid formally derived from isoprene (2-methylbuta-1,3-diene), the skeleton of which can generally be discerned in repeated occurrence in the molecule. The skeleton of isoprenoids may differ from strict additivity of isoprene units by loss or shift of a fragment, commonly a methyl group. The class includes both hydrocarbons and oxygenated derivatives.

D. A nucleobase-containing molecular entity that is a nucleoside in which one or more of the sugar hydroxy groups has been converted into a mono- or poly-phosphate. The term includes both nucleotides and non-nucleotide nucleoside phosphates.",A,1_1,phospholipid,http://purl.obolibrary.org/obo/CHEBI_16247,17,"Health & Medicine, Alzheimer Disease Ontology"
"In the ontology of Alzheimer's Disease, which of the following definitions best describes 'NADPH'?","A. The reduced form of NADP+; used in anabolic reactions, such as lipid and nucleic acid synthesis, which require NADPH as a reducing agent.

B. Any of a class of phospholipids in which the amino group of a sphingoid base is in amide linkage with one of several fatty acids, while the terminal hydroxy group of the sphingoid base is esterified to phosphorylcholine.

C. A derivative of glycerol in which one hydroxy group, commonly but not necessarily primary, is esterified with phosphoric acid and the other two are esterified with fatty acids.

D. A class of glycerophospholipids in which a phosphatidyl group is esterified to the hydroxy group of ethanolamine.",A,1_1,NADPH,http://purl.obolibrary.org/obo/CHEBI_16474,16,"Health & Medicine, Alzheimer Disease Ontology"
"In the ontology of Alzheimer's Disease, which of the following definitions best describes 'lanosterol'?","A. Any lipid formally derived from isoprene (2-methylbuta-1,3-diene), the skeleton of which can generally be discerned in repeated occurrence in the molecule. The skeleton of isoprenoids may differ from strict additivity of isoprene units by loss or shift of a fragment, commonly a methyl group. The class includes both hydrocarbons and oxygenated derivatives.

B. Any one of a group of prenol derivatives made up of varying numbers of cis-linked isoprene units, terminating in an alpha-saturated isoprenoid group containing an alcohol functional group, with the three isoprene units at the distal end trans-linked.

C. A squalene triterpenoid obtained by formal epoxidation across the 2,3 C=C bond of squalene.

D. A tetracyclic triterpenoid that is lanosta-8,24-diene substituted by a beta-hydroxy group at the 3beta position. It is the compound from which all steroids are derived.",D,1_1,lanosterol,http://purl.obolibrary.org/obo/CHEBI_16521,14,"Health & Medicine, Alzheimer Disease Ontology"
"In the ontology of Alzheimer's Disease, which of the following definitions best describes 'protein polypeptide chain'?","A. A member of the class of tetralins that is tetralin which is substituted at positions 1 and 4 by a methylamino and a 3,4-dichlorophenyl group, respectively (the S,S diastereoisomer). A selective serotonin-reuptake inhibitor (SSRI), it is administered orally as the hydrochloride salt as an antidepressant for the treatment of depression, obsessive-compulsive disorder, panic disorder and post-traumatic stress disorder.

B. An indane that consists of 1-aminoindane bearing an N-propargyl substituent. A selective, irreversible monoamine oxidase-B inhibitor.

C. An organic compound having at least one hydroxy group attached to a carbon atom.

D. A naturally occurring polypeptide synthesized at the ribosome.",D,1_1,protein polypeptide chain,http://purl.obolibrary.org/obo/CHEBI_16541,16,"Health & Medicine, Alzheimer Disease Ontology"
"In the ontology of Alzheimer's Disease, which of the following definitions best describes 'isopentenyl diphosphate'?","A. The oxidised form of nicotinamide adenine dinucleotide found in all living cells. In metabolism, NAD(+) is involved in redox reactions, carrying electrons from one reaction to another.

B. A derivative of phosphatidylinositol in which the inositol ring is phosphorylated at three unspecified positions.

C. Any of a class of phospholipids in which the amino group of a sphingoid base is in amide linkage with one of several fatty acids, while the terminal hydroxy group of the sphingoid base is esterified to phosphorylcholine.

D. A prenol phosphate comprising 3-methylbut-3-en-1-ol having an O-diphosphate substituent.",D,1_1,isopentenyl diphosphate,http://purl.obolibrary.org/obo/CHEBI_16584,16,"Health & Medicine, Alzheimer Disease Ontology"
"In the ontology of Alzheimer's Disease, which of the following definitions best describes 'hypotaurine'?","A. An amino sulfonic acid that is the 2-amino derivative of ethanesulfonic acid. It is a naturally occurring amino acid derived from methionine and cysteine metabolism. An abundant component of fish- and meat-based foods, it has been used as an oral supplement in the treatment of disorders such as cystic fibrosis and hypertension.

B. An ester in which one or both oxygens of an ester group have been replaced by divalent sulfur.

C. An aminosulfinic acid comprising ethylamine having the sulfo group at the 2-position.

D. A L-proline derivative in which L-proline is substituted on nitrogen with a (2S)-2-methyl-3-sulfanylpropanoyl group. It is used as an anti-hypertensive ACE inhibitor drug.",C,1_1,hypotaurine,http://purl.obolibrary.org/obo/CHEBI_16668,15,"Health & Medicine, Alzheimer Disease Ontology"
"In the ontology of Alzheimer's Disease, which of the following definitions best describes 'L-tryptophan'?","A. The L-enantiomer of tryptophan.

B. A monounsaturated fatty aldehyde that is nonanal that has undergone dehydrogenation to introduce a double bond at any position in the aliphatic chain and in which a hydrogen at position 4 has been replaced by a hydroxy group.

C. A macromolecule formed by a living organism.

D. A 1-[3-(dimethylamino)propyl]-1-(4-fluorophenyl)-1,3-dihydro-2-benzofuran-5-carbonitrile that has S-configuration at the chiral centre. It is the active enantiomer of citalopram.",A,1_1,L-tryptophan,http://purl.obolibrary.org/obo/CHEBI_16828,11,"Health & Medicine, Alzheimer Disease Ontology"
"In the ontology of Alzheimer's Disease, which of the following definitions best describes 'glutathione'?","A. Amide derived from two or more amino carboxylic acid molecules (the same or different) by formation of a covalent bond from the carbonyl carbon of one to the nitrogen atom of another with formal loss of water. The term is usually applied to structures formed from alpha-amino acids, but it includes those derived from any amino carboxylic acid. X = OH, OR, NH2, NHR, etc.

B. A glycerophosphocholine that is glycero-3-phosphocholine bearing two acyl substituents at positions 1 and 2.

C. A dibenzoazepine consisting of 10,11-dihydro-5H-dibenzo[b,f]azepine substituted on nitrogen with a 3-(methylamino)propyl group.

D. A tripeptide compound consisting of glutamic acid attached via its side chain to the N-terminus of cysteinylglycine.",D,1_1,glutathione,http://purl.obolibrary.org/obo/CHEBI_16856,15,"Health & Medicine, Alzheimer Disease Ontology"
"In the ontology of Alzheimer's Disease, which of the following definitions best describes 'gamma-aminobutyric acid'?","A. An acyl-CoA having acetyl as its S-acetyl component.

B. A gamma-amino acid that is butanoic acid with the amino substituent located at C-4.

C. A bioactive polypeptide of 39 amino acid residues isolated from the saliva of the Gila monster (Heloderma suspectum). High-affinity glucagon-like peptide 1 (GLP-1) receptor agonist (Kd = 136 pM); potently induces cAMP formation without stimulating amylase release in pancreatic acini; potentiates glucose-induced insulin secretion in isolated rat islets; protects against glutamate-induced neurotoxicity. A synthetic version is called exenatide.

D. An omega-carboxyacyl-CoA having succinoyl as the S-acyl component.",B,1_1,gamma-aminobutyric acid,http://purl.obolibrary.org/obo/CHEBI_16865,14,"Health & Medicine, Alzheimer Disease Ontology"
"In the ontology of Alzheimer's Disease, which of the following definitions best describes 'ketone'?","A. A member of the class of 1,4-benzoquinones which is substituted by methoxy groups at positions 2 and 3, by a methyl group at positions 5, and by a 10-hydroxydecyl group at positions 6. Initially developed for the treatment of Alzheimer's disease, benefits were modest; it was subsequently found to be of benefit for the symptomatic treatment of Friedreich's ataxia.

B. A compound in which a carbonyl group is bonded to two carbon atoms: R2C=O (neither R may be H).

C. A heterobicylic compound that is (2S,3aR,7aS)-1-[(2S)-2-aminopropanoyl]octahydro-1H-indole-2-carboxylic acid in which the hydrogen of the amino group is substituted by a (2R)-1-ethoxy-1-oxo-4-phenylbutan-2-yl group. It is a angiotensin-converting enzyme inhibitor and a prodrug used for the treatment of hypertension.

D. A member of the class of tetralins that is tetralin which is substituted at positions 1 and 4 by a methylamino and a 3,4-dichlorophenyl group, respectively (the S,S diastereoisomer). A selective serotonin-reuptake inhibitor (SSRI), it is administered orally as the hydrochloride salt as an antidepressant for the treatment of depression, obsessive-compulsive disorder, panic disorder and post-traumatic stress disorder.",B,1_1,ketone,http://purl.obolibrary.org/obo/CHEBI_17087,13,"Health & Medicine, Alzheimer Disease Ontology"
"In the ontology of Alzheimer's Disease, which of the following definitions best describes 'geranyl diphosphate'?","A. The diphosphate of the polyprenol compound geraniol.

B. A class of glycerophospholipids in which a phosphatidyl group is esterified to the hydroxy group of ethanolamine.

C. A compound formally derived from an oxoacid RkE(=O)l(OH)m (l > 0) and an alcohol, phenol, heteroarenol, or enol by linking with formal loss of water from an acidic hydroxy group of the former and a hydroxy group of the latter.

D. The 5-diphospho derivative of (R)-mevalonic acid.",A,1_1,geranyl diphosphate,http://purl.obolibrary.org/obo/CHEBI_17211,16,"Health & Medicine, Alzheimer Disease Ontology"
"In the ontology of Alzheimer's Disease, which of the following definitions best describes 'testosterone'?","A. Any member of a group of hydroxy-5beta-cholanic acids occuring in bile, where they are present as the sodium salts of their amides with glycine or taurine. In mammals bile acids almost invariably have 5beta-configuration.

B. Any lipid formally derived from isoprene (2-methylbuta-1,3-diene), the skeleton of which can generally be discerned in repeated occurrence in the molecule. The skeleton of isoprenoids may differ from strict additivity of isoprene units by loss or shift of a fragment, commonly a methyl group. The class includes both hydrocarbons and oxygenated derivatives.

C. An androstanoid having 17beta-hydroxy and 3-oxo groups, together with unsaturation at C-4-C-5..

D. A sphing-4-enine in which the double bond is trans.",C,1_1,testosterone,http://purl.obolibrary.org/obo/CHEBI_17347,13,"Health & Medicine, Alzheimer Disease Ontology"
"In the ontology of Alzheimer's Disease, which of the following definitions best describes 'sulfite'?","A. A choline that is the parent compound of the cholines class, consisting of ethanolamine having three methyl substituents attached to the amino function.

B. A monounsaturated fatty aldehyde that is nonanal that has undergone dehydrogenation to introduce a double bond at any position in the aliphatic chain and in which a hydrogen at position 4 has been replaced by a hydroxy group.

C. A sulfur oxoanion that is the conjugate base of hydrogen sulfite (H2SO3).

D. An S-substituted L-cysteine where the S-substituent is specified as sulfanyl.",C,1_1,sulfite,http://purl.obolibrary.org/obo/CHEBI_17359,11,"Health & Medicine, Alzheimer Disease Ontology"
"In the ontology of Alzheimer's Disease, which of the following definitions best describes 'heteroorganic entity'?","A. Any molecule that consists of at least one carbon atom as part of the electrically neutral entity.

B. A cyclic compound having as ring members atoms of carbon and at least of one other element.

C. An organophosphorus compound is formally a compound containing at least one carbon-phosphorus bond, but the term is often extended to include esters and thioesters.

D. A heteroorganic entity is an organic molecular entity in which carbon atoms or organic groups are bonded directly to one or more heteroatoms.",D,1_1,heteroorganic entity,http://purl.obolibrary.org/obo/CHEBI_33285,12,"Health & Medicine, Alzheimer Disease Ontology"
"In the ontology of Alzheimer's Disease, which of the following definitions best describes 'halide'?","A. A compound containing at least one carbon-halogen bond (where X is a halogen atom).

B. Hydroxides are chemical compounds containing a hydroxy group or salts containing hydroxide (OH(-)).

C. Any heteroatomic molecular entity that is a chemical compound of halogen with other chemical elements.

D. A molecular entity consisting of two or more chemical elements.",C,1_1,halide,http://purl.obolibrary.org/obo/CHEBI_37578,11,"Health & Medicine, Alzheimer Disease Ontology"
"In the ontology of Alzheimer's Disease, which of the following definitions best describes 'chloride'?","A. Any of a class of phospholipids in which the amino group of a sphingoid base is in amide linkage with one of several fatty acids, while the terminal hydroxy group of the sphingoid base is esterified to phosphorylcholine.

B. Any flavonoid that is a glycoside derivative of anthocyanidin. Anthocyanins are water-souluble plant pigments that generally occur as acidic salts exhibiting bright colours.

C. A halide anion formed when chlorine picks up an electron to form an an anion.

D. A monocarboxylic acid anion resulting from the removal of a proton from the carboxy group of acetic acid.",C,1_1,chloride,http://purl.obolibrary.org/obo/CHEBI_17996,8,"Health & Medicine, Alzheimer Disease Ontology"
"In the ontology of Alzheimer's Disease, which of the following definitions best describes 'dopamine'?","A. An amino sulfonic acid that is the 2-amino derivative of ethanesulfonic acid. It is a naturally occurring amino acid derived from methionine and cysteine metabolism. An abundant component of fish- and meat-based foods, it has been used as an oral supplement in the treatment of disorders such as cystic fibrosis and hypertension.

B. A sesquiterpene alkaloid isolated from a club moss Huperzia serrata that has been shown to exhibit neuroprotective activity.

C. A nitrotyrosine comprising tyrosine having a nitro group at the 3-position on the phenyl ring.

D. Catechol in which the hydrogen at position 4 is substituted by a 2-aminoethyl group.",D,1_1,dopamine,http://purl.obolibrary.org/obo/CHEBI_18243,14,"Health & Medicine, Alzheimer Disease Ontology"
"In the ontology of Alzheimer's Disease, which of the following definitions best describes 'nitrile'?","A. A benzothiazine that is piroxicam in which the pyridin-2-yl group is replaced by a 5-methyl-1,3-thiazol-2-yl group. A non-steroidal anti-inflammatory drug and selective inhibitor of COX-2, it is used particularly for the management of rheumatoid arthritis.

B. A compound having the structure RC#N; thus a C-substituted derivative of hydrocyanic acid, HC#N. In systematic nomenclature, the suffix nitrile denotes the triply bound #N atom, not the carbon atom attached to it.

C. A member of the class of isoquinolines that is (3S)-2-L-alanyl-1,2,3,4-tetrahydroisoquinoline-3-carboxylic acid in which the alpha-amino group of the alanyl residue has been substituted by a 1-ethoxycarbonyl-4-phenylbutan-2-yl group (the all-S isomer). A prodrug for quinaprilat (by hydrolysis of the ethyl ester to the corresponding carboxylic acid), it is used as an angiotensin-converting enzyme inhibitor (ACE inhibitor) used (generally as the hydrochloride salt) for the treatment of hypertension and congestive heart failure.

D. A biphenyl compound comprising two tyrosine residues linked at carbon-3 of their benzene rings.",B,1_1,nitrile,http://purl.obolibrary.org/obo/CHEBI_18379,14,"Health & Medicine, Alzheimer Disease Ontology"
"In the ontology of Alzheimer's Disease, which of the following definitions best describes '3-hydroxy fatty acyl-CoA'?","A. A hydroxy fatty acyl-CoA that results from the formal condensation of the thiol group of coenzyme A with the carboxy group of any 3-hydroxy fatty acid.

B. A treatment whose completion is hypothesized by a health care provider to eliminate a disorder or to alleviate the signs and symptoms of a disorder or pathological process.

C. The release pathway of neurotransmitter filled synaptic vesicles.

D. A fatty-acyl-CoA that results from the formal condensation of the thiol group of coenzyme A with the carboxy group of any hydroxy fatty acid.",A,1_1,3-hydroxy fatty acyl-CoA,http://purl.obolibrary.org/obo/CHEBI_20060,31,"Health & Medicine, Alzheimer Disease Ontology"
"In the ontology of Alzheimer's Disease, which of the following definitions best describes 'hydroxy fatty acyl-CoA'?","A. An acyl-CoA that results from the formal condensation of the thiol group of coenzyme A with the carboxy group of any hydroxycarboxylic acid.

B. An acyl-CoA that results from the formal condensation of the thiol group of coenzyme A with the carboxy group of any fatty acid.

C. A hydroxy fatty acyl-CoA that results from the formal condensation of the thiol group of coenzyme A with the carboxy group of any 3-hydroxy fatty acid.

D. A fatty-acyl-CoA that results from the formal condensation of the thiol group of coenzyme A with the carboxy group of any hydroxy fatty acid.",D,1_1,hydroxy fatty acyl-CoA,http://purl.obolibrary.org/obo/CHEBI_61902,30,"Health & Medicine, Alzheimer Disease Ontology"
"In the ontology of Alzheimer's Disease, which of the following definitions best describes 'N-acetyl-D-glucosamine 1-phosphate'?","A. A N-acyl-D-glucosamine 1-phosphate in which the acyl group specified is acetyl.

B. A pseudohalide anion obtained by deprotonation of the thiol group of thiocyanic acid.

C. A prenol phosphate comprising 3-methylbut-3-en-1-ol having an O-diphosphate substituent.

D. Carbohydrate derivatives resulting from the non-enzymatic glycosylation of proteins. They result in cells becoming stiffer and more prone to damage and premature aging.",A,1_1,N-acetyl-D-glucosamine 1-phosphate,http://purl.obolibrary.org/obo/CHEBI_21519,16,"Health & Medicine, Alzheimer Disease Ontology"
"In the ontology of Alzheimer's Disease, which of the following definitions best describes 'nucleoside phosphate'?","A. A nucleobase-containing molecular entity that is a nucleoside in which one or more of the sugar hydroxy groups has been converted into a mono- or poly-phosphate. The term includes both nucleotides and non-nucleotide nucleoside phosphates.

B. A nucleotide is a nucleoside phosphate resulting from the condensation of the 3 or 5 hydroxy group of a nucleoside with phosphoric acid.

C. A lipid containing phosphoric acid as a mono- or di-ester. The term encompasses phosphatidic acids and phosphoglycerides.

D. Any compound that has a nucleobase as a part.",A,1_1,nucleoside phosphate,http://purl.obolibrary.org/obo/CHEBI_25608,17,"Health & Medicine, Alzheimer Disease Ontology"
"In the ontology of Alzheimer's Disease, which of the following definitions best describes 'biphenyls'?","A. Benzenoid aromatic compounds containing two phenyl or substituted-phenyl groups which are joined together by a single bond.

B. Any member of the class of biphenyls that is a mono or poly-substituted biphenyl having fluro group as one of the substituents.

C. Two or more cyclic systems (single rings or fused systems) which are directly joined to each other by double or single bonds are named ring assemblies when the number of such direct ring junctions is one less than the number of cyclic systems involved.

D. An organic aromatic compound whose structure contains two aromatic rings or ring systems, joined to each other by a single bond.",A,1_1,biphenyls,http://purl.obolibrary.org/obo/CHEBI_22888,16,"Health & Medicine, Alzheimer Disease Ontology"
"In the ontology of Alzheimer's Disease, which of the following definitions best describes 'biaryl'?","A. Benzenoid aromatic compounds containing two phenyl or substituted-phenyl groups which are joined together by a single bond.

B. Organic aromatic compounds having one or more hydroxy groups attached to a benzene or other arene ring.

C. An organic aromatic compound whose structure contains two aromatic rings or ring systems, joined to each other by a single bond.

D. A heterocyclic compound formally derived from an arene by replacement of one or more methine (-C=) and/or vinylene (-CH=CH-) groups by trivalent or divalent heteroatoms, respectively, in such a way as to maintain the continuous pi-electron system characteristic of aromatic systems and a number of out-of-plane pi-electrons corresponding to the Hueckel rule (4n+2).",C,1_1,biaryl,http://purl.obolibrary.org/obo/CHEBI_64459,15,"Health & Medicine, Alzheimer Disease Ontology"
"In the ontology of Alzheimer's Disease, which of the following definitions best describes 'group'?","A. Any molecular entity consisting of more than one atom.

B. A chemical entity is a physical entity of interest in chemistry including molecular entities, parts thereof, and chemical substances.

C. Any p-block molecular entity containing a chalcogen.

D. A defined linked collection of atoms or a single atom within a molecular entity.",D,1_1,group,http://purl.obolibrary.org/obo/CHEBI_24433,7,"Health & Medicine, Alzheimer Disease Ontology"
"In the ontology of Alzheimer's Disease, which of the following definitions best describes 'catechin'?","A. A monounsaturated fatty aldehyde that is nonanal that has undergone dehydrogenation to introduce a double bond at any position in the aliphatic chain and in which a hydrogen at position 4 has been replaced by a hydroxy group.

B. Members of the class of hydroxyflavan that have a flavan-3-ol skeleton and its substituted derivatives.

C. A dicarboxylic acid anion obtained by deprotonation of at least one of the carboxy groups of succinic acid.

D. A monocarboxylic acid that is propionic acid in which one of the hydrogens at position 2 is substituted by a 4-(2-methylpropyl)phenyl group.",B,1_1,catechin,http://purl.obolibrary.org/obo/CHEBI_23053,11,"Health & Medicine, Alzheimer Disease Ontology"
"In the ontology of Alzheimer's Disease, which of the following definitions best describes 'drug'?","A. Any substance introduced into a living organism with therapeutic or diagnostic purpose.

B. Any substance which when absorbed into a living organism may modify one or more of its functions. The term is generally accepted for a substance taken for a therapeutic purpose, but is also commonly used for abused substances.

C. A class of drugs producing both physiological and psychological effects through a variety of mechanisms involving the central nervous system.

D. A substance that reduces or suppresses inflammation.",B,1_1,drug,http://purl.obolibrary.org/obo/CHEBI_23888,8,"Health & Medicine, Alzheimer Disease Ontology"
"In the ontology of Alzheimer's Disease, which of the following definitions best describes 'pharmaceutical'?","A. Intended use of the molecular entity or part thereof by humans.

B. Any compound that has anti-inflammatory effects.

C. Any substance which when absorbed into a living organism may modify one or more of its functions. The term is generally accepted for a substance taken for a therapeutic purpose, but is also commonly used for abused substances.

D. Any substance introduced into a living organism with therapeutic or diagnostic purpose.",D,1_1,pharmaceutical,http://purl.obolibrary.org/obo/CHEBI_52217,7,"Health & Medicine, Alzheimer Disease Ontology"
"In the ontology of Alzheimer's Disease, which of the following definitions best describes 'acetophenazine'?","A. A member of the class of phenothiazines that is phenothiazine having a trifluoromethyl subsitituent at the 2-position and a 3-(4-methylpiperazin-1-yl)propyl group at the N-10 position.

B. A phenothiazine derivative in which the phenothiazine tricycle carries a chloro substituent at the 2-position and a 3-[4-(2-hydroxyethyl)piperazin-1-yl]propyl group at N-10.

C. A member of the class of phenothiazines that is 10H-phenothiazine substituted by a 3-[4-(2-hydroxyethyl)piperazin-1-yl]propyl group at the nitogen atom and an acetyl group at position 2.

D. A member of the class of phenothiazines that is 10H-phenothiazine having a trifluoromethyl subsitituent at the 2-position and a 3-(dimethylamino)propyl group at the N-10 position.",C,1_1,acetophenazine,http://purl.obolibrary.org/obo/CHEBI_2401,12,"Health & Medicine, Alzheimer Disease Ontology"
"In the ontology of Alzheimer's Disease, which of the following definitions best describes 'furans'?","A. Compounds containing at least one furan ring.

B. Any cyclic carboxylic ester containing a 1-oxacycloalkan-2-one structure, or an analogue having unsaturation or heteroatoms replacing one or more carbon atoms of the ring.

C. A gamma-lactone that consists of a 2-furanone skeleton and its substituted derivatives.

D. Any organic heterocyclic compound containing at least one ring oxygen atom.",A,1_1,furans,http://purl.obolibrary.org/obo/CHEBI_24129,16,"Health & Medicine, Alzheimer Disease Ontology"
"In the ontology of Alzheimer's Disease, which of the following definitions best describes 'oxacycle'?","A. Any organic heterocyclic compound containing at least one ring oxygen atom.

B. Any cyclic carboxylic ester containing a 1-oxacycloalkan-2-one structure, or an analogue having unsaturation or heteroatoms replacing one or more carbon atoms of the ring.

C. Any compound containing the carbonyl group, C=O. The term is commonly used in the restricted sense of aldehydes and ketones, although it actually includes carboxylic acids and derivatives.

D. A cyclic compound having as ring members atoms of carbon and at least of one other element.",A,1_1,oxacycle,http://purl.obolibrary.org/obo/CHEBI_38104,15,"Health & Medicine, Alzheimer Disease Ontology"
"In the ontology of Alzheimer's Disease, which of the following definitions best describes 'glucocorticoid'?","A. Any lipid formally derived from isoprene (2-methylbuta-1,3-diene), the skeleton of which can generally be discerned in repeated occurrence in the molecule. The skeleton of isoprenoids may differ from strict additivity of isoprene units by loss or shift of a fragment, commonly a methyl group. The class includes both hydrocarbons and oxygenated derivatives.

B. Glucocorticoids are a class of steroid hormones that regulate a variety of physiological processes, in particular control of the concentration of glucose in blood.

C. Sphingolipids are a complex family of compounds that share a common structural feature, a sphingoid base backbone.

D. Any member of a group of fat-soluble retinoids produced via metabolism of provitamin A carotenoids that exhibit biological activity against vitamin A deficiency. Vitamin A is involved in immune function, vision, reproduction, and cellular communication.",B,1_1,glucocorticoid,http://purl.obolibrary.org/obo/CHEBI_24261,13,"Health & Medicine, Alzheimer Disease Ontology"
"In the ontology of Alzheimer's Disease, which of the following definitions best describes 'organic heterocyclic compound'?","A. A compound containing at least one carbon-halogen bond (where X is a halogen atom).

B. Any organic molecule that consists of atoms connected in the form of a ring.

C. A cyclic compound having as ring members atoms of carbon and at least of one other element.

D. Any organic heterocyclic compound containing at least one ring oxygen atom.",C,1_1,organic heterocyclic compound,http://purl.obolibrary.org/obo/CHEBI_24532,14,"Health & Medicine, Alzheimer Disease Ontology"
"In the ontology of Alzheimer's Disease, which of the following definitions best describes 'hormone'?","A. A hormone that stimulates or controls the development and maintenance of female sex characteristics in mammals by binding to oestrogen receptors. The oestrogens are named for their importance in the oestrous cycle. The oestrogens that occur naturally in the body, notably estrone, estradiol, estriol, and estetrol are steroids. Other compounds with oestrogenic activity are produced by plants (phytoestrogens) and fungi (mycoestrogens); synthetic compounds with oestrogenic activity are known as xenoestrogens.

B. Substance which binds to cell receptors normally responding to naturally occurring substances and which produces a response of its own.

C. Originally referring to an endogenous compound that is formed in specialized organ or group of cells and carried to another organ or group of cells, in the same organism, upon which it has a specific regulatory function, the term is now commonly used to include non-endogenous, semi-synthetic and fully synthetic analogues of such compounds.

D. One of the three layers of the dentate gyrus of the hippocampal formation.",C,1_1,hormone,http://purl.obolibrary.org/obo/CHEBI_24621,9,"Health & Medicine, Alzheimer Disease Ontology"
"In the ontology of Alzheimer's Disease, which of the following definitions best describes 'hydroxy carboxylic acid'?","A. A 2-oxo monocarboxylic acid anion that is the conjugate base of pyruvic acid, arising from deprotonation of the carboxy group.

B. Any heteroorganic entity containing at least one carbon-nitrogen bond.

C. Any carboxylic acid with at least one hydroxy group.

D. An organooxygen compound with formula ROR, where R is not hydrogen.",C,1_1,hydroxy carboxylic acid,http://purl.obolibrary.org/obo/CHEBI_24669,14,"Health & Medicine, Alzheimer Disease Ontology"
"In the ontology of Alzheimer's Disease, which of the following definitions best describes 'leukotriene'?","A. A class of fatty acids derived from the oxidation of one of three 20-carbon fatty acids: eicosapentaenoic acid (EPA), arachidonic acid (AA), or dihomo-gamma-linolenic acid (DGLA). Eicosanoids act locally as autocrine or paracrine hormones to modulate a wide variety of biological processes.

B. Sphingolipids are a complex family of compounds that share a common structural feature, a sphingoid base backbone.

C. Any member of a group of hydroxy-5beta-cholanic acids occuring in bile, where they are present as the sodium salts of their amides with glycine or taurine. In mammals bile acids almost invariably have 5beta-configuration.

D. Any icosanoid from that family of C20 polyunsaturated fatty acids and their derivatives generated by leukocytes from arachidonic acid, each member having four double bonds of which three are conjugated.",D,1_1,leukotriene,http://purl.obolibrary.org/obo/CHEBI_25029,13,"Health & Medicine, Alzheimer Disease Ontology"
"In the ontology of Alzheimer's Disease, which of the following definitions best describes 'nucleobase-containing molecular entity'?","A. A nucleobase-containing molecular entity that is a nucleoside in which one or more of the sugar hydroxy groups has been converted into a mono- or poly-phosphate. The term includes both nucleotides and non-nucleotide nucleoside phosphates.

B. Any compound that has a nucleobase as a part.

C. An amide is a derivative of an oxoacid RkE(=O)l(OH)m (l =/= 0) in which an acidic hydroxy group has been replaced by an amino or substituted amino group.

D. Any heteroorganic entity containing at least one carbon-nitrogen bond.",B,1_1,nucleobase-containing molecular entity,http://purl.obolibrary.org/obo/CHEBI_61120,16,"Health & Medicine, Alzheimer Disease Ontology"
"In the ontology of Alzheimer's Disease, which of the following definitions best describes 'omega-3 fatty acid'?","A. A family of polyunsaturated fatty acids that have in common a final carbon-carbon double bond in the n-6 position, i.e., the sixth bond from the methyl end of the fatty acid.

B. Any oxygenated derivative of C22 polyunsaturated fatty acids, such as docosapentaenoic acid (DPA) and docosahexaenoic acid (DHA).

C. A C20 hydroxy fatty acid having (5S)-, (6R)- and (15S)-hydroxy groups as well as (7E)- (9E)-, (11Z)- and (13E)-double bonds.

D. A family of polyunsaturated fatty acids that have in common a final carbon-carbon double bond in the omega-3 position, i.e., the third bond from the methyl end of the fatty acid.",D,1_1,omega-3 fatty acid,http://purl.obolibrary.org/obo/CHEBI_25681,14,"Health & Medicine, Alzheimer Disease Ontology"
"In the ontology of Alzheimer's Disease, which of the following definitions best describes 'pentose phosphate'?","A. Any phospho sugar that is the phosphate derivative of pentose.

B. Any monosaccharide containing an alcoholic hydroxy group esterified with phosphoric acid.

C. A monosaccharide derivative that is formally obtained from a pentose.

D. A clinical trial phase that is designed for a randomized, controlled trial to evaluate the long-term safety and efficacy of a drug for a given indication. Often they are designed to study side effects that may have become apparent after the phase III study was completed. [def-source: NCI]",A,1_1,pentose phosphate,http://purl.obolibrary.org/obo/CHEBI_84055,19,"Health & Medicine, Alzheimer Disease Ontology"
"In the ontology of Alzheimer's Disease, which of the following definitions best describes 'peroxynitrite'?","A. A dicarboxylic acid anion obtained by deprotonation of at least one of the carboxy groups of succinic acid.

B. A peptide of 36-43 amino acids that is processed from the amyloid precursor protein. Appears to be the main constituent of amyloid plaques (deposits found in the brains of Alzheimer's disease patients).

C. A ketohexose monophosphate consisting of fructose having a phosphate group located at the 6-position.

D. The nitrogen oxoanion formed by loss of a proton from peroxynitrous acid.",D,1_1,peroxynitrite,http://purl.obolibrary.org/obo/CHEBI_25941,11,"Health & Medicine, Alzheimer Disease Ontology"
"In the ontology of Alzheimer's Disease, which of the following definitions best describes 'polar amino acid'?","A. A member of the class of benzamides that is benzamide substituted by a chloro group at position 4 and a 2-(morpholin-4-yl)ethyl group at the nitrogen atom. It acts as a reversible monoamine oxidase inhibitor and is used in the treatment of depression.

B. An alpha-amino acid that consists of butyric acid bearing an amino substituent at position 2 and a carbamoyl substituent at position 4.

C. Any amino acid whose side chain is capable of forming one or more hydrogen bonds.

D. A dicarboxylic acid monoester that is ethyl 4-phenylbutanoate in which a hydrogen alpha to the carboxy group is substituted by the amino group of L-alanyl-L-proline (S-configuration).",C,1_1,polar amino acid,http://purl.obolibrary.org/obo/CHEBI_26167,14,"Health & Medicine, Alzheimer Disease Ontology"
"In the ontology of Alzheimer's Disease, which of the following definitions best describes 'ambenonium'?","A. A pseudohalide anion obtained by deprotonation of the thiol group of thiocyanic acid.

B. An N-acyl-L-alpha-amino acid anion obtained by deprotonation of any folic acid.

C. A symmetrical oxalamide-based bis-quaternary ammonium ion having ethyl and 2-chlorobenzyl groups attached to the nitrogens.

D. Any flavonoid that is a glycoside derivative of anthocyanidin. Anthocyanins are water-souluble plant pigments that generally occur as acidic salts exhibiting bright colours.",C,1_1,ambenonium,http://purl.obolibrary.org/obo/CHEBI_2627,8,"Health & Medicine, Alzheimer Disease Ontology"
"In the ontology of Alzheimer's Disease, which of the following definitions best describes 'organonitrogen heterocyclic compound'?","A. A member of the class of benzamides obtained from formal condensation between the carboxy group of 2-methoxy-5-sulfamoylbenzoic acid and the primary amino group of (1-ethylpyrrolidin-2-yl)methylamine.

B. A compound having the structure RC#N; thus a C-substituted derivative of hydrocyanic acid, HC#N. In systematic nomenclature, the suffix nitrile denotes the triply bound #N atom, not the carbon atom attached to it.

C. An acyl-CoA having acetyl as its S-acetyl component.

D. Any organonitrogen compound containing a cyclic component with nitrogen and at least one other element as ring member atoms.",D,1_1,organonitrogen heterocyclic compound,http://purl.obolibrary.org/obo/CHEBI_38101,15,"Health & Medicine, Alzheimer Disease Ontology"
"In the ontology of Alzheimer's Disease, which of the following definitions best describes 'purines'?","A. A dihydroxydocosahexaenoic acid that is (4Z,7Z,11E,13E,15Z,19Z)-docosahexaenoic acid in which the two hydroxy substituents are located at positions 10 and 17 (the 10R,17S-stereoisomer). Protectin D1 is one of the specialised proresolving mediators. When produced in neural tissues, it is called neuroprotectin D1

B. Any nucleotide that has a purine nucleobase.

C. A class of imidazopyrimidines that consists of purine and its substituted derivatives.

D. A nucleoside bisphosphate that has a purine nucleobase.",C,1_1,purines,http://purl.obolibrary.org/obo/CHEBI_26401,18,"Health & Medicine, Alzheimer Disease Ontology"
"In the ontology of Alzheimer's Disease, which of the following definitions best describes 'sesquiterpenoid'?","A. 'Lipids' is a loosely defined term for substances of biological origin that are soluble in nonpolar solvents. They consist of saponifiable lipids, such as glycerides (fats and oils) and phospholipids, as well as nonsaponifiable lipids, principally steroids.

B. A 3-oxoacyl-CoA that results from the formal condensation of the thiol group of coenzyme A with the carboxy group of acetoacetic acid.

C. Any lipid formally derived from isoprene (2-methylbuta-1,3-diene), the skeleton of which can generally be discerned in repeated occurrence in the molecule. The skeleton of isoprenoids may differ from strict additivity of isoprene units by loss or shift of a fragment, commonly a methyl group. The class includes both hydrocarbons and oxygenated derivatives.

D. Any terpenoid derived from a sesquiterpene. The term includes compounds in which the C15 skeleton of the parent sesquiterpene has been rearranged or modified by the removal of one or more skeletal atoms (generally methyl groups).",D,1_1,sesquiterpenoid,http://purl.obolibrary.org/obo/CHEBI_26658,13,"Health & Medicine, Alzheimer Disease Ontology"
"In the ontology of Alzheimer's Disease, which of the following definitions best describes 'amitriptyline'?","A. Any organic molecule that consists of atoms connected in the form of a ring.

B. A compound in which a carbonyl group is bonded to two carbon atoms: R2C=O (neither R may be H).

C. A primary amino compound that is the 5-hydroxy derivative of tryptamine.

D. An organic tricyclic compound that is 10,11-dihydro-5H-dibenzo[a,d][7]annulene substituted by a 3-(dimethylamino)propylidene group at position 5.",D,1_1,amitriptyline,http://purl.obolibrary.org/obo/CHEBI_2666,14,"Health & Medicine, Alzheimer Disease Ontology"
"In the ontology of Alzheimer's Disease, which of the following definitions best describes 'sphingolipid'?","A. A substituted phenothiazine in which the ring nitrogen at position 10 is attached to C-3 of an N,N-dimethylpropanamine moiety.

B. A member of the class of tetralins that is tetralin which is substituted at positions 1 and 4 by a methylamino and a 3,4-dichlorophenyl group, respectively (the S,S diastereoisomer). A selective serotonin-reuptake inhibitor (SSRI), it is administered orally as the hydrochloride salt as an antidepressant for the treatment of depression, obsessive-compulsive disorder, panic disorder and post-traumatic stress disorder.

C. Sphingolipids are a complex family of compounds that share a common structural feature, a sphingoid base backbone.

D. A dipeptide that is the prodrug for ramiprilat, the active metabolite obtained by hydrolysis of the ethyl ester group. An angiotensin-converting enzyme (ACE) inhibitor, used to treat high blood pressure and congestive heart failure.",C,1_1,sphingolipid,http://purl.obolibrary.org/obo/CHEBI_26739,14,"Health & Medicine, Alzheimer Disease Ontology"
"In the ontology of Alzheimer's Disease, which of the following definitions best describes 'amoxapine'?","A. A dihydroxydocosahexaenoic acid that is (4Z,7Z,11E,13E,15Z,19Z)-docosahexaenoic acid in which the two hydroxy substituents are located at positions 10 and 17 (the 10R,17S-stereoisomer). Protectin D1 is one of the specialised proresolving mediators. When produced in neural tissues, it is called neuroprotectin D1

B. Any benzoquinone derived from 2,3-dimethoxy-5-methylbenzoquinone; one of a group of naturally occurring homologues. The redox-active quinoid moiety usually carries a polyprenoid side chain at position 6, the number of isoprenoid units in which is species-specific. Ubiquinones are involved in the control of mitochondrial electron transport, and are also potent anti-oxidants.

C. A dibenzooxazepine compound having a chloro substituent at the 2-position and a piperazin-1-yl group at the 11-position.

D. A 1-[3-(dimethylamino)propyl]-1-(4-fluorophenyl)-1,3-dihydro-2-benzofuran-5-carbonitrile that has S-configuration at the chiral centre. It is the active enantiomer of citalopram.",C,1_1,amoxapine,http://purl.obolibrary.org/obo/CHEBI_2675,11,"Health & Medicine, Alzheimer Disease Ontology"
"In the ontology of Alzheimer's Disease, which of the following definitions best describes 'vitamin B6'?","A. Any member of the group of pyridines that exhibit biological activity against vitamin B6 deficiency. Vitamin B6 deficiency is associated with microcytic anemia, electroencephalographic abnormalities, dermatitis with cheilosis (scaling on the lips and cracks at the corners of the mouth) and glossitis (swollen tongue), depression and confusion, and weakened immune function. Vitamin B6 consists of the vitamers pyridoxine, pyridoxal, and pyridoxamine and their respective 5'-phosphate esters (and includes their corresponding ionized and salt forms).

B. A thienothiazine-derived monocarboxylic acid amide obtained by formal condensation of the carboxy group of 4-hydroxy-2-methylthieno[2,3-e][1,2]thiazine-3-carboxylic acid 1,1-dioxide with the amino group of 2-aminopyridine. Used for the treatment of pain and inflammation in osteoarthritis and rheumatoid arthritis. It is also indicated for short term treatment of acute musculoskeletal disorders including strains, sprains and other soft-tissue injuries.

C. Any organonitrogen compound containing a cyclic component with nitrogen and at least one other element as ring member atoms.

D. A dibenzoazepine that is 10,11-dihydro-5H-dibenzo[b,f]azepine substituted by a 3-(dimethylamino)-2-methylpropyl group at the nitrogen atom. It is used as an antidepressant.",A,1_1,vitamin B6,http://purl.obolibrary.org/obo/CHEBI_27306,14,"Health & Medicine, Alzheimer Disease Ontology"
"In the ontology of Alzheimer's Disease, which of the following definitions best describes 'folic acid'?","A. A choline that is the parent compound of the cholines class, consisting of ethanolamine having three methyl substituents attached to the amino function.

B. A dibenzooxazepine compound having a chloro substituent at the 2-position and a piperazin-1-yl group at the 11-position.

C. An N-acyl-amino acid that is a form of the water-soluble vitamin B9. Its biologically active forms (tetrahydrofolate and others) are essential for nucleotide biosynthesis and homocysteine remethylation.

D. Any heteroorganic entity containing at least one carbon-nitrogen bond.",C,1_1,folic acid,http://purl.obolibrary.org/obo/CHEBI_27470,11,"Health & Medicine, Alzheimer Disease Ontology"
"In the ontology of Alzheimer's Disease, which of the following definitions best describes 'glutamine'?","A. An amino sulfonic acid that is the 2-amino derivative of ethanesulfonic acid. It is a naturally occurring amino acid derived from methionine and cysteine metabolism. An abundant component of fish- and meat-based foods, it has been used as an oral supplement in the treatment of disorders such as cystic fibrosis and hypertension.

B. An alpha-amino acid that consists of butyric acid bearing an amino substituent at position 2 and a carbamoyl substituent at position 4.

C. A member of the class of tetralins that is tetralin which is substituted at positions 1 and 4 by a methylamino and a 3,4-dichlorophenyl group, respectively (the S,S diastereoisomer). A selective serotonin-reuptake inhibitor (SSRI), it is administered orally as the hydrochloride salt as an antidepressant for the treatment of depression, obsessive-compulsive disorder, panic disorder and post-traumatic stress disorder.

D. Sphingolipids are a complex family of compounds that share a common structural feature, a sphingoid base backbone.",B,1_1,glutamine,http://purl.obolibrary.org/obo/CHEBI_28300,14,"Health & Medicine, Alzheimer Disease Ontology"
"In the ontology of Alzheimer's Disease, which of the following definitions best describes 'arginine'?","A. An organosulfur compound is a compound containing at least one carbon-sulfur bond.

B. A glycerophosphocholine that is glycero-3-phosphocholine bearing two acyl substituents at positions 1 and 2.

C. An alpha-amino acid that is glycine in which the alpha-is substituted by a 3-guanidinopropyl group.

D. Catechol in which the hydrogen at position 4 is substituted by a 2-aminoethyl group.",C,1_1,arginine,http://purl.obolibrary.org/obo/CHEBI_29016,14,"Health & Medicine, Alzheimer Disease Ontology"
"In the ontology of Alzheimer's Disease, which of the following definitions best describes 'sulpiride'?","A. A member of the class of phenothiazines that is 10H-phenothiazine having a trifluoromethyl subsitituent at the 2-position and a 3-(dimethylamino)propyl group at the N-10 position.

B. An alpha-amino acid that consists of butyric acid bearing an amino substituent at position 2 and a carbamoyl substituent at position 4.

C. Any amino-acid that is not naturally encoded in the genetic code of any organism.

D. A member of the class of benzamides obtained from formal condensation between the carboxy group of 2-methoxy-5-sulfamoylbenzoic acid and the primary amino group of (1-ethylpyrrolidin-2-yl)methylamine.",D,1_1,sulpiride,http://purl.obolibrary.org/obo/CHEBI_32168,15,"Health & Medicine, Alzheimer Disease Ontology"
"In the ontology of Alzheimer's Disease, which of the following definitions best describes 'amide'?","A. A derivative of an oxoacid RkE(=O)l(OH)m (l =/= 0) in which an acidic hydroxy group has been replaced by an amino or substituted amino group.

B. Any heteroorganic entity containing at least one carbon-nitrogen bond.

C. Any compound that has a nucleobase as a part.

D. An amide is a derivative of an oxoacid RkE(=O)l(OH)m (l =/= 0) in which an acidic hydroxy group has been replaced by an amino or substituted amino group.",D,1_1,amide,http://purl.obolibrary.org/obo/CHEBI_32988,12,"Health & Medicine, Alzheimer Disease Ontology"
"In the ontology of Alzheimer's Disease, which of the following definitions best describes 'vitamin E'?","A. An N-acyl-amino acid that is a form of the water-soluble vitamin B9. Its biologically active forms (tetrahydrofolate and others) are essential for nucleotide biosynthesis and homocysteine remethylation.

B. An aldohexose used as a source of energy and metabolic intermediate.

C. Any member of a group of fat-soluble chromanols that exhibit biological activity against vitamin E deficiency. The vitamers in this class consists of a chroman-6-ol core which is substituted at position 2 by a methyl group and (also at position 2) either a saturated or a triply-unsaturated hydrocarbon chain consisting of three isoprenoid units. The major function of vitamin E is to act as a natural antioxidant by scavenging free radicals and molecular oxygen.

D. A 1-[3-(dimethylamino)propyl]-1-(4-fluorophenyl)-1,3-dihydro-2-benzofuran-5-carbonitrile that has S-configuration at the chiral centre. It is the active enantiomer of citalopram.",C,1_1,vitamin E,http://purl.obolibrary.org/obo/CHEBI_33234,11,"Health & Medicine, Alzheimer Disease Ontology"
"In the ontology of Alzheimer's Disease, which of the following definitions best describes 'primary amide'?","A. A derivative of an oxoacid RkE(=O)l(OH)m (l =/= 0) in which an acidic hydroxy group has been replaced by an amino or substituted amino group.

B. The lipid bilayer surrounding any membrane-bounded vesicle in the cell.

C. An amide of a carboxylic acid, having the structure RC(=O)NR2. The term is used as a suffix in systematic name formation to denote the -C(=O)NH2 group including its carbon atom.

D. An amide is a derivative of an oxoacid RkE(=O)l(OH)m (l =/= 0) in which an acidic hydroxy group has been replaced by an amino or substituted amino group.",A,1_1,primary amide,http://purl.obolibrary.org/obo/CHEBI_33256,13,"Health & Medicine, Alzheimer Disease Ontology"
"In the ontology of Alzheimer's Disease, which of the following definitions best describes 'organochalcogen compound'?","A. A naturally occurring polypeptide synthesized at the ribosome.

B. An organochalcogen compound is a compound containing at least one carbon-chalcogen bond.

C. An omega-carboxyacyl-CoA having succinoyl as the S-acyl component.

D. The 5-diphospho derivative of (R)-mevalonic acid.",B,1_1,organochalcogen compound,http://purl.obolibrary.org/obo/CHEBI_36962,13,"Health & Medicine, Alzheimer Disease Ontology"
"In the ontology of Alzheimer's Disease, which of the following definitions best describes 'carbonyl compound'?","A. Any compound containing the carbonyl group, C=O. The term is commonly used in the restricted sense of aldehydes and ketones, although it actually includes carboxylic acids and derivatives.

B. A compound of general formula RC(=O)SR'. Compare with thionoester, RC(=S)OR'.

C. An organochalcogen compound containing at least one carbon-oxygen bond.

D. Any organic heterocyclic compound containing at least one ring oxygen atom.",A,1_1,carbonyl compound,http://purl.obolibrary.org/obo/CHEBI_36586,15,"Health & Medicine, Alzheimer Disease Ontology"
"In the ontology of Alzheimer's Disease, which of the following definitions best describes 'monosaccharide derivative'?","A. Any organooxygen compound derived from a carbohydrate by replacement of one or more hydroxy group(s) by an amino group, a thiol group or similar heteroatomic groups. The term also includes derivatives of these compounds.

B. A carbohydrate derivative that is formally obtained from a monosaccharide.

C. A monosaccharide derivative that is formally obtained from a pentose.

D. Any monosaccharide containing an alcoholic hydroxy group esterified with phosphoric acid.",B,1_1,monosaccharide derivative,http://purl.obolibrary.org/obo/CHEBI_63367,17,"Health & Medicine, Alzheimer Disease Ontology"
"In the ontology of Alzheimer's Disease, which of the following definitions best describes 'catecholamine'?","A. A heterobicylic compound that is (2S,3aR,7aS)-1-[(2S)-2-aminopropanoyl]octahydro-1H-indole-2-carboxylic acid in which the hydrogen of the amino group is substituted by a (2R)-1-ethoxy-1-oxo-4-phenylbutan-2-yl group. It is a angiotensin-converting enzyme inhibitor and a prodrug used for the treatment of hypertension.

B. An organic compound having at least one hydroxy group attached to a carbon atom.

C. Any member of the group of pyridines that exhibit biological activity against vitamin B6 deficiency. Vitamin B6 deficiency is associated with microcytic anemia, electroencephalographic abnormalities, dermatitis with cheilosis (scaling on the lips and cracks at the corners of the mouth) and glossitis (swollen tongue), depression and confusion, and weakened immune function. Vitamin B6 consists of the vitamers pyridoxine, pyridoxal, and pyridoxamine and their respective 5'-phosphate esters (and includes their corresponding ionized and salt forms).

D. 4-(2-Aminoethyl)pyrocatechol [4-(2-aminoethyl)benzene-1,2-diol] and derivatives formed by substitution.",D,1_1,catecholamine,http://purl.obolibrary.org/obo/CHEBI_33567,14,"Health & Medicine, Alzheimer Disease Ontology"
"In the ontology of Alzheimer's Disease, which of the following definitions best describes 'noradrenaline'?","A. A catecholamine in which C-1 of the aminoethyl side-chain is hydroxy-substituted.

B. A 3-oxoacyl-CoA that results from the formal condensation of the thiol group of coenzyme A with the carboxy group of acetoacetic acid.

C. A tertiary amino compound that is N,N-dimethylethanamine substituted at position 1 by a 1-hydroxycyclohexyl and 4-methoxyphenyl group.

D. A sulfone that is diphenylsulfone in which the hydrogen atom at the 4 position of each of the phenyl groups is substituted by an amino group. It is active against a wide range of bacteria, but is mainly employed for its actions against Mycobacterium leprae, being used as part of multidrug regimens in the treatment of all forms of leprosy.",A,1_1,noradrenaline,http://purl.obolibrary.org/obo/CHEBI_33569,14,"Health & Medicine, Alzheimer Disease Ontology"
"In the ontology of Alzheimer's Disease, which of the following definitions best describes 'cyclic compound'?","A. A cyclic compound having as ring members atoms of the same element only.

B. Any molecule that consists of a series of atoms joined together to form a ring.

C. A molecule that features two fused rings.

D. Any molecule that consists of at least one carbon atom as part of the electrically neutral entity.",B,1_1,cyclic compound,http://purl.obolibrary.org/obo/CHEBI_33595,10,"Health & Medicine, Alzheimer Disease Ontology"
"In the ontology of Alzheimer's Disease, which of the following definitions best describes 'carbocyclic compound'?","A. A cyclic compound having as ring members atoms of the same element only.

B. A cyclic compound having as ring members atoms of carbon and at least of one other element.

C. Any organic molecule that consists of atoms connected in the form of a ring.

D. A homocyclic compound in which all of the ring members are carbon atoms.",D,1_1,carbocyclic compound,http://purl.obolibrary.org/obo/CHEBI_33598,14,"Health & Medicine, Alzheimer Disease Ontology"
"In the ontology of Alzheimer's Disease, which of the following definitions best describes 'aromatic compound'?","A. Any molecule that consists of a series of atoms joined together to form a ring.

B. Any organic molecule that consists of atoms connected in the form of a ring.

C. A cyclically conjugated molecular entity with a stability (due to delocalization) significantly greater than that of a hypothetical localized structure (e.g. Kekule structure) is said to possess aromatic character.

D. A molecule that features two fused rings.",C,1_1,aromatic compound,http://purl.obolibrary.org/obo/CHEBI_33655,11,"Health & Medicine, Alzheimer Disease Ontology"
"In the ontology of Alzheimer's Disease, which of the following definitions best describes 'ribonucleic acid'?","A. A naturally occurring polypeptide synthesized at the ribosome.

B. A gamma-amino acid that is butanoic acid with the amino substituent located at C-4.

C. An amide of a sulfonic acid RS(=O)2NR'2.

D. High molecular weight, linear polymers, composed of nucleotides containing ribose and linked by phosphodiester bonds; RNA is central to the synthesis of proteins.",D,1_1,ribonucleic acid,http://purl.obolibrary.org/obo/CHEBI_33697,13,"Health & Medicine, Alzheimer Disease Ontology"
"In the ontology of Alzheimer's Disease, which of the following definitions best describes 'captopril'?","A. A L-proline derivative in which L-proline is substituted on nitrogen with a (2S)-2-methyl-3-sulfanylpropanoyl group. It is used as an anti-hypertensive ACE inhibitor drug.

B. An aminosulfinic acid comprising ethylamine having the sulfo group at the 2-position.

C. A bioactive polypeptide of 39 amino acid residues isolated from the saliva of the Gila monster (Heloderma suspectum). High-affinity glucagon-like peptide 1 (GLP-1) receptor agonist (Kd = 136 pM); potently induces cAMP formation without stimulating amylase release in pancreatic acini; potentiates glucose-induced insulin secretion in isolated rat islets; protects against glutamate-induced neurotoxicity. A synthetic version is called exenatide.

D. A peptide hormone which consists of two polypeptide chains, A- and B- chains which are linked together by disulfide bonds. The amino acid sequence of insulin varies across species and certain segments of the molecule are highly conserved. In most species, the A chain consists of 21 amino acids and the B chain consists of 30 amino acids. In mammals, insulin is synthesised in the pancreas within the beta cells whereas in certain species of fish, the insulin-producing tissue is uniquely located in separate structures called Brockmann bodies.",A,1_1,captopril,http://purl.obolibrary.org/obo/CHEBI_3380,15,"Health & Medicine, Alzheimer Disease Ontology"
"In the ontology of Alzheimer's Disease, which of the following definitions best describes 'sulfonamide'?","A. A compound RC(=O)H, in which a carbonyl group is bonded to one hydrogen atom and to one R group.

B. A member of the class of isoxazoles that is isoxazole which is substituted at positions 3, 4 and 5 by phenyl, p-sulfamoylphenyl and methyl groups, respectively. A selective cyclooxygenase 2-inhibitor, it used as a nonsteroidal anti-inflammatory drug (NSAID) for the treatment of arthritis from 2001 until 2005, when it was withdrawn following concerns of an associated increased risk of heart attack and stroke.

C. An amide of a sulfonic acid RS(=O)2NR'2.

D. An amino sulfonic acid that is the 2-amino derivative of ethanesulfonic acid. It is a naturally occurring amino acid derived from methionine and cysteine metabolism. An abundant component of fish- and meat-based foods, it has been used as an oral supplement in the treatment of disorders such as cystic fibrosis and hypertension.",C,1_1,sulfonamide,http://purl.obolibrary.org/obo/CHEBI_35358,15,"Health & Medicine, Alzheimer Disease Ontology"
"In the ontology of Alzheimer's Disease, which of the following definitions best describes 'cerivastatin'?","A. An organic compound having at least one hydroxy group attached to a carbon atom.

B. A dihydroxy monocarboxylic acid that is (6E)-7-{4-(4-fluorophenyl)-2-[methyl(methylsulfonyl)amino]-6-(propan-2-yl)pyrimidin-5-yl} hept-6-enoic acid carrying two hydroxy substituents at positions 3 and 5 (the 3R,5S-diastereomer).

C. (3R,5S)-3,5-dihydroxyhept-6-enoic acid in which the (7E)-hydrogen is substituted by a 4-(4-fluorophenyl)-2,6-diisopropyl-5-(methoxymethyl)pyridin-3-yl group. Formerly used (as its sodium salt) to lower cholesterol and prevent cardiovascular disease, it was withdrawn from the market worldwide in 2001 following reports of a severe form of muscle toxicity.

D. A beta-diketone that is methane in which two of the hydrogens are substituted by feruloyl groups. A natural dyestuff found in the root of Curcuma longa.",C,1_1,cerivastatin,http://purl.obolibrary.org/obo/CHEBI_3558,14,"Health & Medicine, Alzheimer Disease Ontology"
"In the ontology of Alzheimer's Disease, which of the following definitions best describes 'statin'?","A. A monounsaturated fatty aldehyde that is nonanal that has undergone dehydrogenation to introduce a double bond at any position in the aliphatic chain and in which a hydrogen at position 4 has been replaced by a hydroxy group.

B. A sulfur-containing amino acid consisting of a glycine core with a 2-mercaptoethyl side-chain.

C. Any organooxygen compound whose structure is related to compactin (mevastatin) and which may be used as an anticholesteremic drug due its EC 1.1.1.34/EC 1.1.1.88 (hydroxymethylglutaryl-CoA reductase) inhibitory properties.

D. (3R,5S)-3,5-dihydroxyhept-6-enoic acid in which the (7E)-hydrogen is substituted by a 4-(4-fluorophenyl)-2,6-diisopropyl-5-(methoxymethyl)pyridin-3-yl group. Formerly used (as its sodium salt) to lower cholesterol and prevent cardiovascular disease, it was withdrawn from the market worldwide in 2001 following reports of a severe form of muscle toxicity.",C,1_1,statin,http://purl.obolibrary.org/obo/CHEBI_87631,11,"Health & Medicine, Alzheimer Disease Ontology"
"In the ontology of Alzheimer's Disease, which of the following definitions best describes 'organooxygen compound'?","A. Any compound containing the carbonyl group, C=O. The term is commonly used in the restricted sense of aldehydes and ketones, although it actually includes carboxylic acids and derivatives.

B. Hydroxides are chemical compounds containing a hydroxy group or salts containing hydroxide (OH(-)).

C. An amide of a carboxylic acid, having the structure RC(=O)NR2. The term is used as a suffix in systematic name formation to denote the -C(=O)NH2 group including its carbon atom.

D. An organochalcogen compound containing at least one carbon-oxygen bond.",D,1_1,organooxygen compound,http://purl.obolibrary.org/obo/CHEBI_36963,14,"Health & Medicine, Alzheimer Disease Ontology"
"In the ontology of Alzheimer's Disease, which of the following definitions best describes 'sulfone'?","A. An amino sulfonic acid that is the 2-amino derivative of ethanesulfonic acid. It is a naturally occurring amino acid derived from methionine and cysteine metabolism. An abundant component of fish- and meat-based foods, it has been used as an oral supplement in the treatment of disorders such as cystic fibrosis and hypertension.

B. An organosulfur compound having the structure RS(=O)2R (R =/= H).

C. A member of the class of isoxazoles that is isoxazole which is substituted at positions 3, 4 and 5 by phenyl, p-sulfamoylphenyl and methyl groups, respectively. A selective cyclooxygenase 2-inhibitor, it used as a nonsteroidal anti-inflammatory drug (NSAID) for the treatment of arthritis from 2001 until 2005, when it was withdrawn following concerns of an associated increased risk of heart attack and stroke.

D. A L-proline derivative in which L-proline is substituted on nitrogen with a (2S)-2-methyl-3-sulfanylpropanoyl group. It is used as an anti-hypertensive ACE inhibitor drug.",B,1_1,sulfone,http://purl.obolibrary.org/obo/CHEBI_35850,15,"Health & Medicine, Alzheimer Disease Ontology"
"In the ontology of Alzheimer's Disease, which of the following definitions best describes 'protein'?","A. Insoluble fibrous protein aggregates exhibiting beta sheet structure.

B. A macromolecule formed by a living organism.

C. A biological macromolecule minimally consisting of one polypeptide chain synthesized at the ribosome.

D. A class of lipoproteins of small size (18-25 nm) and low density (1.019-1.063 g/ml) particles with a core composed mainly of cholesterol esters and smaller amounts of triglycerides. The surface monolayer consists mostly of phospholipids, a single copy of apolipoprotein B-100, and free cholesterol molecules. The main function of LDL is to transport cholesterol and cholesterol esters from the liver. Excessive levels are associated with cardiovascular disease.",C,1_1,protein,http://purl.obolibrary.org/obo/CHEBI_36080,12,"Health & Medicine, Alzheimer Disease Ontology"
"In the ontology of Alzheimer's Disease, which of the following definitions best describes 'glycerophosphoinositol'?","A. Any glycerophospholipid having the polar alcohol inositol esterified to the phosphate group at the sn-3 position of the glycerol backbone.

B. A gene of Homo sapiens that has a pseudo gene disposition

C. The covalent attachment of a myristoyl group to a protein.

D. Any glycerolipid having a phosphate group ester-linked to a terminal carbon of the glycerol backbone.",A,1_1,glycerophosphoinositol,http://purl.obolibrary.org/obo/CHEBI_36315,19,"Health & Medicine, Alzheimer Disease Ontology"
"In the ontology of Alzheimer's Disease, which of the following definitions best describes 'organic oxo compound'?","A. A member of the class of tetralins that is tetralin which is substituted at positions 1 and 4 by a methylamino and a 3,4-dichlorophenyl group, respectively (the S,S diastereoisomer). A selective serotonin-reuptake inhibitor (SSRI), it is administered orally as the hydrochloride salt as an antidepressant for the treatment of depression, obsessive-compulsive disorder, panic disorder and post-traumatic stress disorder.

B. Organic compounds containing an oxygen atom, =O, doubly bonded to carbon or another element.

C. A monocarboxylic acid amide obtained by formal condensation of the carboxy group of 1-(2-chlorophenyl)isoquinoline-3-carboxylic acid with the amino group of sec-butylmethylamine

D. A dihydroxy monocarboxylic acid that is a member of the drug class known as statins, used primarily for lowering blood cholesterol and for preventing cardiovascular diseases.",B,1_1,organic oxo compound,http://purl.obolibrary.org/obo/CHEBI_36587,13,"Health & Medicine, Alzheimer Disease Ontology"
"In the ontology of Alzheimer's Disease, which of the following definitions best describes 'escitalopram'?","A. Any molecule that consists of at least one carbon atom as part of the electrically neutral entity.

B. A 1-[3-(dimethylamino)propyl]-1-(4-fluorophenyl)-1,3-dihydro-2-benzofuran-5-carbonitrile that has S-configuration at the chiral centre. It is the active enantiomer of citalopram.

C. A macromolecule formed by a living organism.

D. A sulfur-containing amino acid consisting of a glycine core with a 2-mercaptoethyl side-chain.",B,1_1,escitalopram,http://purl.obolibrary.org/obo/CHEBI_36791,11,"Health & Medicine, Alzheimer Disease Ontology"
"In the ontology of Alzheimer's Disease, which of the following definitions best describes 'cilazapril'?","A. A benzazepine that is benazeprilat in which the carboxy group of the 2-amino-4-phenylbutanoic acid moiety has been converted to the corresponding ethyl ester. It is used (generally as its hydrochloride salt) as a prodrug for the angiotensin-converting enzyme inhibitor benazeprilat in the treatment of hypertension and heart failure.

B. A pyridazinodiazepine resulting from the formal condensation of the carboxy group of cilazaprilat with ethanol. It is a drug used in the treatment of hypertension and heart failure.

C. Any molecule that consists of at least one carbon atom as part of the electrically neutral entity.

D. An organic tricyclic compound that is 10,11-dihydro-5H-dibenzo[a,d][7]annulene substituted by a 3-(dimethylamino)propylidene group at position 5.",B,1_1,cilazapril,http://purl.obolibrary.org/obo/CHEBI_3698,13,"Health & Medicine, Alzheimer Disease Ontology"
"In the ontology of Alzheimer's Disease, which of the following definitions best describes 'fatty acyl-CoA'?","A. A fatty-acyl-CoA that results from the formal condensation of the thiol group of coenzyme A with the carboxy group of any hydroxy fatty acid.

B. Any organic molecular entity derived from a fatty acid.

C. An acyl-CoA that results from the formal condensation of the thiol group of coenzyme A with the carboxy group of any fatty acid.

D. An acyl-CoA that results from the formal condensation of the thiol group of coenzyme A with the carboxy group of any hydroxycarboxylic acid.",C,1_1,fatty acyl-CoA,http://purl.obolibrary.org/obo/CHEBI_37554,29,"Health & Medicine, Alzheimer Disease Ontology"
"In the ontology of Alzheimer's Disease, which of the following definitions best describes 'fatty acid derivative'?","A. A cholestanoid consisting of cholestane having a double bond at the 5,6-position as well as a 3beta-hydroxy group.

B. Any organic molecular entity derived from a fatty acid.

C. Any aliphatic monocarboxylic acid derived from or contained in esterified form in an animal or vegetable fat, oil or wax.

D. Any lipid formally derived from isoprene (2-methylbuta-1,3-diene), the skeleton of which can generally be discerned in repeated occurrence in the molecule. The skeleton of isoprenoids may differ from strict additivity of isoprene units by loss or shift of a fragment, commonly a methyl group. The class includes both hydrocarbons and oxygenated derivatives.",B,1_1,fatty acid derivative,http://purl.obolibrary.org/obo/CHEBI_61697,13,"Health & Medicine, Alzheimer Disease Ontology"
"In the ontology of Alzheimer's Disease, which of the following definitions best describes 'omega-carboxyacyl-CoA'?","A. An acyl-CoA that results from the formal condensation of the thiol group of coenzyme A with the carboxy group of any hydroxycarboxylic acid.

B. A thioester that results from the formal condensation of the thiol group of coenzyme A with the carboxy group of any carboxylic acid.

C. An acyl-CoA that results from the formal condensation of the thiol group of coenzyme A with one of the carboxy groups of any alpha,omega-dicarboxylic acid.

D. An acyl-CoA that results from the formal condensation of the thiol group of coenzyme A with the carboxy group of any fatty acid.",C,1_1,omega-carboxyacyl-CoA,http://purl.obolibrary.org/obo/CHEBI_37555,29,"Health & Medicine, Alzheimer Disease Ontology"
"In the ontology of Alzheimer's Disease, which of the following definitions best describes 'gamma-lactone'?","A. Any cyclic carboxylic ester containing a 1-oxacycloalkan-2-one structure, or an analogue having unsaturation or heteroatoms replacing one or more carbon atoms of the ring.

B. A standardized rating scale originally developed by Chouinard et al in 1980, which is used to measure drug-induced extrapyramidal symptoms (EPS) or 4 types of drug-induced movement disorders (DIMD): parkinsonism, akathisia, dystonia, and tardive dyskinesia. The questionnaire contains 28 questions and generates 4 subscales and 4 clinical global impression severity (CGI-S) scales.

C. A lactone having a five-membered lactone ring.

D. A gamma-lactone that consists of a 2-furanone skeleton and its substituted derivatives.",C,1_1,gamma-lactone,http://purl.obolibrary.org/obo/CHEBI_37581,18,"Health & Medicine, Alzheimer Disease Ontology"
"In the ontology of Alzheimer's Disease, which of the following definitions best describes 'EC 3.1.1.7 (acetylcholinesterase) inhibitor'?","A. Any substance that inhibits protein farnesyltransferase, an enzyme that catalyzes the transfer of a farnesyl moiety from farnesyl pyrophosphate to a cysteine. Protein farnesyltransferase is involved in Ras-mediated post-translational modification. Inhibition of protein farnesyltransferase may inhibit the oncogenic activity of Ras.

B. An EC 3.1.1.* (carboxylic ester hydrolase) inhibitor that interferes with the action of enzyme acetylcholinesterase (EC 3.1.1.7), which helps breaking down of acetylcholine into choline and acetic acid.

C. A compound or agent that combines with an enzyme in such a manner as to prevent the normal substrate-enzyme combination and the catalytic reaction.

D. An enzyme inhibitor that inhibits the activity of gamma-secretase.",B,1_1,EC 3.1.1.7 (acetylcholinesterase) inhibitor,http://purl.obolibrary.org/obo/CHEBI_38462,9,"Health & Medicine, Alzheimer Disease Ontology"
"In the ontology of Alzheimer's Disease, which of the following definitions best describes 'fluvastatin'?","A. A racemate comprising equimolar amounts of (3R,5S)- and (3S,5R)-fluvastatin. An HMG-CoA reductase inhibitor, it is used (often as the corresponding sodium salt) to reduce triglycerides and LDL-cholesterol, and increase HDL-chloesterol, in the treatment of hyperlipidaemia.

B. A racemate comprising equimolar amounts of (R)- and (S)-paliperidone. Paliperidone is the primary active metabolite of the older antipsychotic risperidone and is used for treatment of schizophrenia.

C. A racemate comprising equal amounts of (1R,2S)- and (1S,2R)-2-phenylcyclopropan-1-amine. An irreversible monoamine oxidase inhibitor that is used as an antidepressant (INN tranylcypromine).

D. Any organooxygen compound whose structure is related to compactin (mevastatin) and which may be used as an anticholesteremic drug due its EC 1.1.1.34/EC 1.1.1.88 (hydroxymethylglutaryl-CoA reductase) inhibitory properties.",A,1_1,fluvastatin,http://purl.obolibrary.org/obo/CHEBI_38561,12,"Health & Medicine, Alzheimer Disease Ontology"
"In the ontology of Alzheimer's Disease, which of the following definitions best describes 'curcumin'?","A. A beta-diketone that is methane in which two of the hydrogens are substituted by feruloyl groups. A natural dyestuff found in the root of Curcuma longa.

B. A primary amino compound that is the 5-hydroxy derivative of tryptamine.

C. A nitrotyrosine comprising tyrosine having a nitro group at the 3-position on the phenyl ring.

D. A member of the class of thiazolidenediones that is 1,3-thiazolidine-2,4-dione substituted by a benzyl group at position 5 which in turn is substituted by a 2-(5-ethylpyridin-2-yl)ethoxy group at position 4 of the phenyl ring. It exhibits hypoglycemic activity.",A,1_1,curcumin,http://purl.obolibrary.org/obo/CHEBI_3962,14,"Health & Medicine, Alzheimer Disease Ontology"
"In the ontology of Alzheimer's Disease, which of the following definitions best describes 'lovastatin'?","A. An alpha-amino acid ester that is the ethyl ester of N-{(2S)-1-[(2S,3aS,7aS)-2-carboxyoctahydro-1H-indol-1-yl]-1-oxopropan-2-yl}-L-norvaline

B. A dihydropyridine that is 1,4-dihydropyridine which is substituted by methyl groups at positions 2 and 6, a (2-methoxyethoxy)carbonyl group at position 3, a m-nitrophenyl group at position 4, and an isopropoxycarbonyl group at position 5. An L-type calcium channel blocker, it acts particularly on cerebral circulation, and is used both orally and intravenously for the prevention and treatment of subarachnoid hemorrhage from ruptured intracranial aneurysm.

C. Actylcholine is an ester of acetic acid and choline, which acts as a neurotransmitter.

D. A fatty acid ester that is mevastatin carrying an additional methyl group on the carbobicyclic skeleton. It is used in as an anticholesteremic drug and has been found in fungal species such as Aspergillus terreus and Pleurotus ostreatus (oyster mushroom).",D,1_1,lovastatin,http://purl.obolibrary.org/obo/CHEBI_40303,13,"Health & Medicine, Alzheimer Disease Ontology"
"In the ontology of Alzheimer's Disease, which of the following definitions best describes 'galanthamine'?","A. A benzothiazine that is piroxicam in which the pyridin-2-yl group is replaced by a 5-methyl-1,3-thiazol-2-yl group. A non-steroidal anti-inflammatory drug and selective inhibitor of COX-2, it is used particularly for the management of rheumatoid arthritis.

B. A monocarboxylic acid amide obtained by formal condensation of the carboxy group of 1-(2-chlorophenyl)isoquinoline-3-carboxylic acid with the amino group of sec-butylmethylamine

C. A benzazepine alkaloid isolated from certain species of daffodils.

D. An omega-carboxyacyl-CoA having succinoyl as the S-acyl component.",C,1_1,galanthamine,http://purl.obolibrary.org/obo/CHEBI_42944,14,"Health & Medicine, Alzheimer Disease Ontology"
"In the ontology of Alzheimer's Disease, which of the following definitions best describes 'dapsone'?","A. A monocarboxylic acid amide obtained by formal condensation of the carboxy group of 1-(2-chlorophenyl)isoquinoline-3-carboxylic acid with the amino group of sec-butylmethylamine

B. Any amino-acid that is not naturally encoded in the genetic code of any organism.

C. A sulfone that is diphenylsulfone in which the hydrogen atom at the 4 position of each of the phenyl groups is substituted by an amino group. It is active against a wide range of bacteria, but is mainly employed for its actions against Mycobacterium leprae, being used as part of multidrug regimens in the treatment of all forms of leprosy.

D. An aminobenzoic acid that is anthranilic acid in which one of the hydrogens attached to the nitrogen is replaced by a 2,6-dichloro-3-methylphenyl group. A non-steroidal anti-inflammatory drug, it is used as the sodium salt for the treatment of dysmenorrhoea (painful periods), osteoarthritis and rheumatoid arthritis.",C,1_1,dapsone,http://purl.obolibrary.org/obo/CHEBI_4325,15,"Health & Medicine, Alzheimer Disease Ontology"
"In the ontology of Alzheimer's Disease, which of the following definitions best describes 'diclofenac'?","A. Sphingolipids are a complex family of compounds that share a common structural feature, a sphingoid base backbone.

B. A monocarboxylic acid consisting of phenylacetic acid having a (2,6-dichlorophenyl)amino group at the 2-position.

C. A catecholamine in which C-1 of the aminoethyl side-chain is hydroxy-substituted.

D. A phenothiazine derivative in which 10H-phenothiazinecarries a 3-(4-methylpiperazin-1-yl)propyl substituent at the N-10 position.",B,1_1,diclofenac,http://purl.obolibrary.org/obo/CHEBI_47381,14,"Health & Medicine, Alzheimer Disease Ontology"
"In the ontology of Alzheimer's Disease, which of the following definitions best describes 'imipramine'?","A. The parent compound of the citrulline class consisting of ornithine having a carbamoyl group at the N(5)-position.

B. A monocarboxylic acid that is propanoic acid in which one of the hydrogens at position 2 is substituted by a 3-phenoxyphenyl group. A non-steroidal anti-inflammatory drug, the dihydrate form of the calcium salt is used for the management of mild to moderate pain and for the relief of pain and inflammation associated with disorders such as arthritis. It is pharmacologically similar to aspirin, but causes less gastrointestinal bleeding.

C. A dibenzooxazepine compound having a chloro substituent at the 2-position and a piperazin-1-yl group at the 11-position.

D. A dibenzoazepine that is 5H-dibenzo[b,f]azepine substituted by a 3-(dimethylamino)propyl group at the nitrogen atom.",D,1_1,imipramine,http://purl.obolibrary.org/obo/CHEBI_47499,11,"Health & Medicine, Alzheimer Disease Ontology"
"In the ontology of Alzheimer's Disease, which of the following definitions best describes 'desipramine'?","A. A bioactive polypeptide of 39 amino acid residues isolated from the saliva of the Gila monster (Heloderma suspectum). High-affinity glucagon-like peptide 1 (GLP-1) receptor agonist (Kd = 136 pM); potently induces cAMP formation without stimulating amylase release in pancreatic acini; potentiates glucose-induced insulin secretion in isolated rat islets; protects against glutamate-induced neurotoxicity. A synthetic version is called exenatide.

B. A peptide hormone which consists of two polypeptide chains, A- and B- chains which are linked together by disulfide bonds. The amino acid sequence of insulin varies across species and certain segments of the molecule are highly conserved. In most species, the A chain consists of 21 amino acids and the B chain consists of 30 amino acids. In mammals, insulin is synthesised in the pancreas within the beta cells whereas in certain species of fish, the insulin-producing tissue is uniquely located in separate structures called Brockmann bodies.

C. A catecholamine in which C-1 of the aminoethyl side-chain is hydroxy-substituted.

D. A dibenzoazepine consisting of 10,11-dihydro-5H-dibenzo[b,f]azepine substituted on nitrogen with a 3-(methylamino)propyl group.",D,1_1,desipramine,http://purl.obolibrary.org/obo/CHEBI_47781,14,"Health & Medicine, Alzheimer Disease Ontology"
"In the ontology of Alzheimer's Disease, which of the following definitions best describes 'antagonist'?","A. Substance that attaches to and blocks cell receptors that normally bind naturally occurring substances.

B. A biological role which describes how a drug interacts within a biological system and how the interactions affect its medicinal properties.

C. Substance which binds to cell receptors normally responding to naturally occurring substances and which produces a response of its own.

D. Any substance that inhibits the action of N-methyl-D-aspartate (NMDA) receptors. They tend to induce a state known as dissociative anesthesia, marked by catalepsy, amnesia, and analgesia, while side effects can include hallucinations, nightmares, and confusion. Due to their psychotomimetic effects, many NMDA receptor antagonists are used as recreational drugs.",A,1_1,antagonist,http://purl.obolibrary.org/obo/CHEBI_48706,8,"Health & Medicine, Alzheimer Disease Ontology"
"In the ontology of Alzheimer's Disease, which of the following definitions best describes 'indometacin'?","A. A member of the class of indole-3-acetic acids that is indole-3-acetic acid in which the indole ring is substituted at positions 1, 2 and 5 by p-chlorobenzoyl, methyl, and methoxy groups, respectively. A non-steroidal anti-inflammatory drug, it is used in the treatment of musculoskeletal and joint disorders including osteoarthritis, rheumatoid arthritis, gout, bursitis and tendinitis.

B. A methyl ketone that is 2-butanone in which one of the methyl hydrogens at position 4 is replaced by a 6-methoxy-2-naphthyl group. A prodrug that is converted to the active metabolite, 6-methoxy-2-naphthylacetic acid, following oral administration. It is shown to have a slightly lower risk of gastrointestinal side effects than most other non-steroidal anti-inflammatory drugs.

C. A phenothiazine derivative in which the phenothiazine tricycle carries a chloro substituent at the 2-position and a 3-[4-(2-hydroxyethyl)piperazin-1-yl]propyl group at N-10.

D. A beta-diketone that is methane in which two of the hydrogens are substituted by feruloyl groups. A natural dyestuff found in the root of Curcuma longa.",A,1_1,indometacin,http://purl.obolibrary.org/obo/CHEBI_49662,14,"Health & Medicine, Alzheimer Disease Ontology"
"In the ontology of Alzheimer's Disease, which of the following definitions best describes 'brexanolone'?","A. Any member of the group of lipids containing a common glycerol backbone to which at least one fatty acid-derived group is attached.

B. A 3-hydroxy-5alpha-pregnan-20-one in which the hydroxy group at position 3 has alpha-configuration. It is a metabolite of the sex hormone progesterone and used for the treatment of postpartum depression in women.

C. Any aliphatic monocarboxylic acid derived from or contained in esterified form in an animal or vegetable fat, oil or wax.

D. A sphing-4-enine in which the double bond is trans.",B,1_1,brexanolone,http://purl.obolibrary.org/obo/CHEBI_50169,13,"Health & Medicine, Alzheimer Disease Ontology"
"In the ontology of Alzheimer's Disease, which of the following definitions best describes 'butenolide'?","A. A lactone having a five-membered lactone ring.

B. Compounds containing at least one furan ring.

C. A carbamate ester obtained by formal condensation of the carboxy group of ethyl(methyl)carbamic acid with the phenolic OH group of 3-[(1S)-1-(dimethylamino)ethyl]phenol. A reversible cholinesterase inhibitor.

D. A gamma-lactone that consists of a 2-furanone skeleton and its substituted derivatives.",D,1_1,butenolide,http://purl.obolibrary.org/obo/CHEBI_50523,19,"Health & Medicine, Alzheimer Disease Ontology"
"In the ontology of Alzheimer's Disease, which of the following definitions best describes 'dityrosine'?","A. A 3-oxoacyl-CoA that results from the formal condensation of the thiol group of coenzyme A with the carboxy group of acetoacetic acid.

B. A biphenyl compound comprising two tyrosine residues linked at carbon-3 of their benzene rings.

C. A substituted phenothiazine in which the ring nitrogen at position 10 is attached to C-3 of an N,N-dimethylpropanamine moiety.

D. A carboxylic ester resulting from the formal condensation of (S)-2-methylbutyric acid with the hydroxy group adjacent to the ring junction of (3R,5R)-7-[(1S,2S,6S,8S,8aR)-6,8-dihydroxy-2-methyl-1,2,6,7,8,8a-hexahydronaphthalen-1-yl]-3,5-dihydroxyheptanoic acid. Derived from microbial transformation of mevastatin, pravastatin is a reversible inhibitor of 3-hydroxy-3-methylglutaryl-coenzyme A (HMG-CoA). The sodium salt is used for lowering cholesterol and preventing cardiovascular disease. It is one of the lower potency statins, but has the advantage of fewer side effects compared with lovastatin and simvastatin.",B,1_1,dityrosine,http://purl.obolibrary.org/obo/CHEBI_50607,14,"Health & Medicine, Alzheimer Disease Ontology"
"In the ontology of Alzheimer's Disease, which of the following definitions best describes 'fluoxetine'?","A. A racemate comprising equimolar amounts of (R)- and (S)-fluoxetine. A selective serotonin reuptake inhibitor (SSRI), it is used (generally as the hydrochloride salt) for the treatment of depression (and the depressive phase of bipolar disorder), bullimia nervosa, and obsessive-compulsive disorder.

B. An organic tricyclic compound that is 10,11-dihydro-5H-dibenzo[a,d][7]annulene substituted by a 3-(methylamino)propylidene group at position 5. It is an active metabolite of amitriptyline.

C. A racemate comprising equimolar amounts of (R)-citalopram and its enantiomer, escitalopram. It is used as an antidepressant, although only escitalopram is active.

D. An N-arylpiperazine in which one nitrogen is substituted by a 3-chlorophenyl group, while the other is substituted by a 3-(3-oxo[1,2,4]triazolo[4,3-a]pyridin-2(3H)-yl)propyl group.",A,1_1,fluoxetine,http://purl.obolibrary.org/obo/CHEBI_5118,11,"Health & Medicine, Alzheimer Disease Ontology"
"In the ontology of Alzheimer's Disease, which of the following definitions best describes 'fluphenazine'?","A. A dihydroxy monocarboxylic acid that is a member of the drug class known as statins, used primarily for lowering blood cholesterol and for preventing cardiovascular diseases.

B. A member of the class of benzamides that is benzamide substituted by a chloro group at position 4 and a 2-(morpholin-4-yl)ethyl group at the nitrogen atom. It acts as a reversible monoamine oxidase inhibitor and is used in the treatment of depression.

C. A dihydroxy monocarboxylic acid that is (6E)-7-{4-(4-fluorophenyl)-2-[methyl(methylsulfonyl)amino]-6-(propan-2-yl)pyrimidin-5-yl} hept-6-enoic acid carrying two hydroxy substituents at positions 3 and 5 (the 3R,5S-diastereomer).

D. A member of the class of phenothiazines that is 10H-phenothiazine having a trifluoromethyl subsitituent at the 2-position and a 3-[4-(2-hydroxyethyl)piperazin-1-yl]propyl group at the N-10 position.",D,1_1,fluphenazine,http://purl.obolibrary.org/obo/CHEBI_5123,14,"Health & Medicine, Alzheimer Disease Ontology"
"In the ontology of Alzheimer's Disease, which of the following definitions best describes 'flurazepam'?","A. A member of the class of acridines that is 1,2,3,4-tetrahydroacridine substituted by an amino group at position 9. It is used in the treatment of Alzheimer's disease.

B. A 1,4-benzodiazepinone that is 1,3-dihydro-2H-1,4-benzodiazepin-2-one substituted by a 2-(diethylamino)ethyl group, 2-fluorophenyl group and chloro group at positions 1, 5 and 7, respectively. It is a partial agonist of GABAA receptors and used for the treatment of insomnia.

C. A gamma-amino acid that is butanoic acid with the amino substituent located at C-4.

D. A phosphonic ester that is dimethyl phosphonate in which the hydrogen atom attched to the phosphorous is substituted by a 2,2,2-trichloro-1-hydroxyethyl group.",B,1_1,flurazepam,http://purl.obolibrary.org/obo/CHEBI_5128,14,"Health & Medicine, Alzheimer Disease Ontology"
"In the ontology of Alzheimer's Disease, which of the following definitions best describes 'fosinopril'?","A. The parent compound of the citrulline class consisting of ornithine having a carbamoyl group at the N(5)-position.

B. A monocarboxylic acid consisting of phenylacetic acid having a (2,6-dichlorophenyl)amino group at the 2-position.

C. A compound having the structure RC#N; thus a C-substituted derivative of hydrocyanic acid, HC#N. In systematic nomenclature, the suffix nitrile denotes the triply bound #N atom, not the carbon atom attached to it.

D. A phosphinate ester-containing N-acyl derivative of (4S)-cyclohexyl-L-proline. It is used for the treatment of hypertension and heart failure. A pro-drug, it is hydrolysed in vivo to the corresponding phosphininc acid, fosinoprilat, which is the active metabolite.",D,1_1,fosinopril,http://purl.obolibrary.org/obo/CHEBI_5163,16,"Health & Medicine, Alzheimer Disease Ontology"
"In the ontology of Alzheimer's Disease, which of the following definitions best describes 'donepezil'?","A. They are a group of drugs that block the normal breakdown of acetylcholine (ACh) into acetate and choline and thereby increase both the levels and duration of actions of acetylcholine found in the central and peripheral nervous system.

B. A carbamate ester obtained by formal condensation of the carboxy group of ethyl(methyl)carbamic acid with the phenolic OH group of 3-[(1S)-1-(dimethylamino)ethyl]phenol. A reversible cholinesterase inhibitor.

C. A racemate comprising equimolar amounts of (R)- and (S)-donepezil. A centrally acting reversible acetylcholinesterase inhibitor, its main therapeutic use is in the treatment of Alzheimer's disease where it is used to increase cortical acetylcholine.

D. A main group molecular entity that contains one or more atoms of a p-block element.",C,1_1,donepezil,http://purl.obolibrary.org/obo/CHEBI_53289,11,"Health & Medicine, Alzheimer Disease Ontology"
"In the ontology of Alzheimer's Disease, which of the following definitions best describes 'malonaldehyde'?","A. A dialdehyde that is propane substituted by two oxo groups at the terminal carbon atoms respectively. A biomarker of oxidative damage to lipids caused by smoking, it exists in vivo mainly in the enol form.

B. A dicarboxylic acid monoester that is ethyl 4-phenylbutanoate in which a hydrogen alpha to the carboxy group is substituted by the amino group of L-alanyl-L-proline (S-configuration).

C. Actylcholine is an ester of acetic acid and choline, which acts as a neurotransmitter.

D. A carboxylic ester resulting from the formal condensation of (S)-2-methylbutyric acid with the hydroxy group adjacent to the ring junction of (3R,5R)-7-[(1S,2S,6S,8S,8aR)-6,8-dihydroxy-2-methyl-1,2,6,7,8,8a-hexahydronaphthalen-1-yl]-3,5-dihydroxyheptanoic acid. Derived from microbial transformation of mevastatin, pravastatin is a reversible inhibitor of 3-hydroxy-3-methylglutaryl-coenzyme A (HMG-CoA). The sodium salt is used for lowering cholesterol and preventing cardiovascular disease. It is one of the lower potency statins, but has the advantage of fewer side effects compared with lovastatin and simvastatin.",A,1_1,malonaldehyde,http://purl.obolibrary.org/obo/CHEBI_566274,13,"Health & Medicine, Alzheimer Disease Ontology"
"In the ontology of Alzheimer's Disease, which of the following definitions best describes 'O-acetyl-L-carnitine'?","A. A biphenyl compound comprising two tyrosine residues linked at carbon-3 of their benzene rings.

B. A dicarboxylic acid monoester that is ethyl 4-phenylbutanoate in which a hydrogen alpha to the carboxy group is substituted by the amino group of L-alanyl-L-proline (S-configuration).

C. Any molecule that consists of at least one carbon atom as part of the electrically neutral entity.

D. An O-acyl-L-carnitine where the acyl group specified is acetyl. It facilitates movement of acetyl-CoA into the matrices of mammalian mitochondria during the oxidation of fatty acids.",D,1_1,O-acetyl-L-carnitine,http://purl.obolibrary.org/obo/CHEBI_57589,13,"Health & Medicine, Alzheimer Disease Ontology"
"In the ontology of Alzheimer's Disease, which of the following definitions best describes 'amyloid fibril'?","A. A non-neuronal cell of the nervous system. They not only provide physical support, but also respond to injury, regulate the ionic and chemical composition of the extracellular milieu. Guide neuronal migration during development, and exchange metabolites with neurons.

B. Insoluble fibrous protein aggregates exhibiting beta sheet structure.

C. A class of lipoproteins of small size (18-25 nm) and low density (1.019-1.063 g/ml) particles with a core composed mainly of cholesterol esters and smaller amounts of triglycerides. The surface monolayer consists mostly of phospholipids, a single copy of apolipoprotein B-100, and free cholesterol molecules. The main function of LDL is to transport cholesterol and cholesterol esters from the liver. Excessive levels are associated with cardiovascular disease.

D. A biological macromolecule minimally consisting of one polypeptide chain synthesized at the ribosome.",B,1_1,amyloid fibril,http://purl.obolibrary.org/obo/CHEBI_60425,13,"Health & Medicine, Alzheimer Disease Ontology"
"In the ontology of Alzheimer's Disease, which of the following definitions best describes 'NMDA receptor antagonist'?","A. Any process involved in the development or functioning of the immune system, an organismal system for calibrated responses to potential internal or invasive threats.

B. The process in which a methyl group is covalently attached to a molecule.

C. Any substance that inhibits the action of N-methyl-D-aspartate (NMDA) receptors. They tend to induce a state known as dissociative anesthesia, marked by catalepsy, amnesia, and analgesia, while side effects can include hallucinations, nightmares, and confusion. Due to their psychotomimetic effects, many NMDA receptor antagonists are used as recreational drugs.

D. Substance that attaches to and blocks cell receptors that normally bind naturally occurring substances.",C,1_1,NMDA receptor antagonist,http://purl.obolibrary.org/obo/CHEBI_60643,9,"Health & Medicine, Alzheimer Disease Ontology"
"In the ontology of Alzheimer's Disease, which of the following definitions best describes 'ketoprofen'?","A. An oxo monocarboxylic acid that consists of propionic acid substituted by a 3-benzoylphenyl group at position 2.

B. A monocarboxylic acid that is (1-methylpyrrol-2-yl)acetic acid substituted at position 5 on the pyrrole ring by a 4-methylbenzoyl group. Used in the form of its sodium salt dihydrate as a nonselective nonsteroidal anti-inflammatory drug.

C. A ketone in which the carbonyl group is attached to an aromatic ring.

D. An aromatic ketone that is thiophene substituted at C-2 by a 4-(1-carboxyethyl)benzoyl group.",A,1_1,ketoprofen,http://purl.obolibrary.org/obo/CHEBI_6128,14,"Health & Medicine, Alzheimer Disease Ontology"
"In the ontology of Alzheimer's Disease, which of the following definitions best describes 'adenyl nucleotide'?","A. A nucleotide having adenine as the base.

B. Any ribonucleotide that has a purine nucleobase.

C. A purine riboncleotide where adenine is the purine.

D. Any nucleotide that has a purine nucleobase.",A,1_1,adenyl nucleotide,http://purl.obolibrary.org/obo/CHEBI_61293,20,"Health & Medicine, Alzheimer Disease Ontology"
"In the ontology of Alzheimer's Disease, which of the following definitions best describes 'hydroxyacyl-CoA'?","A. An acyl-CoA that results from the formal condensation of the thiol group of coenzyme A with the carboxy group of any hydroxycarboxylic acid.

B. An acyl-CoA that results from the formal condensation of the thiol group of coenzyme A with one of the carboxy groups of any alpha,omega-dicarboxylic acid.

C. An acyl-CoA that results from the formal condensation of the thiol group of coenzyme A with the carboxy group of any fatty acid.

D. A fatty-acyl-CoA that results from the formal condensation of the thiol group of coenzyme A with the carboxy group of any hydroxy fatty acid.",A,1_1,hydroxyacyl-CoA,http://purl.obolibrary.org/obo/CHEBI_62618,29,"Health & Medicine, Alzheimer Disease Ontology"
"In the ontology of Alzheimer's Disease, which of the following definitions best describes 'pravastatin'?","A. An O-acyl-L-carnitine where the acyl group specified is acetyl. It facilitates movement of acetyl-CoA into the matrices of mammalian mitochondria during the oxidation of fatty acids.

B. A carboxylic ester resulting from the formal condensation of (S)-2-methylbutyric acid with the hydroxy group adjacent to the ring junction of (3R,5R)-7-[(1S,2S,6S,8S,8aR)-6,8-dihydroxy-2-methyl-1,2,6,7,8,8a-hexahydronaphthalen-1-yl]-3,5-dihydroxyheptanoic acid. Derived from microbial transformation of mevastatin, pravastatin is a reversible inhibitor of 3-hydroxy-3-methylglutaryl-coenzyme A (HMG-CoA). The sodium salt is used for lowering cholesterol and preventing cardiovascular disease. It is one of the lower potency statins, but has the advantage of fewer side effects compared with lovastatin and simvastatin.

C. A member of the class of hexahydronaphthalenes that is lovastatin in which the 2-methylbutyrate ester moiety has been replaced by a 2,2-dimethylbutyrate ester group. It is used as a cholesterol-lowering and anti-cardiovascular disease drug.

D. A dipeptide that is the prodrug for ramiprilat, the active metabolite obtained by hydrolysis of the ethyl ester group. An angiotensin-converting enzyme (ACE) inhibitor, used to treat high blood pressure and congestive heart failure.",B,1_1,pravastatin,http://purl.obolibrary.org/obo/CHEBI_63618,14,"Health & Medicine, Alzheimer Disease Ontology"
"In the ontology of Alzheimer's Disease, which of the following definitions best describes 'valdecoxib'?","A. A butenolide that is furan-2(5H)-one substituted by a phenyl group at position 3 and by a p-(methylsulfonyl)phenyl group at position 4. A selective cyclooxygenase 2 inhibitor, it was used from 1999 to 2004 for the treatment of ostoarthritis, but was withdrawn following concerns about an associated increased risk of heart attack and stroke.

B. A member of the class of isoxazoles that is isoxazole which is substituted at positions 3, 4 and 5 by phenyl, p-sulfamoylphenyl and methyl groups, respectively. A selective cyclooxygenase 2-inhibitor, it used as a nonsteroidal anti-inflammatory drug (NSAID) for the treatment of arthritis from 2001 until 2005, when it was withdrawn following concerns of an associated increased risk of heart attack and stroke.

C. An ester in which one or both oxygens of an ester group have been replaced by divalent sulfur.

D. A dihydroxy monocarboxylic acid that is (6E)-7-{4-(4-fluorophenyl)-2-[methyl(methylsulfonyl)amino]-6-(propan-2-yl)pyrimidin-5-yl} hept-6-enoic acid carrying two hydroxy substituents at positions 3 and 5 (the 3R,5S-diastereomer).",B,1_1,valdecoxib,http://purl.obolibrary.org/obo/CHEBI_63634,15,"Health & Medicine, Alzheimer Disease Ontology"
"In the ontology of Alzheimer's Disease, which of the following definitions best describes 'memantine'?","A. An aromatic amide obtained by formal condensation of the carboxy group of 5-methyl-2-(2H-1,2,3-triazol-2-yl)benzoic acid with the secondary amino group of 5-chloro-2-[(5R)-5-methyl-1,4-diazepan-1-yl]-1,3-benzoxazole. An orexin receptor antagonist used for the management of insomnia.

B. A primary aliphatic amine that is the 3,5-dimethyl derivative of 1-aminoadamantane. A low to moderate affinity uncompetitive (open-channel); NMDA receptor antagonist which binds preferentially to the NMDA receptor-operated cation channels.

C. Psychological or behavior intervention is a combination of program elements, strategies, or modalities designed to influence psychological or behavioral processes or outcomes.

D. A therapy using a compound or agent that combines with an enzyme in such a manner as to prevent the normal substrate-enzyme combination and the catalytic reaction.",B,1_1,memantine,http://purl.obolibrary.org/obo/CHEBI_64312,9,"Health & Medicine, Alzheimer Disease Ontology"
"In the ontology of Alzheimer's Disease, which of the following definitions best describes 'phosphatidylcholine'?","A. Any organonitrogen compound containing a cyclic component with nitrogen and at least one other element as ring member atoms.

B. A primary amino compound that is the 5-hydroxy derivative of tryptamine.

C. A member of the class of phenothiazines that is 10H-phenothiazine having a chloro substituent at the 2-position and a 3-(4-methylpiperazin-1-yl)propyl group at the N-10 position.

D. A glycerophosphocholine that is glycero-3-phosphocholine bearing two acyl substituents at positions 1 and 2.",D,1_1,phosphatidylcholine,http://purl.obolibrary.org/obo/CHEBI_64482,14,"Health & Medicine, Alzheimer Disease Ontology"
"In the ontology of Alzheimer's Disease, which of the following definitions best describes 'sphingomyelin'?","A. A phenothiazine deriative in which the phenothiazine tricycle has a 3-(dimethylaminopropyl) group at the N-10 position.

B. Any of a class of phospholipids in which the amino group of a sphingoid base is in amide linkage with one of several fatty acids, while the terminal hydroxy group of the sphingoid base is esterified to phosphorylcholine.

C. A member of the class of benzamides obtained from formal condensation between the carboxy group of 2-methoxy-5-sulfamoylbenzoic acid and the primary amino group of (1-ethylpyrrolidin-2-yl)methylamine.

D. A halide anion formed when chlorine picks up an electron to form an an anion.",B,1_1,sphingomyelin,http://purl.obolibrary.org/obo/CHEBI_64583,16,"Health & Medicine, Alzheimer Disease Ontology"
"In the ontology of Alzheimer's Disease, which of the following definitions best describes 'amyloid-beta'?","A. An N-acyl-D-glucosamine 6-phosphate that is the N-acetyl derivative of D-glucosamine 6-phosphate. It is a component of the aminosugar metabolism.

B. An alpha-amino acid that is glycine in which the alpha-is substituted by a 3-guanidinopropyl group.

C. The nitrogen oxoanion formed by loss of a proton from peroxynitrous acid.

D. A peptide of 36-43 amino acids that is processed from the amyloid precursor protein. Appears to be the main constituent of amyloid plaques (deposits found in the brains of Alzheimer's disease patients).",D,1_1,amyloid-beta,http://purl.obolibrary.org/obo/CHEBI_64645,16,"Health & Medicine, Alzheimer Disease Ontology"
"In the ontology of Alzheimer's Disease, which of the following definitions best describes 'meclofenamic acid'?","A. A tertiary amino compound that is N,N-dimethylethanamine substituted at position 1 by a 1-hydroxycyclohexyl and 4-methoxyphenyl group.

B. A member of the class of phenothiazines that is 10H-phenothiazine having a chloro substituent at the 2-position and a 3-(4-methylpiperazin-1-yl)propyl group at the N-10 position.

C. An aminobenzoic acid that is anthranilic acid in which one of the hydrogens attached to the nitrogen is replaced by a 2,6-dichloro-3-methylphenyl group. A non-steroidal anti-inflammatory drug, it is used as the sodium salt for the treatment of dysmenorrhoea (painful periods), osteoarthritis and rheumatoid arthritis.

D. A sulfur-containing amino acid that is butyric acid bearing an amino substituent at position 2 and a methylthio substituent at position 4.",C,1_1,meclofenamic acid,http://purl.obolibrary.org/obo/CHEBI_6710,14,"Health & Medicine, Alzheimer Disease Ontology"
"In the ontology of Alzheimer's Disease, which of the following definitions best describes 'mefenamic acid'?","A. An aminobenzoic acid that is anthranilic acid in which one of the hydrogens attached to the nitrogen is replaced by a 2,3-dimethylphenyl group. Although classed as a non-steroidal anti-inflammatory drug, its anti-inflammatory properties are considered to be minor. It is used to relieve mild to moderate pain, including headaches, dental pain, osteoarthritis and rheumatoid arthritis.

B. Any amino-acid that is not naturally encoded in the genetic code of any organism.

C. A sulfone that is diphenylsulfone in which the hydrogen atom at the 4 position of each of the phenyl groups is substituted by an amino group. It is active against a wide range of bacteria, but is mainly employed for its actions against Mycobacterium leprae, being used as part of multidrug regimens in the treatment of all forms of leprosy.

D. Any heteroorganic entity containing at least one carbon-nitrogen bond.",A,1_1,mefenamic acid,http://purl.obolibrary.org/obo/CHEBI_6717,14,"Health & Medicine, Alzheimer Disease Ontology"
"In the ontology of Alzheimer's Disease, which of the following definitions best describes 'meloxicam'?","A. A benzothiazine that is piroxicam in which the pyridin-2-yl group is replaced by a 5-methyl-1,3-thiazol-2-yl group. A non-steroidal anti-inflammatory drug and selective inhibitor of COX-2, it is used particularly for the management of rheumatoid arthritis.

B. A phenothiazine substituted at position 2 (para to the S atom) by a methylsulfinyl group, and on the nitrogen by a 2-(1-methylpiperidin-2-yl)ethyl group.

C. A heterobicylic compound that is (2S,3aR,7aS)-1-[(2S)-2-aminopropanoyl]octahydro-1H-indole-2-carboxylic acid in which the hydrogen of the amino group is substituted by a (2R)-1-ethoxy-1-oxo-4-phenylbutan-2-yl group. It is a angiotensin-converting enzyme inhibitor and a prodrug used for the treatment of hypertension.

D. The parent compound of the citrulline class consisting of ornithine having a carbamoyl group at the N(5)-position.",A,1_1,meloxicam,http://purl.obolibrary.org/obo/CHEBI_6741,14,"Health & Medicine, Alzheimer Disease Ontology"
"In the ontology of Alzheimer's Disease, which of the following definitions best describes 'mesoridazine'?","A. An indane that consists of 1-aminoindane bearing an N-propargyl substituent. A selective, irreversible monoamine oxidase-B inhibitor.

B. A phenothiazine deriative in which the phenothiazine tricycle has a 3-(dimethylaminopropyl) group at the N-10 position.

C. An amide of a carboxylic acid, having the structure RC(=O)NR2. The term is used as a suffix in systematic name formation to denote the -C(=O)NH2 group including its carbon atom.

D. A phenothiazine substituted at position 2 (para to the S atom) by a methylsulfinyl group, and on the nitrogen by a 2-(1-methylpiperidin-2-yl)ethyl group.",D,1_1,mesoridazine,http://purl.obolibrary.org/obo/CHEBI_6780,15,"Health & Medicine, Alzheimer Disease Ontology"
"In the ontology of Alzheimer's Disease, which of the following definitions best describes 'methotrimeprazine'?","A. A heterobicylic compound that is (2S,3aR,7aS)-1-[(2S)-2-aminopropanoyl]octahydro-1H-indole-2-carboxylic acid in which the hydrogen of the amino group is substituted by a (2R)-1-ethoxy-1-oxo-4-phenylbutan-2-yl group. It is a angiotensin-converting enzyme inhibitor and a prodrug used for the treatment of hypertension.

B. A member of the class of phenothiazines that is 10H-phenothiazine substituted by a (2R)-3-(dimethylamino)-2-methylpropyl group and a methoxy group at positions 10 and 2 respectively.

C. Any amino acid whose side chain is capable of forming one or more hydrogen bonds.

D. Any heteroorganic entity containing at least one carbon-nitrogen bond.",B,1_1,methotrimeprazine,http://purl.obolibrary.org/obo/CHEBI_6838,14,"Health & Medicine, Alzheimer Disease Ontology"
"In the ontology of Alzheimer's Disease, which of the following definitions best describes 'trichlorfon'?","A. A member of the class of tetralins that is tetralin which is substituted at positions 1 and 4 by a methylamino and a 3,4-dichlorophenyl group, respectively (the S,S diastereoisomer). A selective serotonin-reuptake inhibitor (SSRI), it is administered orally as the hydrochloride salt as an antidepressant for the treatment of depression, obsessive-compulsive disorder, panic disorder and post-traumatic stress disorder.

B. An aminobenzoic acid that is anthranilic acid in which one of the hydrogens attached to the nitrogen is replaced by a 2,6-dichloro-3-methylphenyl group. A non-steroidal anti-inflammatory drug, it is used as the sodium salt for the treatment of dysmenorrhoea (painful periods), osteoarthritis and rheumatoid arthritis.

C. A phosphonic ester that is dimethyl phosphonate in which the hydrogen atom attched to the phosphorous is substituted by a 2,2,2-trichloro-1-hydroxyethyl group.

D. An amino acid that is phenylacetic acid which is substituted at position 2 by the nitrogen of 2-chloro-6-fluoroaniline and at position 5 by a methyl group. A highly selective cyclooxygenase 2 inhibitor, it was briefly used for the treatment of osteoarthritis, but was withdrawn due to concersns of hepatotoxicity.",C,1_1,trichlorfon,http://purl.obolibrary.org/obo/CHEBI_6908,16,"Health & Medicine, Alzheimer Disease Ontology"
"In the ontology of Alzheimer's Disease, which of the following definitions best describes 'flavonoids'?","A. Any molecule that consists of at least one carbon atom as part of the electrically neutral entity.

B. Any organic molecular entity whose stucture is based on derivatives of a phenyl-substituted 1-phenylpropane possessing a C15 or C16 skeleton, or such a structure which is condensed with a C6-C3 lignan precursors. The term is a 'superclass' comprising all members of the classes of flavonoid, isoflavonoid, neoflavonoid, chalcones, dihydrochalcones, aurones, pterocarpan, coumestans, rotenoid, flavonolignan, homoflavonoid and flavonoid oligomers. Originally restricted to natural products, the term is also applied to synthetic compounds related to them.

C. Hydroxides are chemical compounds containing a hydroxy group or salts containing hydroxide (OH(-)).

D. An organochalcogen compound containing at least one carbon-oxygen bond.",B,1_1,flavonoids,http://purl.obolibrary.org/obo/CHEBI_72544,12,"Health & Medicine, Alzheimer Disease Ontology"
"In the ontology of Alzheimer's Disease, which of the following definitions best describes 'nabumetone'?","A. A tertiary amino compound that is N,N-dimethylethanamine substituted at position 1 by a 1-hydroxycyclohexyl and 4-methoxyphenyl group.

B. An oxime O-ether that is benzene substituted by a (1E)-N-(2-aminoethoxy)-5-methoxypentanimidoyl group at position 1 and a trifluoromethyl group at position 4. It is a selective serotonin reuptake inhibitor that is used for the treatment of obsessive-compulsive disorder.

C. A monocarboxylic acid that is (1-methylpyrrol-2-yl)acetic acid substituted at position 5 on the pyrrole ring by a 4-methylbenzoyl group. Used in the form of its sodium salt dihydrate as a nonselective nonsteroidal anti-inflammatory drug.

D. A methyl ketone that is 2-butanone in which one of the methyl hydrogens at position 4 is replaced by a 6-methoxy-2-naphthyl group. A prodrug that is converted to the active metabolite, 6-methoxy-2-naphthylacetic acid, following oral administration. It is shown to have a slightly lower risk of gastrointestinal side effects than most other non-steroidal anti-inflammatory drugs.",D,1_1,nabumetone,http://purl.obolibrary.org/obo/CHEBI_7443,14,"Health & Medicine, Alzheimer Disease Ontology"
"In the ontology of Alzheimer's Disease, which of the following definitions best describes 'gamma-secretase inhibitor'?","A. An enzyme inhibitor that inhibits the action of nitric oxide synthase, EC 1.14.13.39.

B. An enzyme inhibitor that inhibits the activity of gamma-secretase.

C. A role played by the molecular entity or part thereof within a chemical context.

D. An EC 3.1.1.* (carboxylic ester hydrolase) inhibitor that interferes with the action of enzyme acetylcholinesterase (EC 3.1.1.7), which helps breaking down of acetylcholine into choline and acetic acid.",B,1_1,gamma-secretase inhibitor,http://purl.obolibrary.org/obo/CHEBI_74925,9,"Health & Medicine, Alzheimer Disease Ontology"
"In the ontology of Alzheimer's Disease, which of the following definitions best describes 'neostigmine'?","A. The conjugate base of 3-mercaptopyruvic acid.

B. A quaternary ammonium ion comprising an anilinium ion core having three methyl substituents on the aniline nitrogen, and a 3-[(dimethylcarbamoyl)oxy] substituent at position 3. It is a parasympathomimetic which acts as a reversible acetylcholinesterase inhibitor.

C. An N-acyl-L-alpha-amino acid anion obtained by deprotonation of any folic acid.

D. A molecular entity having a net electric charge.",B,1_1,neostigmine,http://purl.obolibrary.org/obo/CHEBI_7514,8,"Health & Medicine, Alzheimer Disease Ontology"
"In the ontology of Alzheimer's Disease, which of the following definitions best describes 'nimodipine'?","A. The reduced form of NADP+; used in anabolic reactions, such as lipid and nucleic acid synthesis, which require NADPH as a reducing agent.

B. An alpha-amino acid ester that is the ethyl ester of N-{(2S)-1-[(2S,3aS,7aS)-2-carboxyoctahydro-1H-indol-1-yl]-1-oxopropan-2-yl}-L-norvaline

C. Any organic molecule that consists of atoms connected in the form of a ring.

D. A dihydropyridine that is 1,4-dihydropyridine which is substituted by methyl groups at positions 2 and 6, a (2-methoxyethoxy)carbonyl group at position 3, a m-nitrophenyl group at position 4, and an isopropoxycarbonyl group at position 5. An L-type calcium channel blocker, it acts particularly on cerebral circulation, and is used both orally and intravenously for the prevention and treatment of subarachnoid hemorrhage from ruptured intracranial aneurysm.",D,1_1,nimodipine,http://purl.obolibrary.org/obo/CHEBI_7575,16,"Health & Medicine, Alzheimer Disease Ontology"
"In the ontology of Alzheimer's Disease, which of the following definitions best describes 'aromatic ketone'?","A. A compound in which a carbonyl group is bonded to two carbon atoms: R2C=O (neither R may be H).

B. A ketone in which the carbonyl group is attached to an aromatic ring.

C. A beta-diketone that is methane in which two of the hydrogens are substituted by feruloyl groups. A natural dyestuff found in the root of Curcuma longa.

D. A monocarboxylic acid that is (1-methylpyrrol-2-yl)acetic acid substituted at position 5 on the pyrrole ring by a 4-methylbenzoyl group. Used in the form of its sodium salt dihydrate as a nonselective nonsteroidal anti-inflammatory drug.",B,1_1,aromatic ketone,http://purl.obolibrary.org/obo/CHEBI_76224,14,"Health & Medicine, Alzheimer Disease Ontology"
"In the ontology of Alzheimer's Disease, which of the following definitions best describes 'nortriptyline'?","A. A racemate comprising equimolar amounts of (R)-citalopram and its enantiomer, escitalopram. It is used as an antidepressant, although only escitalopram is active.

B. An organic tricyclic compound that is 10,11-dihydro-5H-dibenzo[a,d][7]annulene substituted by a 3-(methylamino)propylidene group at position 5. It is an active metabolite of amitriptyline.

C. An N-arylpiperazine in which one nitrogen is substituted by a 3-chlorophenyl group, while the other is substituted by a 3-(3-oxo[1,2,4]triazolo[4,3-a]pyridin-2(3H)-yl)propyl group.

D. Antidepressants are mood-stimulating drugs used primarily in the treatment of affective disorders and related conditions.",B,1_1,nortriptyline,http://purl.obolibrary.org/obo/CHEBI_7640,11,"Health & Medicine, Alzheimer Disease Ontology"
"In the ontology of Alzheimer's Disease, which of the following definitions best describes 'oxaprozin'?","A. A compound containing at least one carbon-halogen bond (where X is a halogen atom).

B. A monocarboxylic acid that is a propionic acid derivative having a 4,5-diphenyl-1,3-oxazol-2-yl substituent at position 3. It is non-steroidal anti-inflammatory drug commonly used to relieve the pain and inflammatory responses associated with osteoarthritis and rheumatoid arthritis.

C. 'Lipids' is a loosely defined term for substances of biological origin that are soluble in nonpolar solvents. They consist of saponifiable lipids, such as glycerides (fats and oils) and phospholipids, as well as nonsaponifiable lipids, principally steroids.

D. An organophosphorus compound is formally a compound containing at least one carbon-phosphorus bond, but the term is often extended to include esters and thioesters.",B,1_1,oxaprozin,http://purl.obolibrary.org/obo/CHEBI_7822,11,"Health & Medicine, Alzheimer Disease Ontology"
"In the ontology of Alzheimer's Disease, which of the following definitions best describes '2,3-epoxysqualene'?","A. A member of the class of thiazolidenediones that is 1,3-thiazolidine-2,4-dione substituted by a benzyl group at position 5 which in turn is substituted by a 2-(5-ethylpyridin-2-yl)ethoxy group at position 4 of the phenyl ring. It exhibits hypoglycemic activity.

B. A squalene triterpenoid obtained by formal epoxidation across the 2,3 C=C bond of squalene.

C. A retinoid consisting of 3,7-dimethylnona-2,4,6,8-tetraenoic acid substituted at position 9 by a 2,6,6-trimethylcyclohex-1-en-1-yl group (geometry of the four exocyclic double bonds is not specified).

D. A tertiary amino compound that is N,N-dimethylethanamine substituted at position 1 by a 1-hydroxycyclohexyl and 4-methoxyphenyl group.",B,1_1,"2,3-epoxysqualene",http://purl.obolibrary.org/obo/CHEBI_78662,14,"Health & Medicine, Alzheimer Disease Ontology"
"In the ontology of Alzheimer's Disease, which of the following definitions best describes 'paroxetine'?","A. A benzodioxole that consists of piperidine bearing 1,3-benzodioxol-5-yloxy)methyl and 4-fluorophenyl substituents at positions 3 and 4 respectively; the (3S,4R)-diastereomer. Highly potent and selective 5-HT uptake inhibitor that binds with high affinity to the serotonin transporter (Ki = 0.05 nM). Ki values are 1.1, 350 and 1100 nM for inhibition of [3H]-5-HT, [3H]-l-NA and [3H]-DA uptake respectively. Displays minimal affinity for alpha1-, alpha2- or beta-adrenoceptors, 5-HT2A, 5-HT1A, D2 or H1 receptors at concentrations below 1000 nM, however displays weak affinity for muscarinic ACh receptors (Ki = 42 nM). Antidepressant and anxiolytic in vivo.

B. A racemate comprising equimolar amounts of (R)- and (S)-fluoxetine. A selective serotonin reuptake inhibitor (SSRI), it is used (generally as the hydrochloride salt) for the treatment of depression (and the depressive phase of bipolar disorder), bullimia nervosa, and obsessive-compulsive disorder.

C. An N-arylpiperazine in which one nitrogen is substituted by a 3-chlorophenyl group, while the other is substituted by a 3-(3-oxo[1,2,4]triazolo[4,3-a]pyridin-2(3H)-yl)propyl group.

D. Antidepressants are mood-stimulating drugs used primarily in the treatment of affective disorders and related conditions.",A,1_1,paroxetine,http://purl.obolibrary.org/obo/CHEBI_7936,11,"Health & Medicine, Alzheimer Disease Ontology"
"In the ontology of Alzheimer's Disease, which of the following definitions best describes 'paliperidone'?","A. A racemate comprising equimolar amounts of (R)-(+)- and (S)-(-)-5-benzoyl-2,3-dihydro-1H-pyrrolizine-1-carboxylic acid. While only the (S)-(-) enantiomer is a COX1 and COX2 inhibitor, the (R)-(+) enantiomer exhibits potent analgesic activity. A non-steroidal anti-inflammatory drug, ketorolac is mainly used (generally as the tromethamine salt) for its potent analgesic properties in the short-term management of post-operative pain, and in eye drops to relieve the ocular itching associated with seasonal allergic conjunctivitis. It was withdrawn from the market in many countries in 1993 following association with haemorrhage and renal failure.

B. A racemate comprising equal amounts of (1R,2S)- and (1S,2R)-2-phenylcyclopropan-1-amine. An irreversible monoamine oxidase inhibitor that is used as an antidepressant (INN tranylcypromine).

C. A racemate comprising equimolar amounts of (R)- and (S)-paliperidone. Paliperidone is the primary active metabolite of the older antipsychotic risperidone and is used for treatment of schizophrenia.

D. A racemate comprising equimolar amounts of (3R,5S)- and (3S,5R)-fluvastatin. An HMG-CoA reductase inhibitor, it is used (often as the corresponding sodium salt) to reduce triglycerides and LDL-cholesterol, and increase HDL-chloesterol, in the treatment of hyperlipidaemia.",C,1_1,paliperidone,http://purl.obolibrary.org/obo/CHEBI_82978,10,"Health & Medicine, Alzheimer Disease Ontology"
"In the ontology of Alzheimer's Disease, which of the following definitions best describes 'non-proteinogenic amino acid'?","A. A 3-oxoacyl-CoA that results from the formal condensation of the thiol group of coenzyme A with the carboxy group of acetoacetic acid.

B. The parent compound of the citrulline class consisting of ornithine having a carbamoyl group at the N(5)-position.

C. A sulfone that is diphenylsulfone in which the hydrogen atom at the 4 position of each of the phenyl groups is substituted by an amino group. It is active against a wide range of bacteria, but is mainly employed for its actions against Mycobacterium leprae, being used as part of multidrug regimens in the treatment of all forms of leprosy.

D. Any amino-acid that is not naturally encoded in the genetic code of any organism.",D,1_1,non-proteinogenic amino acid,http://purl.obolibrary.org/obo/CHEBI_83820,14,"Health & Medicine, Alzheimer Disease Ontology"
"In the ontology of Alzheimer's Disease, which of the following definitions best describes 'prochlorperazine'?","A. A member of the class of phenothiazines that is 10H-phenothiazine having a chloro substituent at the 2-position and a 3-(4-methylpiperazin-1-yl)propyl group at the N-10 position.

B. A member of the class of tetralins that is tetralin which is substituted at positions 1 and 4 by a methylamino and a 3,4-dichlorophenyl group, respectively (the S,S diastereoisomer). A selective serotonin-reuptake inhibitor (SSRI), it is administered orally as the hydrochloride salt as an antidepressant for the treatment of depression, obsessive-compulsive disorder, panic disorder and post-traumatic stress disorder.

C. A member of the class of acetamides that is acetamide in which one of the hydrogens attached to the nitrogen atom is replaced by a 2-(5-methoxy-1H-indol-3-yl)ethyl group. It is a hormone secreted by the pineal gland in humans.

D. A phenothiazine derivative having a methylsulfanyl subsitituent at the 2-position and a (1-methylpiperidin-2-yl)ethyl] group at the N-10 position.",A,1_1,prochlorperazine,http://purl.obolibrary.org/obo/CHEBI_8435,14,"Health & Medicine, Alzheimer Disease Ontology"
"In the ontology of Alzheimer's Disease, which of the following definitions best describes 'promazine'?","A. A dicarboxylic acid monoester that is ethyl 4-phenylbutanoate in which a hydrogen alpha to the carboxy group is substituted by the amino group of L-alanyl-L-proline (S-configuration).

B. A phenothiazine derivative having a methylsulfanyl subsitituent at the 2-position and a (1-methylpiperidin-2-yl)ethyl] group at the N-10 position.

C. A phenothiazine deriative in which the phenothiazine tricycle has a 3-(dimethylaminopropyl) group at the N-10 position.

D. An omega-carboxyacyl-CoA having succinoyl as the S-acyl component.",C,1_1,promazine,http://purl.obolibrary.org/obo/CHEBI_8459,14,"Health & Medicine, Alzheimer Disease Ontology"
"In the ontology of Alzheimer's Disease, which of the following definitions best describes '3-nitrotyrosine'?","A. A primary amino compound that is the 5-hydroxy derivative of tryptamine.

B. A nitrotyrosine comprising tyrosine having a nitro group at the 3-position on the phenyl ring.

C. A pyridazinodiazepine resulting from the formal condensation of the carboxy group of cilazaprilat with ethanol. It is a drug used in the treatment of hypertension and heart failure.

D. Prostaglandin F2alpha in which the hydroxy group at position 9 has been oxidised to the corresponding ketone. Prostaglandin E2 is the most common and most biologically potent of mammalian prostaglandins.",B,1_1,3-nitrotyrosine,http://purl.obolibrary.org/obo/CHEBI_86269,14,"Health & Medicine, Alzheimer Disease Ontology"
"In the ontology of Alzheimer's Disease, which of the following definitions best describes 'ramipril'?","A. A member of the class of acetamides that is acetamide in which one of the hydrogens attached to the nitrogen atom is replaced by a 2-(5-methoxy-1H-indol-3-yl)ethyl group. It is a hormone secreted by the pineal gland in humans.

B. A compound having the structure RC#N; thus a C-substituted derivative of hydrocyanic acid, HC#N. In systematic nomenclature, the suffix nitrile denotes the triply bound #N atom, not the carbon atom attached to it.

C. A substituted phenothiazine in which the ring nitrogen at position 10 is attached to C-3 of an N,N-dimethylpropanamine moiety.

D. A dipeptide that is the prodrug for ramiprilat, the active metabolite obtained by hydrolysis of the ethyl ester group. An angiotensin-converting enzyme (ACE) inhibitor, used to treat high blood pressure and congestive heart failure.",D,1_1,ramipril,http://purl.obolibrary.org/obo/CHEBI_8774,14,"Health & Medicine, Alzheimer Disease Ontology"
"In the ontology of Alzheimer's Disease, which of the following definitions best describes 'fructose 6-phosphate'?","A. Any p-block molecular entity containing a chalcogen.

B. A phospholipid that is a component of the plasma membrane with signal transduction inducing activity. Phosphatidylinositol 4,5-bisphosphate (PIP2) is an intermediate that can be converted into either the second messenger signaling molecules, inositol 1,4,5-trisphosphate (IP3) and diacylglycerol (DAG), or phosphatidylinositol (3,4,5)-trisphosphate (PtdIns(3,4,5)P3; PIP3). Both PIP2 and PIP3 can act as docking phospholipids, which recruit signaling proteins to the plasma membrane and promotes the activation of several signaling cascades.

C. A sulfur-containing amino acid that is propanoic acid with an amino group at position 2 and a sulfanyl group at position 3.

D. A ketohexose monophosphate consisting of fructose having a phosphate group located at the 6-position.",D,1_1,fructose 6-phosphate,http://purl.obolibrary.org/obo/CHEBI_88003,14,"Health & Medicine, Alzheimer Disease Ontology"
"In the ontology of Alzheimer's Disease, which of the following definitions best describes 'rofecoxib'?","A. A mixture of hydrogenated ergot alkaloids consisting of the methanesulfonic acid salts of dihydroergocornine (R = CHMe2), dihydroergocristine (R = CH2Ph), and alpha- and beta-dihydroergocryptine (R = CH2CHMe2 and CH(Me)Et, respectively). It is used for the symptomatic treatment of mild to moderate dementia in the elderly, although its value is not established.

B. An aminosulfinic acid comprising ethylamine having the sulfo group at the 2-position.

C. A butenolide that is furan-2(5H)-one substituted by a phenyl group at position 3 and by a p-(methylsulfonyl)phenyl group at position 4. A selective cyclooxygenase 2 inhibitor, it was used from 1999 to 2004 for the treatment of ostoarthritis, but was withdrawn following concerns about an associated increased risk of heart attack and stroke.

D. A member of the class of pyrazoles that is 1H-pyrazole which is substituted at positions 1, 3 and 5 by 4-sulfamoylphenyl, trifluoromethyl and p-tolyl groups, respectively. A cyclooxygenase-2 inhibitor, it is used in the treatment of arthritis.",C,1_1,rofecoxib,http://purl.obolibrary.org/obo/CHEBI_8887,15,"Health & Medicine, Alzheimer Disease Ontology"
"In the ontology of Alzheimer's Disease, which of the following definitions best describes 'sertraline'?","A. A substituted phenothiazine in which the ring nitrogen at position 10 is attached to C-3 of an N,N-dimethylpropanamine moiety.

B. A catecholamine in which C-1 of the aminoethyl side-chain is hydroxy-substituted.

C. A member of the class of tetralins that is tetralin which is substituted at positions 1 and 4 by a methylamino and a 3,4-dichlorophenyl group, respectively (the S,S diastereoisomer). A selective serotonin-reuptake inhibitor (SSRI), it is administered orally as the hydrochloride salt as an antidepressant for the treatment of depression, obsessive-compulsive disorder, panic disorder and post-traumatic stress disorder.

D. The parent compound of the citrulline class consisting of ornithine having a carbamoyl group at the N(5)-position.",C,1_1,sertraline,http://purl.obolibrary.org/obo/CHEBI_9123,14,"Health & Medicine, Alzheimer Disease Ontology"
"In the ontology of Alzheimer's Disease, which of the following definitions best describes 'simvastatin'?","A. A nitrotyrosine comprising tyrosine having a nitro group at the 3-position on the phenyl ring.

B. A member of the class of hexahydronaphthalenes that is lovastatin in which the 2-methylbutyrate ester moiety has been replaced by a 2,2-dimethylbutyrate ester group. It is used as a cholesterol-lowering and anti-cardiovascular disease drug.

C. A pyridazinodiazepine resulting from the formal condensation of the carboxy group of cilazaprilat with ethanol. It is a drug used in the treatment of hypertension and heart failure.

D. A dihydropyridine that is 1,4-dihydropyridine which is substituted by methyl groups at positions 2 and 6, a (2-methoxyethoxy)carbonyl group at position 3, a m-nitrophenyl group at position 4, and an isopropoxycarbonyl group at position 5. An L-type calcium channel blocker, it acts particularly on cerebral circulation, and is used both orally and intravenously for the prevention and treatment of subarachnoid hemorrhage from ruptured intracranial aneurysm.",B,1_1,simvastatin,http://purl.obolibrary.org/obo/CHEBI_9150,13,"Health & Medicine, Alzheimer Disease Ontology"
"In the ontology of Alzheimer's Disease, which of the following definitions best describes 'suprofen'?","A. An organofluorine compound that is haloperidol in which the hydroxy group has been eliminated with the introduction of a double bond in the piperidine ring, and the 4-chlorophenyl group has been replaced by a benzimidazol-2-on-1-yl group. It is used in the management of chemotherapy-induced nausea and vomiting, and in conjunction with an opioid analgesic such as fentanyl to maintain the patient in a calm state of neuroleptanalgesia with indifference to surroundings but still able to cooperate with the surgeon.

B. An aromatic ketone that is thiophene substituted at C-2 by a 4-(1-carboxyethyl)benzoyl group.

C. A monocarboxylic acid that is (1-methylpyrrol-2-yl)acetic acid substituted at position 5 on the pyrrole ring by a 4-methylbenzoyl group. Used in the form of its sodium salt dihydrate as a nonselective nonsteroidal anti-inflammatory drug.

D. A member of the class of 1,4-benzoquinones which is substituted by methoxy groups at positions 2 and 3, by a methyl group at positions 5, and by a 10-hydroxydecyl group at positions 6. Initially developed for the treatment of Alzheimer's disease, benefits were modest; it was subsequently found to be of benefit for the symptomatic treatment of Friedreich's ataxia.",B,1_1,suprofen,http://purl.obolibrary.org/obo/CHEBI_9362,14,"Health & Medicine, Alzheimer Disease Ontology"
"In the ontology of Alzheimer's Disease, which of the following definitions best describes 'thioridazine'?","A. A member of the class of phenothiazines that is 10H-phenothiazine substituted by a 3-[4-(2-hydroxyethyl)piperazin-1-yl]propyl group at the nitogen atom and an acetyl group at position 2.

B. A member of the class of phenothiazines that is 10H-phenothiazine having a chloro substituent at the 2-position and a 3-(4-methylpiperazin-1-yl)propyl group at the N-10 position.

C. A phenothiazine derivative in which the phenothiazine tricycle carries a chloro substituent at the 2-position and a 3-[4-(2-hydroxyethyl)piperazin-1-yl]propyl group at N-10.

D. A phenothiazine derivative having a methylsulfanyl subsitituent at the 2-position and a (1-methylpiperidin-2-yl)ethyl] group at the N-10 position.",D,1_1,thioridazine,http://purl.obolibrary.org/obo/CHEBI_9566,12,"Health & Medicine, Alzheimer Disease Ontology"
"In the ontology of Alzheimer's Disease, which of the following definitions best describes 'trandolapril'?","A. A carboxylic ester resulting from the formal condensation of (S)-2-methylbutyric acid with the hydroxy group adjacent to the ring junction of (3R,5R)-7-[(1S,2S,6S,8S,8aR)-6,8-dihydroxy-2-methyl-1,2,6,7,8,8a-hexahydronaphthalen-1-yl]-3,5-dihydroxyheptanoic acid. Derived from microbial transformation of mevastatin, pravastatin is a reversible inhibitor of 3-hydroxy-3-methylglutaryl-coenzyme A (HMG-CoA). The sodium salt is used for lowering cholesterol and preventing cardiovascular disease. It is one of the lower potency statins, but has the advantage of fewer side effects compared with lovastatin and simvastatin.

B. Any amino-acid that is not naturally encoded in the genetic code of any organism.

C. A heterobicylic compound that is (2S,3aR,7aS)-1-[(2S)-2-aminopropanoyl]octahydro-1H-indole-2-carboxylic acid in which the hydrogen of the amino group is substituted by a (2R)-1-ethoxy-1-oxo-4-phenylbutan-2-yl group. It is a angiotensin-converting enzyme inhibitor and a prodrug used for the treatment of hypertension.

D. A sulfur-containing amino acid that is propanoic acid with an amino group at position 2 and a sulfanyl group at position 3.",C,1_1,trandolapril,http://purl.obolibrary.org/obo/CHEBI_9649,14,"Health & Medicine, Alzheimer Disease Ontology"
"In the ontology of Alzheimer's Disease, which of the following definitions best describes 'trazodone'?","A. A racemate comprising equimolar amounts of (R)- and (S)-fluoxetine. A selective serotonin reuptake inhibitor (SSRI), it is used (generally as the hydrochloride salt) for the treatment of depression (and the depressive phase of bipolar disorder), bullimia nervosa, and obsessive-compulsive disorder.

B. A racemate comprising equimolar amounts of (R)-citalopram and its enantiomer, escitalopram. It is used as an antidepressant, although only escitalopram is active.

C. An organic tricyclic compound that is 10,11-dihydro-5H-dibenzo[a,d][7]annulene substituted by a 3-(methylamino)propylidene group at position 5. It is an active metabolite of amitriptyline.

D. An N-arylpiperazine in which one nitrogen is substituted by a 3-chlorophenyl group, while the other is substituted by a 3-(3-oxo[1,2,4]triazolo[4,3-a]pyridin-2(3H)-yl)propyl group.",D,1_1,trazodone,http://purl.obolibrary.org/obo/CHEBI_9654,11,"Health & Medicine, Alzheimer Disease Ontology"
"In the ontology of Alzheimer's Disease, which of the following definitions best describes 'trimipramine'?","A. A member of the class of tetralins that is tetralin which is substituted at positions 1 and 4 by a methylamino and a 3,4-dichlorophenyl group, respectively (the S,S diastereoisomer). A selective serotonin-reuptake inhibitor (SSRI), it is administered orally as the hydrochloride salt as an antidepressant for the treatment of depression, obsessive-compulsive disorder, panic disorder and post-traumatic stress disorder.

B. A benzothiazine that is piroxicam in which the pyridin-2-yl group is replaced by a 5-methyl-1,3-thiazol-2-yl group. A non-steroidal anti-inflammatory drug and selective inhibitor of COX-2, it is used particularly for the management of rheumatoid arthritis.

C. A dibenzoazepine that is 10,11-dihydro-5H-dibenzo[b,f]azepine substituted by a 3-(dimethylamino)-2-methylpropyl group at the nitrogen atom. It is used as an antidepressant.

D. A sulfur-containing amino acid consisting of a glycine core with a 2-mercaptoethyl side-chain.",C,1_1,trimipramine,http://purl.obolibrary.org/obo/CHEBI_9738,14,"Health & Medicine, Alzheimer Disease Ontology"
"In the ontology of Alzheimer's Disease, which of the following definitions best describes 'venlafaxine'?","A. 4-(2-Aminoethyl)pyrocatechol [4-(2-aminoethyl)benzene-1,2-diol] and derivatives formed by substitution.

B. An amino acid that is phenylacetic acid which is substituted at position 2 by the nitrogen of 2-chloro-6-fluoroaniline and at position 5 by a methyl group. A highly selective cyclooxygenase 2 inhibitor, it was briefly used for the treatment of osteoarthritis, but was withdrawn due to concersns of hepatotoxicity.

C. A bioactive polypeptide of 39 amino acid residues isolated from the saliva of the Gila monster (Heloderma suspectum). High-affinity glucagon-like peptide 1 (GLP-1) receptor agonist (Kd = 136 pM); potently induces cAMP formation without stimulating amylase release in pancreatic acini; potentiates glucose-induced insulin secretion in isolated rat islets; protects against glutamate-induced neurotoxicity. A synthetic version is called exenatide.

D. A tertiary amino compound that is N,N-dimethylethanamine substituted at position 1 by a 1-hydroxycyclohexyl and 4-methoxyphenyl group.",D,1_1,venlafaxine,http://purl.obolibrary.org/obo/CHEBI_9943,14,"Health & Medicine, Alzheimer Disease Ontology"
"In the ontology of Alzheimer's Disease, which of the following definitions best describes 'leukocyte'?","A. An achromatic cell of the myeloid or lymphoid lineages capable of ameboid movement, found in blood or other tissue.

B. A cell that is part of the nervous system.

C. A lymphocyte is a leukocyte commonly found in the blood and lymph that has the characteristics of a large nucleus, a neutral staining cytoplasm, and prominent heterochromatin.

D. A leukocyte with abundant granules in the cytoplasm.",A,1_1,leukocyte,http://purl.obolibrary.org/obo/CL_0000738,11,"Health & Medicine, Alzheimer Disease Ontology"
"In the ontology of Alzheimer's Disease, which of the following definitions best describes 'central nervous system neuron'?","A. A neuron that releases serotonin as a neurotransmitter.

B. Any neuron that is part of a central nervous system.

C. A neuron that uses GABA as a vesicular neurotransmitter

D. The output neuron of the cerebellar cortex.",B,1_1,central nervous system neuron,http://purl.obolibrary.org/obo/CL_2000029,13,"Health & Medicine, Alzheimer Disease Ontology"
"In the ontology of Alzheimer's Disease, which of the following definitions best describes 'glial cell'?","A. A non-neuronal cell of the nervous system. They not only provide physical support, but also respond to injury, regulate the ionic and chemical composition of the extracellular milieu. Guide neuronal migration during development, and exchange metabolites with neurons.

B. A class of large neuroglial (macroglial) cells in the central nervous system - the largest and most numerous neuroglial cells in the brain and spinal cord. Astrocytes (from 'star' cells) are irregularly shaped with many long processes, including those with 'end feet' which form the glial (limiting) membrane and directly and indirectly contribute to the blood-brain barrier. They regulate the extracellular ionic and chemical environment, and 'reactive astrocytes' (along with microglia) respond to injury.

C. A class of large neuroglial (macroglial) cells in the central nervous system. Form the insulating myelin sheath of axons in the central nervous system.

D. A central nervous system macrophage found in the parenchyma of the central nervous system. Marker include CD11b-positive, F4/80-positive, and CD68-positive.",A,1_1,glial cell,http://purl.obolibrary.org/obo/CL_0000125,12,"Health & Medicine, Alzheimer Disease Ontology"
"In the ontology of Alzheimer's Disease, which of the following definitions best describes 'monocyte'?","A. A mononuclear phagocyte present in variety of tissues, typically differentiated from monocytes, capable of phagocytosing a variety of extracellular particulate material, including immune complexes, microorganisms, and dead cells.

B. A leukocyte with abundant granules in the cytoplasm.

C. A white blood cell that lacks cytoplasmic granules with an affinity for specific biological stains; typically, a lymphocyte, monocyte, or plasma cell.

D. Myeloid mononuclear recirculating leukocyte that can act as a precursor of tissue macrophages, osteoclasts and some populations of tissue dendritic cells.",D,1_1,monocyte,http://purl.obolibrary.org/obo/CL_0000576,12,"Health & Medicine, Alzheimer Disease Ontology"
"In the ontology of Alzheimer's Disease, which of the following definitions best describes 'pyramidal neuron'?","A. An organic tricyclic compound that is 10,11-dihydro-5H-dibenzo[a,d][7]annulene substituted by a 3-(methylamino)propylidene group at position 5. It is an active metabolite of amitriptyline.

B. Pyramidal neurons have a pyramid-shaped soma with the apex and an apical dendrite pointed toward the pial surface and other dendrites and an axon emerging from the base. The axons may have local collaterals but also project outside their region. Pyramidal neurons are found in the cerebral cortex, the hippocampus, and the amygdala.

C. A diabetes mellitus that is characterized by high blood sugar, insulin resistance, and relative lack of insulin.

D. A neuron of the hippocampus.",B,1_1,pyramidal neuron,http://purl.obolibrary.org/obo/CL_0000598,14,"Health & Medicine, Alzheimer Disease Ontology"
"In the ontology of Alzheimer's Disease, which of the following definitions best describes 'dopaminergic neuron'?","A. A neuron that uses GABA as a vesicular neurotransmitter

B. The basic cellular unit of nervous tissue. Each neuron consists of a body, an axon, and dendrites. Their purpose is to receive, conduct, and transmit impulses in the nervous system.

C. A neuron that releases dopamine as a neurotransmitter.

D. Any neuron that is part of a central nervous system.",C,1_1,dopaminergic neuron,http://purl.obolibrary.org/obo/CL_0000700,13,"Health & Medicine, Alzheimer Disease Ontology"
"In the ontology of Alzheimer's Disease, which of the following definitions best describes 'basophil'?","A. Any of the immature or mature forms of a granular leukocyte with a nucleus that usually has two lobes connected by one or more slender threads of chromatin, and cytoplasm containing coarse, round granules that are uniform in size and which can be stained by the dye eosin. Eosinophils are CD9-positive, CD191-positive, and CD193-positive.

B. A leukocyte with abundant granules in the cytoplasm.

C. Any of the immature or mature forms of a granular leukocyte that in its mature form has a nucleus with three to five lobes connected by slender threads of chromatin, and cytoplasm containing fine inconspicuous granules and stainable by neutral dyes.

D. Any of the immature or mature forms of a granular leukocyte that in its mature form has an irregularly shaped, pale-staining nucleus that is partially constricted into two lobes, and with cytoplasm that contains coarse, bluish-black granules of variable size. Basophils contain vasoactive amines such as histamine and serotonin, which are released on appropriate stimulation. A basophil is CD123-positive, CD193-positive, CD203c-positive, and FceRIa-positive.",D,1_1,basophil,http://purl.obolibrary.org/obo/CL_0000767,13,"Health & Medicine, Alzheimer Disease Ontology"
"In the ontology of Alzheimer's Disease, which of the following definitions best describes 'hippocampal neuron'?","A. An endophenotype (also known as intermediate phenotype) is a quantitative biological trait that is reliable in reflecting the function of a discrete biological system and is reasonably heritable, and as such is more closely related to the root cause of the disease than the broad clinical phenotype.

B. A cognitive measurement that is the output (score) from the Montreal Cognitive Assessment Test (MoCA) for Dementia

C. A neuron of the hippocampus.

D. Pyramidal neurons have a pyramid-shaped soma with the apex and an apical dendrite pointed toward the pial surface and other dendrites and an axon emerging from the base. The axons may have local collaterals but also project outside their region. Pyramidal neurons are found in the cerebral cortex, the hippocampus, and the amygdala.",C,1_1,hippocampal neuron,http://purl.obolibrary.org/obo/CL_0002608,14,"Health & Medicine, Alzheimer Disease Ontology"
"In the ontology of Alzheimer's Disease, which of the following definitions best describes 'medium spiny neuron'?","A. The inhibitory projection neurons located in the striatum that integrate glutamatergic signals arising from the cerebral cortex and thalamus.

B. The output neuron of the cerebellar cortex.

C. Any neuron that is part of a central nervous system.

D. The division of the forebrain that develops from the foremost primary cerebral vesicle.",A,1_1,medium spiny neuron,http://purl.obolibrary.org/obo/CL_1001474,14,"Health & Medicine, Alzheimer Disease Ontology"
"In the ontology of Alzheimer's Disease, which of the following definitions best describes 'clinical trial phase 2'?","A. A clinical trial phase that is designed to study a biomedical or behavioral intervention in a larger group of people (several hundred), to evaluate the drug's effectiveness for a particular indication in patients with the disease or condition under study, and to determine the common short-term side effects and risks associated with the intervention. [def-source: NCI]

B. A clinical trial phase that is designed for a randomized, controlled trial to evaluate the long-term safety and efficacy of a drug for a given indication. Often they are designed to study side effects that may have become apparent after the phase III study was completed. [def-source: NCI]

C. A clinical trial phase that is designed to investigate the efficacy of the biomedical or behavioral intervention in large groups of human subjects (from several hundred to several thousand), to confirm efficacy, to monitor adverse reactions to the new medication or treatment regimen with respect to long-term use and by comparing the intervention to other standard or experimental interventions as well as to a placebo. [def-source: NCI]

D. A clinical trial phase that represents the first-in-man trial, which tests within a small group of people (typically 20-80) to evaluate safety, determine safe dosage ranges, and begin to identify side effects. A drug's side effects could be subtle or long term, or may only happen with a few people, so phase 1 trials are not expected to identify all side effects.",A,1_1,clinical trial phase 2,http://purl.obolibrary.org/obo/CTO_0000204,6,"Health & Medicine, Alzheimer Disease Ontology"
"In the ontology of Alzheimer's Disease, which of the following definitions best describes 'clinical trial phase 3'?","A. A clinical trial phase that is designed for a randomized, controlled trial to evaluate the long-term safety and efficacy of a drug for a given indication. Often they are designed to study side effects that may have become apparent after the phase III study was completed. [def-source: NCI]

B. A clinical trial phase that is designed to study a biomedical or behavioral intervention in a larger group of people (several hundred), to evaluate the drug's effectiveness for a particular indication in patients with the disease or condition under study, and to determine the common short-term side effects and risks associated with the intervention. [def-source: NCI]

C. The quality of a clinical trial that studies a drug or biological product. The phase is based on the study's objective, the number of participants, and other characteristics. According to USA FDA, there are five phases: Early Phase 1 (formerly listed as Phase 0), Phase 1, Phase 2, Phase 3, and Phase 4.

D. A clinical trial phase that is designed to investigate the efficacy of the biomedical or behavioral intervention in large groups of human subjects (from several hundred to several thousand), to confirm efficacy, to monitor adverse reactions to the new medication or treatment regimen with respect to long-term use and by comparing the intervention to other standard or experimental interventions as well as to a placebo. [def-source: NCI]",D,1_1,clinical trial phase 3,http://purl.obolibrary.org/obo/CTO_0000205,6,"Health & Medicine, Alzheimer Disease Ontology"
"In the ontology of Alzheimer's Disease, which of the following definitions best describes 'disease of metabolism'?","A. A disease that is the consequence of the presence of pathogenic microbial agents, including pathogenic viruses, pathogenic bacteria, fungi, protozoa, multicellular parasites, and aberrant proteins known as prions.

B. A disease that involving errors in metabolic processes of building or degradation of molecules.

C. Any abnormality, anatomical or biochemical, evident at birth or during the neonatal period.

D. A disease characterized by a group of signs and symptoms that occur together and characterize a particular abnormality.",B,1_1,disease of metabolism,http://purl.obolibrary.org/obo/DOID_0014667,7,"Health & Medicine, Alzheimer Disease Ontology"
"In the ontology of Alzheimer's Disease, which of the following definitions best describes 'mild cognitive impairment'?","A. A cognitive disorder resulting from a loss of brain function affecting memory, thinking, language, judgement and behavior.

B. A cognitive disorder that involves abnormal thinking and perceptions resulting in a disconnection with reality.

C. Cognitive, emotional, and behavioral difficulties that often occur in conjunction with frontal lobe disorders, including traumatic injury and dementia. It is also a feature of attention deficit disorder and other non-trauma-induced conditions.

D. A cognitive disorder that is characterized by objective impairment in cognition with minimal impairment of their capacity to undertake the instrumental activities of daily living.",D,1_1,mild cognitive impairment,http://purl.obolibrary.org/obo/DOID_0080832,9,"Health & Medicine, Alzheimer Disease Ontology"
"In the ontology of Alzheimer's Disease, which of the following definitions best describes 'cognitive disorder'?","A. A disease of mental health that affects cognitive functions including memory processing, perception and problem solving.

B. A disease of mental health involving the abuse or dependence on a substance that is ingested in order to produce a high, alter one's senses, or otherwise affect functioning.

C. Cognitive, emotional, and behavioral difficulties that often occur in conjunction with frontal lobe disorders, including traumatic injury and dementia. It is also a feature of attention deficit disorder and other non-trauma-induced conditions.

D. A cognitive disorder that is characterized by objective impairment in cognition with minimal impairment of their capacity to undertake the instrumental activities of daily living.",A,1_1,cognitive disorder,http://purl.obolibrary.org/obo/DOID_1561,8,"Health & Medicine, Alzheimer Disease Ontology"
"In the ontology of Alzheimer's Disease, which of the following definitions best describes 'dementia'?","A. A disease of mental health that affects cognitive functions including memory processing, perception and problem solving.

B. A dementia characterized by progressive neuronal loss predominantly involving the frontal and/or temporal lobes of the brain resulting in a gradual and progressive decline in behavior or language.

C. A cognitive disorder resulting from a loss of brain function affecting memory, thinking, language, judgement and behavior.

D. A cognitive disorder that involves an excessive, irrational dread of everyday situations.",C,1_1,dementia,http://purl.obolibrary.org/obo/DOID_1307,9,"Health & Medicine, Alzheimer Disease Ontology"
"In the ontology of Alzheimer's Disease, which of the following definitions best describes 'Lewy body dementia'?","A. A dementia that is characterized by the development of abnormal proteinaceous (alpha-synuclein) cytoplasmic inclusions, called Lewy bodies, throughout the brain that results in progressive decline in mental abilities.

B. A cognitive disorder resulting from a loss of brain function affecting memory, thinking, language, judgement and behavior.

C. A tauopathy that is characterized by memory lapses, confusion, emotional instability and progressive loss of mental ability and results in progressive memory loss, impaired thinking, disorientation, and changes in personality and mood starting and leads in advanced cases to a profound decline in cognitive and physical functioning and is marked histologically by the degeneration of brain neurons especially in the cerebral cortex and by the presence of neurofibrillary tangles and plaques containing beta-amyloid.

D. A dementia that involves impairments in cognitive function caused by problems in blood vessels that feed the brain.",A,1_1,Lewy body dementia,http://purl.obolibrary.org/obo/DOID_12217,10,"Health & Medicine, Alzheimer Disease Ontology"
"In the ontology of Alzheimer's Disease, which of the following definitions best describes 'hypothyroidism'?","A. A broad grouping of diseases based on major body subdivisions.

B. A disease that is the consequence of the presence of pathogenic microbial agents, including pathogenic viruses, pathogenic bacteria, fungi, protozoa, multicellular parasites, and aberrant proteins known as prions.

C. A disease of anatomical entity which occurs in the blood, heart, blood vessels or the lymphatic system that passes nutrients (such as amino acids and electrolytes), gases, hormones, blood cells or lymph to and from cells in the body to help fight diseases and help stabilize body temperature and pH to maintain homeostasis.

D. A thyroid gland disease which involves an underproduction of thyroid hormone.",D,1_1,hypothyroidism,http://purl.obolibrary.org/obo/DOID_1459,7,"Health & Medicine, Alzheimer Disease Ontology"
"In the ontology of Alzheimer's Disease, which of the following definitions best describes 'personality disorder'?","A. A disease of mental health that involves the impairment in normal sexual functioning.

B. A disease of mental health that affects cognitive functions including memory processing, perception and problem solving.

C. A disease of mental health involving the abuse or dependence on a substance that is ingested in order to produce a high, alter one's senses, or otherwise affect functioning.

D. A disease of mental health that involve long-term patterns of thoughts and behaviors that cause serious problems with relationships and work.",D,1_1,personality disorder,http://purl.obolibrary.org/obo/DOID_1510,8,"Health & Medicine, Alzheimer Disease Ontology"
"In the ontology of Alzheimer's Disease, which of the following definitions best describes 'anxiety disorder'?","A. A cognitive disorder resulting from a loss of brain function affecting memory, thinking, language, judgement and behavior.

B. A cognitive disorder that involves an excessive, irrational dread of everyday situations.

C. A cognitive disorder that is characterized by objective impairment in cognition with minimal impairment of their capacity to undertake the instrumental activities of daily living.

D. A cognitive disorder that involves abnormal thinking and perceptions resulting in a disconnection with reality.",B,1_1,anxiety disorder,http://purl.obolibrary.org/obo/DOID_2030,9,"Health & Medicine, Alzheimer Disease Ontology"
"In the ontology of Alzheimer's Disease, which of the following definitions best describes 'vascular dementia'?","A. A cognitive disorder resulting from a loss of brain function affecting memory, thinking, language, judgement and behavior.

B. A tauopathy that is characterized by memory lapses, confusion, emotional instability and progressive loss of mental ability and results in progressive memory loss, impaired thinking, disorientation, and changes in personality and mood starting and leads in advanced cases to a profound decline in cognitive and physical functioning and is marked histologically by the degeneration of brain neurons especially in the cerebral cortex and by the presence of neurofibrillary tangles and plaques containing beta-amyloid.

C. A dementia that involves impairments in cognitive function caused by problems in blood vessels that feed the brain.

D. A dementia characterized by progressive neuronal loss predominantly involving the frontal and/or temporal lobes of the brain resulting in a gradual and progressive decline in behavior or language.",C,1_1,vascular dementia,http://purl.obolibrary.org/obo/DOID_8725,10,"Health & Medicine, Alzheimer Disease Ontology"
"In the ontology of Alzheimer's Disease, which of the following definitions best describes 'cerebral amyloid angiopathy'?","A. A diabetes mellitus that is characterized by high blood sugar, insulin resistance, and relative lack of insulin.

B. An overnutrition that is characterized by excess body fat, traditionally defined as an elevated ratio of weight to height (specifically 30 kilograms per meter squared), has_material_basis_in a multifactorial etiology related to excess nutrition intake, decreased caloric utilization, and genetic susceptibility, and possibly medications and certain disorders of metabolism, endocrine function, and mental illness.

C. A disease that involving errors in metabolic processes of building or degradation of molecules.

D. An amyloidosis where amyloid protein progressively deposits in cerebral blood vessel walls with subsequent degenerative vascular changes that usually result in spontaneous cerebral hemorrhage, ischemic lesions and progressive dementia.",D,1_1,cerebral amyloid angiopathy,http://purl.obolibrary.org/obo/DOID_9246,8,"Health & Medicine, Alzheimer Disease Ontology"
"In the ontology of Alzheimer's Disease, which of the following definitions best describes 'double blinded study'?","A. A clinical study that is designed using a procedure in which one or more parties to the study [subject(s), investigator(s), monitor, or/and data analyst(s)] are kept unaware of the treatment assignment(s).

B. An interventional study in which neither the subjects of the experiment nor the persons administering the experiment know the critical aspects of the experiment; a double-blind procedure is used to guard against both experimenter bias and placebo effects.

C. An omega-carboxyacyl-CoA having succinoyl as the S-acyl component.

D. An interventional study in which the person collecting the data knows whether the subjects are in the control or experimental groups but the subjects do not.",B,1_1,double blinded study,http://purl.obolibrary.org/obo/ERO_0000358,8,"Health & Medicine, Alzheimer Disease Ontology"
"In the ontology of Alzheimer's Disease, which of the following definitions best describes 'imaging technique'?","A. An image acquisition instrument that is designed for non-invasive in vivo use, to detect bioluminescence, which is based on the expression of luciferase, the light-emitting enzyme of the firefly Photinus pyralis. After the administration of the substrate luciferin, an ATP- and O2-dependent photochemical reaction occurs, resulting in the release of photons by living cells containing luciferase. This photon emission can be detected by a cooled charge-coupled device (CCD) camera, minutes after the administration of the substrate.

B. The visualization of physiological, cellular or molecular processes in living tissue in real time as they take place in cells, for example, blood flow, oxygen consumption or glucose metabolism. (Bypass Budget)

C. An imaging technique that utilizes positron emission tomography to produce a three-dimensional image of functional processes in the body. The system detects pairs of gamma rays emitted indirectly by a positron-emitting radionuclide (tracer), which is introduced into the body on the biologically active molecule (fludeoxyglucose) FDG. FDG is an analogue of glucose which when imaged will give tissue metabolic activity, in terms of regional glucose uptake.

D. A technique used to create a representation or reproduction of an object's outward form; especially a visual representation (i.e., the formation of an image).",D,1_1,imaging technique,http://purl.obolibrary.org/obo/ERO_0001312,6,"Health & Medicine, Alzheimer Disease Ontology"
"In the ontology of Alzheimer's Disease, which of the following definitions best describes 'cerebro-spinal tap'?","A. A technique used to collect cerebrospinal fluid (CSF) from an organism, which involves inserting a needle between the third and fourth lumbar vertebrae in the back and extracting a sample of fluid.

B. a planned process with the objective of obtaining specimen.

C. A technique is a planned process used to accomplish a specific activity or task.

D. An invasive procedure in which a hollow needle is introduced through an intervertebral space in the lower back to access the subarachnoid space in order to sample cerebrospinal fluid or to administer medication.",A,1_1,cerebro-spinal tap,http://purl.obolibrary.org/obo/ERO_0001071,8,"Health & Medicine, Alzheimer Disease Ontology"
"In the ontology of Alzheimer's Disease, which of the following definitions best describes 'organismal assay'?","A. An assay that generates data about the physical characteristics, physological functions, or behavior of organisms or viruses.

B. A planned process with the objective to produce information about some evaluant

C. A physiological assay that utilizes systematic administration of defined procedures to measure specific psychological functions known to be linked to particular brain structures or pathways in humans.

D. An assay that generates data about the presence, abundance, structure, function, or activity of biological molecules, or a process that occurs at a molecular level of granularity.",A,1_1,organismal assay,http://purl.obolibrary.org/obo/ERO_0001285,7,"Health & Medicine, Alzheimer Disease Ontology"
"In the ontology of Alzheimer's Disease, which of the following definitions best describes 'Personal Attribute'?","A. The party or parties involved in the clinical trial who are prevented from having knowledge of the interventions assigned to individual participants.

B. A case report is a detailed report of the symptoms, signs, diagnosis, treatment, and follow-up of an individual patient.

C. The distinguishing qualities or prominent aspects of an individual person.

D. A generically dependent continuant that is about some thing.",C,1_1,Personal Attribute,http://purl.obolibrary.org/obo/NCIT_C19332,5,"Health & Medicine, Alzheimer Disease Ontology"
"In the ontology of Alzheimer's Disease, which of the following definitions best describes 'Chinese'?","A. A person having origins in any of the original peoples of Japan.

B. A person having origins in any of the original peoples of China.

C. A person having origins in any of the original peoples of Samoa.

D. A person having origins in any of the original peoples of Vietnam.",B,1_1,Chinese,http://purl.obolibrary.org/obo/ExO_0000139,7,"Health & Medicine, Alzheimer Disease Ontology"
"In the ontology of Alzheimer's Disease, which of the following definitions best describes 'Dominican'?","A. A person having origins in the original peoples of the Indian sub-continent.

B. A person of Cuban, Mexican, Puerto Rican, South or Central American, or other Spanish culture or origin, regardless of race.

C. Denotes the inhabitants of the Dominican Republic, a person from there, or their descendants elsewhere.

D. A person of Central or South American culture or origin.",C,1_1,Dominican,http://purl.obolibrary.org/obo/ExO_0000142,7,"Health & Medicine, Alzheimer Disease Ontology"
"In the ontology of Alzheimer's Disease, which of the following definitions best describes 'Guamanian'?","A. A person having origins in any of the original peoples of Europe, the Middle East, or North Africa.

B. A person of non-specified racial, cultural, or geographic origins.

C. Denotes a person having origins in any indigenous people of Alaska and their descendants and who maintains tribal affiliation, or community or cultural attachment. The concept refers to population subgroups such as Eskimos, Aleuts, Inupiat, Yupik, Alutiiq, Egegik,and Pribilovian, Alaskan Athabascan, Tlingit, and Haida. The concept refers also to individuals who classify themselves as such.

D. Denotes inhabitants of Guam, an island in the North Pacific Ocean, about three-quarters of the way from Hawaii to the Philippines, south of the Northern Mariana Islands.",D,1_1,Guamanian,http://purl.obolibrary.org/obo/ExO_0000144,7,"Health & Medicine, Alzheimer Disease Ontology"
"In the ontology of Alzheimer's Disease, which of the following definitions best describes 'Mexican'?","A. Denotes a person from or of Mexico.

B. A person having origins in any of the original peoples of Europe, the Middle East, or North Africa.

C. A person of non-specified racial, cultural, or geographic origins.

D. Denotes a person having origins in any indigenous people of Alaska and their descendants and who maintains tribal affiliation, or community or cultural attachment. The concept refers to population subgroups such as Eskimos, Aleuts, Inupiat, Yupik, Alutiiq, Egegik,and Pribilovian, Alaskan Athabascan, Tlingit, and Haida. The concept refers also to individuals who classify themselves as such.",A,1_1,Mexican,http://purl.obolibrary.org/obo/ExO_0000150,7,"Health & Medicine, Alzheimer Disease Ontology"
"In the ontology of Alzheimer's Disease, which of the following definitions best describes 'Mexican-American'?","A. Denotes a person from or of Mexico.

B. Denotes an american citizen of Mexican descent.

C. A person having origins in the original peoples of the Pacific Islands, but not Guam, Hawaii, the Mariana Islands or Samoa.

D. A person having origins in any of the original peoples of the Far East, Southeast Asia, or the Indian subcontinent, including for example, Cambodia, China, India, Japan, Korea, Malaysia, Pakistan, the Philippine Islands, Thailand, and Vietnam.",B,1_1,Mexican-American,http://purl.obolibrary.org/obo/ExO_0000151,7,"Health & Medicine, Alzheimer Disease Ontology"
"In the ontology of Alzheimer's Disease, which of the following definitions best describes 'Pacific Islander'?","A. Denotes a person from or of Cuba or an American citizen of Cuban descent.

B. A person of non-specified racial, cultural, or geographic origins.

C. A person having origins in the original peoples of the Pacific Islands, but not Guam, Hawaii, the Mariana Islands or Samoa.

D. A person having origins in any of the original peoples of Vietnam.",C,1_1,Pacific Islander,http://purl.obolibrary.org/obo/ExO_0000154,7,"Health & Medicine, Alzheimer Disease Ontology"
"In the ontology of Alzheimer's Disease, which of the following definitions best describes 'White'?","A. A general term for a group of culturally similar indigenous peoples inhabiting the Arctic regions of Canada, Greenland, Russia and the United States. In Alaska, the term Eskimo is commonly used, because it includes both Yupik and Inupiat, while Inuit is not accepted as a collective term. In Canada and Greenland, the term Eskimo has fallen out of favor, as it is considered pejorative by the natives and has been replaced by the term Inuit.

B. A person having origins in any of the original peoples of Europe, the Middle East, or North Africa.

C. A person having origins in any of the original peoples of the Philippine Islands.

D. A person having origins in the original peoples of the Pacific Islands, but not Guam, Hawaii, the Mariana Islands or Samoa.",B,1_1,White,http://purl.obolibrary.org/obo/ExO_0000158,7,"Health & Medicine, Alzheimer Disease Ontology"
"In the ontology of Alzheimer's Disease, which of the following definitions best describes 'Anatomical set'?","A. Cell component which consists of the plasma membrane and the cytoplasm surrounding the nucleus.

B. anatomical structure which has as its direct parts two or more types of tissue and is continuous with one or more anatomical structures likewise constituted by two or more portions of tissues distinct from those of their complement. Examples: osteon, cortical bone, neck of femur, bronchopulmonary segment, left lobe of liver, anterior right side of heart, interventricular branch of left coronary artery, right atrium, mitral valve, head of pancreas.

C. Anatomical structure which has as its boundary the external surface of a maximally connected plasma membrane. Examples: lymphocyte, fibroblast, erythrocyte, neuron.

D. Material anatomical entity which consists of the maximum number of discontinuous members of the same class. Examples: set of cranial nerves, ventral branches of aorta, set of mammary arteries, thoracic viscera, dental arcade.",D,1_1,Anatomical set,http://purl.obolibrary.org/obo/FMA_55652,9,"Health & Medicine, Alzheimer Disease Ontology"
"In the ontology of Alzheimer's Disease, which of the following definitions best describes 'anatomical entity'?","A. a population is a collection of individuals from the same taxonomic class living, counted or sampled at a particular site or in a particular area

B. A location, relative to cellular compartments and structures, occupied by a macromolecular machine when it carries out a molecular function. There are two ways in which the gene ontology describes locations of gene products: (1) relative to cellular structures (e.g., cytoplasmic side of plasma membrane) or compartments (e.g., mitochondrion), and (2) the stable macromolecular complexes of which they are parts (e.g., the ribosome).

C. A gene is a material entity that represents the entire DNA sequence required for synthesis of a functional protein or RNA molecule.

D. Biological entity that is either an individual member of a biological species or constitutes the structural organization of an individual member of a biological species.",D,1_1,anatomical entity,http://purl.obolibrary.org/obo/UBERON_0001062,5,"Health & Medicine, Alzheimer Disease Ontology"
"In the ontology of Alzheimer's Disease, which of the following definitions best describes 'organelle'?","A. Organized structure of distinctive morphology and function. Includes the nucleus, mitochondria, plastids, vacuoles, vesicles, ribosomes and the cytoskeleton, and prokaryotic structures such as anammoxosomes and pirellulosomes. Excludes the plasma membrane.

B. The irregular network of unit membranes, visible only by electron microscopy, that occurs in the cytoplasm of many eukaryotic cells. The membranes form a complex meshwork of tubular channels, which are often expanded into slitlike cavities called cisternae. The ER takes two forms, rough (or granular), with ribosomes adhering to the outer surface, and smooth (with no ribosomes attached).

C. A lipid bilayer along with all the proteins and protein complexes embedded in it an attached to it.

D. An electron dense network of proteins within and adjacent to the postsynaptic membrane of an asymmetric, neuron-neuron synapse. Its major components include neurotransmitter receptors and the proteins that spatially and functionally organize them such as anchoring and scaffolding molecules, signaling enzymes and cytoskeletal components.",A,1_1,organelle,http://purl.obolibrary.org/obo/GO_0043226,7,"Health & Medicine, Alzheimer Disease Ontology"
"In the ontology of Alzheimer's Disease, which of the following definitions best describes 'Material anatomical entity'?","A. Physical anatomical entity which has mass. Examples: hemoglobin molecule, mitochondrion, hepatocyte, erythrocyte, heart, head, blood, urine.

B. Material anatomical entity which is generated by coordinated expression of the organism's own genes that guide its morphogenesis; has inherent 3D shape; its parts are connected and spatially related to one another in patterns determined by coordinated gene expression. Examples: heart, right ventricle, mitral valve, myocardium, endothelium, lymphocyte, fibroblast, thorax, cardiovascular system, hemoglobin, T cell receptor.

C. Any substance that inhibits the action of N-methyl-D-aspartate (NMDA) receptors. They tend to induce a state known as dissociative anesthesia, marked by catalepsy, amnesia, and analgesia, while side effects can include hallucinations, nightmares, and confusion. Due to their psychotomimetic effects, many NMDA receptor antagonists are used as recreational drugs.

D. Anatomical entity which has three or fewer spatial dimensions. Examples: hemoglobin molecule, mitochondrion, hepatocyte, erythrocyte, heart, head, blood, urine, peritoneal cavity, diaphragmatic surface of heart, inferior margin of liver, apex of lung.",A,1_1,Material anatomical entity,http://purl.obolibrary.org/obo/FMA_67165,7,"Health & Medicine, Alzheimer Disease Ontology"
"In the ontology of Alzheimer's Disease, which of the following definitions best describes 'Organ region'?","A. Cardinal organ part which is a fiat subdivision of an organ. Examples: lingula of left lung, tail of pancreas, artery, trochanter, nodulus of semilunar valve, right side of heart, duodenum, fundus of stomach.

B. Cardinal organ part which is bounded predominantly by bonafide boundaries. Examples: lobe of lung, osteon, acinus, submucosa, anterior leaflet of mitral valve, capsule of kidney, cortical bone, muscle fasciculus.

C. Organ region with one or more anchored fiat boundaries. Examples: artery, trunk of nerve, cervical part of esophagus, pelvic part of vagina, horn of thyroid cartilage, anterior segment of eyeball.

D. anatomical structure which has as its direct parts two or more types of tissue and is continuous with one or more anatomical structures likewise constituted by two or more portions of tissues distinct from those of their complement. Examples: osteon, cortical bone, neck of femur, bronchopulmonary segment, left lobe of liver, anterior right side of heart, interventricular branch of left coronary artery, right atrium, mitral valve, head of pancreas.",A,1_1,Organ region,http://purl.obolibrary.org/obo/FMA_67619,10,"Health & Medicine, Alzheimer Disease Ontology"
"In the ontology of Alzheimer's Disease, which of the following definitions best describes 'fragmented DNA'?","A. A discrete intracellular part formed of aggregated molecules such as proteins or other biopolymers.

B. A component of a cell contained within (but not including) the plasma membrane. In eukaryotes it includes the nucleus and cytoplasm.

C. The cellular metabolic process in which a protein is formed, using the sequence of a mature mRNA or circRNA molecule to specify the sequence of amino acids in a polypeptide chain. Translation is mediated by the ribosome, and begins with the formation of a ternary complex between aminoacylated initiator methionine tRNA, GTP, and initiation factor 2, which subsequently associates with the small subunit of the ribosome and an mRNA or circRNA. Translation ends with the release of a polypeptide chain from the ribosome.

D. A cell phenotype in which DNA is broken into small fragments.",D,1_1,fragmented DNA,http://purl.obolibrary.org/obo/FYPO_0000160,8,"Health & Medicine, Alzheimer Disease Ontology"
"In the ontology of Alzheimer's Disease, which of the following definitions best describes 'intracellular anatomical structure'?","A. A component of a cell contained within (but not including) the plasma membrane. In eukaryotes it includes the nucleus and cytoplasm.

B. An axon part that is a gap in the myelin where voltage-gated sodium channels cluster and saltatory conduction is executed.

C. A lipid bilayer along with all the proteins and protein complexes embedded in it an attached to it.

D. A part of a cellular organism that is either an immaterial entity or a material entity with granularity above the level of a protein complex but below that of an anatomical system. Or, a substance produced by a cellular organism with granularity above the level of a protein complex.",A,1_1,intracellular anatomical structure,http://purl.obolibrary.org/obo/GO_0005622,7,"Health & Medicine, Alzheimer Disease Ontology"
"In the ontology of Alzheimer's Disease, which of the following definitions best describes 'cognitive measurement'?","A. A psychological measurement of some aspect of intellectual functions such as memory, problem solving, and comprehension.

B. A measurement datum is an information content entity that is a recording of the output of a measurement such as produced by a device.

C. A cognitive measurement that is an output (score) from the Mini-Mental State Exam.

D. A cognitive measurement that is the output (score) from the Montreal Cognitive Assessment Test (MoCA) for Dementia",A,1_1,cognitive measurement,http://purl.obolibrary.org/obo/GECKO_0000119,7,"Health & Medicine, Alzheimer Disease Ontology"
"In the ontology of Alzheimer's Disease, which of the following definitions best describes 'gene'?","A. Biological entity that is either an individual member of a biological species or constitutes the structural organization of an individual member of a biological species.

B. A gene is a material entity that represents the entire DNA sequence required for synthesis of a functional protein or RNA molecule.

C. Any of a kingdom (Plantae) of living things typically lacking locomotive movement or obvious nervous or sensory organs and possessing cellulose cell walls.

D. Invertebrates are animals that neither possess nor develop a vertebral column (commonly known as a backbone or spine), derived from the notochord. This includes all animals apart from the subphylum Vertebrata.",B,1_1,gene,http://purl.obolibrary.org/obo/OGG_0000000002,5,"Health & Medicine, Alzheimer Disease Ontology"
"In the ontology of Alzheimer's Disease, which of the following definitions best describes 'autophagy of mitochondrion'?","A. The autophagic process in which mitochondria are delivered to a type of vacuole and degraded in response to changing cellular conditions.

B. Any Alzheimer disease in which the cause of the disease is a mutation in the ADAM10 gene.

C. The selective autophagy process in which a mitochondrion is degraded by macroautophagy.

D. The cellular catabolic process in which cells digest parts of their own cytoplasm; allows for both recycling of macromolecular constituents under conditions of cellular stress and remodeling the intracellular structure for cell differentiation.",A,1_1,autophagy of mitochondrion,http://purl.obolibrary.org/obo/GO_0000422,7,"Health & Medicine, Alzheimer Disease Ontology"
"In the ontology of Alzheimer's Disease, which of the following definitions best describes 'autophagy'?","A. The cellular catabolic process in which cells digest parts of their own cytoplasm; allows for both recycling of macromolecular constituents under conditions of cellular stress and remodeling the intracellular structure for cell differentiation.

B. The trafficking of synaptic vesicles from the pre-synaptic membrane so the vesicle can dock and prime for another round of exocytosis and neurotransmitter release. Recycling occurs after synaptic vesicle exocytosis, and is necessary to replenish presynaptic vesicle pools, sustain transmitter release and preserve the structural integrity of the presynaptic membrane. Recycling can occur following transient fusion with the presynaptic membrane (kiss and run), or via endocytosis of presynaptic membrane.

C. The cellular process in which a signal is conveyed to trigger a change in the activity or state of a cell. Signal transduction begins with reception of a signal (e.g. a ligand binding to a receptor or receptor activation by a stimulus such as light), or for signal transduction in the absence of ligand, signal-withdrawal or the activity of a constitutively active receptor. Signal transduction ends with regulation of a downstream cellular process, e.g. regulation of transcription or regulation of a metabolic process. Signal transduction covers signaling from receptors located on the surface of the cell and signaling via molecules located within the cell. For signaling between cells, signal transduction is restricted to events at and within the receiving cell.

D. The chemical reactions and pathways by which individual cells transform chemical substances.",A,1_1,autophagy,http://purl.obolibrary.org/obo/GO_0006914,6,"Health & Medicine, Alzheimer Disease Ontology"
"In the ontology of Alzheimer's Disease, which of the following definitions best describes 'mitophagy'?","A. The autophagic process in which mitochondria are delivered to a type of vacuole and degraded in response to changing cellular conditions.

B. The cellular catabolic process in which cells digest parts of their own cytoplasm; allows for both recycling of macromolecular constituents under conditions of cellular stress and remodeling the intracellular structure for cell differentiation.

C. Any process evolved to enable an interaction with an organism of a different species.

D. The selective autophagy process in which a mitochondrion is degraded by macroautophagy.",D,1_1,mitophagy,http://purl.obolibrary.org/obo/GO_0000423,7,"Health & Medicine, Alzheimer Disease Ontology"
"In the ontology of Alzheimer's Disease, which of the following definitions best describes 'proteasome complex'?","A. A large multisubunit complex which catalyzes protein degradation, found in eukaryotes, archaea and some bacteria. In eukaryotes, this complex consists of the barrel shaped proteasome core complex and one or two associated proteins or complexes that act in regulating entry into or exit from the core.

B. The organic response of tissues to external insult, injury or underlying genetic or epigenetic lesion.

C. A compound containing at least one carbon-halogen bond (where X is a halogen atom).

D. A protein complex which is capable of catalytic activity.",A,1_1,proteasome complex,http://purl.obolibrary.org/obo/GO_0000502,9,"Health & Medicine, Alzheimer Disease Ontology"
"In the ontology of Alzheimer's Disease, which of the following definitions best describes 'action potential'?","A. Any process that modulates the frequency, rate or extent of gene expression. Gene expression is the process in which a gene's coding sequence is converted into a mature gene product (protein or RNA).

B. A sulfur oxoanion obtained by deprotonation of both OH groups of sulfuric acid.

C. Any process that modulates a measurable attribute of any biological process, quality or function.

D. A process in which membrane potential cycles through a depolarizing spike, triggered in response to depolarization above some threshold, followed by repolarization. This cycle is driven by the flow of ions through various voltage gated channels with different thresholds and ion specificities.",D,1_1,action potential,http://purl.obolibrary.org/obo/GO_0001508,6,"Health & Medicine, Alzheimer Disease Ontology"
"In the ontology of Alzheimer's Disease, which of the following definitions best describes 'pore complex'?","A. A protein complex providing a discrete opening in a membrane that allows the passage of gases and/or liquids.

B. A protein complex produced by sequentially activated components of the complement cascade inserted into a target cell membrane and forming a pore leading to cell lysis via ion and water flow.

C. Any protein complex that is part of the plasma membrane.

D. Any protein complex that is part of a membrane.",A,1_1,pore complex,http://purl.obolibrary.org/obo/GO_0046930,8,"Health & Medicine, Alzheimer Disease Ontology"
"In the ontology of Alzheimer's Disease, which of the following definitions best describes 'nucleus'?","A. A membrane-bounded organelle of eukaryotic cells in which chromosomes are housed and replicated. In most cells, the nucleus contains all of the cell's chromosomes except the organellar chromosomes, and is the site of RNA synthesis and processing. In some species, or in specialized cell types, RNA metabolism or DNA replication may be absent.

B. A network of proteins within and adjacent to the postsynaptic membrane. Its major components include neurotransmitter receptors and the proteins that spatially and functionally organize them such as anchoring and scaffolding molecules, signaling enzymes and cytoskeletal components.

C. A secretory organelle, typically 50 nm in diameter, of presynaptic nerve terminals; accumulates in high concentrations of neurotransmitters and secretes these into the synaptic cleft by fusion with the 'active zone' of the presynaptic plasma membrane.

D. The irregular network of unit membranes, visible only by electron microscopy, that occurs in the cytoplasm of many eukaryotic cells. The membranes form a complex meshwork of tubular channels, which are often expanded into slitlike cavities called cisternae. The ER takes two forms, rough (or granular), with ribosomes adhering to the outer surface, and smooth (with no ribosomes attached).",A,1_1,nucleus,http://purl.obolibrary.org/obo/GO_0005634,8,"Health & Medicine, Alzheimer Disease Ontology"
"In the ontology of Alzheimer's Disease, which of the following definitions best describes 'mitochondrion'?","A. A transport vesicle that mediates transport from an intracellular compartment to the plasma membrane, and fuses with the plasma membrane to release various cargo molecules, such as proteins or hormones, by exocytosis.

B. The irregular network of unit membranes, visible only by electron microscopy, that occurs in the cytoplasm of many eukaryotic cells. The membranes form a complex meshwork of tubular channels, which are often expanded into slitlike cavities called cisternae. The ER takes two forms, rough (or granular), with ribosomes adhering to the outer surface, and smooth (with no ribosomes attached).

C. A semiautonomous, self replicating organelle that occurs in varying numbers, shapes, and sizes in the cytoplasm of virtually all eukaryotic cells. It is notably the site of tissue respiration.

D. A closed structure, found only in eukaryotic cells, that is completely surrounded by unit membrane and contains liquid material. Cells contain one or several vacuoles, that may have different functions from each other. Vacuoles have a diverse array of functions. They can act as a storage organelle for nutrients or waste products, as a degradative compartment, as a cost-effective way of increasing cell size, and as a homeostatic regulator controlling both turgor pressure and pH of the cytosol.",C,1_1,mitochondrion,http://purl.obolibrary.org/obo/GO_0005739,8,"Health & Medicine, Alzheimer Disease Ontology"
"In the ontology of Alzheimer's Disease, which of the following definitions best describes 'autophagosome'?","A. A double-membrane-bounded compartment that engulfs endogenous cellular material as well as invading microorganisms to target them to the lytic vacuole/lysosome for degradation as part of macroautophagy.

B. A monoatomic monocation obtained from potassium.

C. A small lytic vacuole that has cell cycle-independent morphology and is found in most animal cells and that contains a variety of hydrolases, most of which have their maximal activities in the pH range 5-6. The contained enzymes display latency if properly isolated. About 40 different lysosomal hydrolases are known and lysosomes have a great variety of morphologies and functions.

D. A closed structure, found only in eukaryotic cells, that is completely surrounded by unit membrane and contains liquid material. Cells contain one or several vacuoles, that may have different functions from each other. Vacuoles have a diverse array of functions. They can act as a storage organelle for nutrients or waste products, as a degradative compartment, as a cost-effective way of increasing cell size, and as a homeostatic regulator controlling both turgor pressure and pH of the cytosol.",A,1_1,autophagosome,http://purl.obolibrary.org/obo/GO_0005776,9,"Health & Medicine, Alzheimer Disease Ontology"
"In the ontology of Alzheimer's Disease, which of the following definitions best describes 'supramolecular complex'?","A. An axon part that is a gap in the myelin where voltage-gated sodium channels cluster and saltatory conduction is executed.

B. A cellular component that consists of an indeterminate number of proteins or macromolecular complexes, organized into a regular, higher-order structure such as a polymer, sheet, network or a fiber.

C. Any of the long, generally straight, hollow tubes of internal diameter 12-15 nm and external diameter 24 nm found in a wide variety of eukaryotic cells; each consists (usually) of 13 protofilaments of polymeric tubulin, staggered in such a manner that the tubulin monomers are arranged in a helical pattern on the microtubular surface, and with the alpha/beta axes of the tubulin subunits parallel to the long axis of the tubule; exist in equilibrium with pool of tubulin monomers and can be rapidly assembled or disassembled in response to physiological stimuli; concerned with force generation, e.g. in the spindle.

D. A structure that lies outside the plasma membrane and surrounds the entire cell or cells. This does not include the periplasmic space.",B,1_1,supramolecular complex,http://purl.obolibrary.org/obo/GO_0099080,7,"Health & Medicine, Alzheimer Disease Ontology"
"In the ontology of Alzheimer's Disease, which of the following definitions best describes 'cellular metabolic process'?","A. A cellular transport process in which transported substances are moved in membrane-bounded vesicles; transported substances are enclosed in the vesicle lumen or located in the vesicle membrane. The process begins with a step that directs a substance to the forming vesicle, and includes vesicle budding and coating. Vesicles are then targeted to, and fuse with, an acceptor membrane.

B. Any biological process that results in permanent cessation of all vital functions of a cell. A cell should be considered dead when any one of the following molecular or morphological criteria is met: (1) the cell has lost the integrity of its plasma membrane; (2) the cell, including its nucleus, has undergone complete fragmentation into discrete bodies (frequently referred to as apoptotic bodies). The cell corpse (or its fragments) may be engulfed by an adjacent cell in vivo, but engulfment of whole cells should not be considered a strict criteria to define cell death as, under some circumstances, live engulfed cells can be released from phagosomes (see PMID:18045538).

C. The chemical reactions and pathways by which individual cells transform chemical substances.

D. The directed movement of organelles or molecules along microtubules in axons.",C,1_1,cellular metabolic process,http://purl.obolibrary.org/obo/GO_0044237,6,"Health & Medicine, Alzheimer Disease Ontology"
"In the ontology of Alzheimer's Disease, which of the following definitions best describes 'sodium ion transport'?","A. The directed movement of sodium ions (Na+) into, out of or within a cell, or between cells, by means of some agent such as a transporter or pore.

B. The directed movement of charged atoms or small charged molecules into, out of or within a cell, or between cells, by means of some agent such as a transporter or pore.

C. b is a generically dependent continuant = Def. b is a continuant that g-depends_on one or more other entities. (axiom label in BFO2 Reference: [074-001])

D. A process in which a potassium ion is transported from one side of a membrane to the other.",A,1_1,sodium ion transport,http://purl.obolibrary.org/obo/GO_0006814,7,"Health & Medicine, Alzheimer Disease Ontology"
"In the ontology of Alzheimer's Disease, which of the following definitions best describes 'endocytosis'?","A. A process of secretion by a cell that results in the release of intracellular molecules (e.g. hormones, matrix proteins) contained within a membrane-bounded vesicle. Exocytosis can occur either by full fusion, when the vesicle collapses into the plasma membrane, or by a kiss-and-run mechanism that involves the formation of a transient contact, a pore, between a granule (for exemple of chromaffin cells) and the plasma membrane. The latter process most of the time leads to only partial secretion of the granule content. Exocytosis begins with steps that prepare vesicles for fusion with the membrane (tethering and docking) and ends when molecules are secreted from the cell.

B. A cellular transport process in which transported substances are moved in membrane-bounded vesicles; transported substances are enclosed in the vesicle lumen or located in the vesicle membrane. The process begins with a step that directs a substance to the forming vesicle, and includes vesicle budding and coating. Vesicles are then targeted to, and fuse with, an acceptor membrane.

C. A vesicle-mediated transport process in which cells take up external materials or membrane constituents by the invagination of a small region of the plasma membrane to form a new membrane-bounded vesicle.

D. A vesicle-mediated transport process that results in the engulfment of external particulate material by phagocytes and their delivery to the lysosome. The particles are initially contained within phagocytic vacuoles (phagosomes), which then fuse with primary lysosomes to effect digestion of the particles.",C,1_1,endocytosis,http://purl.obolibrary.org/obo/GO_0006897,7,"Health & Medicine, Alzheimer Disease Ontology"
"In the ontology of Alzheimer's Disease, which of the following definitions best describes 'immune response'?","A. Any process that results in a change in state or activity of a cell or an organism (in terms of movement, secretion, enzyme production, gene expression, etc.) as a result of a stimulus. The process begins with detection of the stimulus and ends with a change in state or activity or the cell or organism.

B. Any immune system process that functions in the calibrated response of an organism to a potential internal or invasive threat.

C. Any process involved in the development or functioning of the immune system, an organismal system for calibrated responses to potential internal or invasive threats.

D. Any process that results in a change in state or activity of a cell or an organism (in terms of movement, secretion, enzyme production, gene expression, etc.) as a result of a stimulus from another living organism.",B,1_1,immune response,http://purl.obolibrary.org/obo/GO_0006955,6,"Health & Medicine, Alzheimer Disease Ontology"
"In the ontology of Alzheimer's Disease, which of the following definitions best describes 'plasma membrane organization'?","A. The process of introducing a phosphate group into a molecule, usually with the formation of a phosphoric ester, a phosphoric anhydride or a phosphoric amide.

B. A physical interaction between exactly two molecules or subunits to create a lasting compound.

C. A process that is carried out at the cellular level which results in the assembly, arrangement of constituent parts, or disassembly of the plasma membrane.

D. A change in morphology and behavior of an astrocyte resulting from exposure to a cytokine, chemokine, cellular ligand, or soluble factor.",C,1_1,plasma membrane organization,http://purl.obolibrary.org/obo/GO_0007009,6,"Health & Medicine, Alzheimer Disease Ontology"
"In the ontology of Alzheimer's Disease, which of the following definitions best describes 'Notch signaling pathway'?","A. A series of molecular signals initiated by the binding of an extracellular ligand to the receptor Notch on the surface of a target cell, and ending with regulation of a downstream cellular process, e.g. transcription.

B. An intracellular protein kinase cascade containing at least a MAPK, a MAPKK and a MAP3K. The cascade can also contain an additional tiers: the upstream MAP4K. The kinases in each tier phosphorylate and activate the kinase in the downstream tier to transmit a signal within a cell.

C. Any intracellular signal transduction in which the signal is passed on within the cell via calcium ions.

D. A pathway is a set of inter-connected reactions and interactions whose delineation and scope are used as a model for exploring and studying, describing and understanding the working of and relationships between biomolecules within a context.",A,1_1,Notch signaling pathway,http://purl.obolibrary.org/obo/GO_0007219,7,"Health & Medicine, Alzheimer Disease Ontology"
"In the ontology of Alzheimer's Disease, which of the following definitions best describes 'synaptic vesicle'?","A. Organized structure of distinctive morphology and function. Includes the nucleus, mitochondria, plastids, vacuoles, vesicles, ribosomes and the cytoskeleton, and prokaryotic structures such as anammoxosomes and pirellulosomes. Excludes the plasma membrane.

B. A vacuole to which materials ingested by endocytosis are delivered.

C. A closed structure, found only in eukaryotic cells, that is completely surrounded by unit membrane and contains liquid material. Cells contain one or several vacuoles, that may have different functions from each other. Vacuoles have a diverse array of functions. They can act as a storage organelle for nutrients or waste products, as a degradative compartment, as a cost-effective way of increasing cell size, and as a homeostatic regulator controlling both turgor pressure and pH of the cytosol.

D. A secretory organelle, typically 50 nm in diameter, of presynaptic nerve terminals; accumulates in high concentrations of neurotransmitters and secretes these into the synaptic cleft by fusion with the 'active zone' of the presynaptic plasma membrane.",D,1_1,synaptic vesicle,http://purl.obolibrary.org/obo/GO_0008021,8,"Health & Medicine, Alzheimer Disease Ontology"
"In the ontology of Alzheimer's Disease, which of the following definitions best describes 'metabolic process'?","A. The chemical reactions and pathways, including anabolism and catabolism, by which living organisms transform chemical substances. Metabolic processes typically transform small molecules, but also include macromolecular processes such as DNA repair and replication, and protein synthesis and degradation.

B. The chemical reactions and pathways by which individual cells transform chemical substances.

C. A distinct period or stage in a biological process or cycle.

D. The directed movement of a motile cell or organism, or the directed growth of a cell guided by a specific chemical concentration gradient. Movement may be towards a higher concentration (positive chemotaxis) or towards a lower concentration (negative chemotaxis).",A,1_1,metabolic process,http://purl.obolibrary.org/obo/GO_0008152,5,"Health & Medicine, Alzheimer Disease Ontology"
"In the ontology of Alzheimer's Disease, which of the following definitions best describes 'cell death'?","A. The process of cell death in a neuron.

B. The aggregation, arrangement and bonding together of a set of components to form a neurofibrillary tangle.

C. The vesicular release of classical neurotransmitter molecules from a presynapse, across a chemical synapse, the subsequent activation of neurotransmitter receptors at the postsynapse of a target cell (neuron, muscle, or secretory cell) and the effects of this activation on the postsynaptic membrane potential and ionic composition of the postsynaptic cytosol. This process encompasses both spontaneous and evoked release of neurotransmitter and all parts of synaptic vesicle exocytosis. Evoked transmission starts with the arrival of an action potential at the presynapse.

D. Any biological process that results in permanent cessation of all vital functions of a cell. A cell should be considered dead when any one of the following molecular or morphological criteria is met: (1) the cell has lost the integrity of its plasma membrane; (2) the cell, including its nucleus, has undergone complete fragmentation into discrete bodies (frequently referred to as apoptotic bodies). The cell corpse (or its fragments) may be engulfed by an adjacent cell in vivo, but engulfment of whole cells should not be considered a strict criteria to define cell death as, under some circumstances, live engulfed cells can be released from phagosomes (see PMID:18045538).",D,1_1,cell death,http://purl.obolibrary.org/obo/GO_0008219,6,"Health & Medicine, Alzheimer Disease Ontology"
"In the ontology of Alzheimer's Disease, which of the following definitions best describes 'cytoplasmic vesicle membrane'?","A. The lipid bilayer surrounding an endosome.

B. The lipid bilayer surrounding any membrane-bounded vesicle in the cell.

C. The process of isolating and testing the DNA of an embryo or a person to detect the presence of genetic alterations or defects that may predispose to the future development of a disease or disorder.

D. The lipid bilayer surrounding a cytoplasmic vesicle.",D,1_1,cytoplasmic vesicle membrane,http://purl.obolibrary.org/obo/GO_0030659,10,"Health & Medicine, Alzheimer Disease Ontology"
"In the ontology of Alzheimer's Disease, which of the following definitions best describes 'regulation of gene expression'?","A. Any process that modulates a measurable attribute of any biological process, quality or function.

B. Any process that modulates the frequency, rate or extent of gene expression. Gene expression is the process in which a gene's coding sequence is converted into a mature gene product (protein or RNA).

C. A process in which membrane potential cycles through a depolarizing spike, triggered in response to depolarization above some threshold, followed by repolarization. This cycle is driven by the flow of ions through various voltage gated channels with different thresholds and ion specificities.

D. Multicellular anatomical structure that consists of many cells of one or a few types, arranged in an extracellular matrix such that their long-range organisation is at least partly a repetition of their short-range organisation.",B,1_1,regulation of gene expression,http://purl.obolibrary.org/obo/GO_0010468,6,"Health & Medicine, Alzheimer Disease Ontology"
"In the ontology of Alzheimer's Disease, which of the following definitions best describes 'organelle membrane'?","A. A membrane region with a lipid composition that is distinct from that of the membrane regions that surround it.

B. A lipid bilayer along with all the proteins and protein complexes embedded in it an attached to it.

C. A membrane that is one of the two lipid bilayers of an organelle envelope or the outermost membrane of single membrane bound organelle.

D. The lipid bilayer that forms the outer-most layer of an organelle.",C,1_1,organelle membrane,http://purl.obolibrary.org/obo/GO_0031090,8,"Health & Medicine, Alzheimer Disease Ontology"
"In the ontology of Alzheimer's Disease, which of the following definitions best describes 'membrane'?","A. A part of a cellular organism that is either an immaterial entity or a material entity with granularity above the level of a protein complex but below that of an anatomical system. Or, a substance produced by a cellular organism with granularity above the level of a protein complex.

B. A membrane that is one of the two lipid bilayers of an organelle envelope or the outermost membrane of single membrane bound organelle.

C. A lipid bilayer along with all the proteins and protein complexes embedded in it an attached to it.

D. General anatomical term which refers to component of a fiber, e.g. collagen fibril or myofibril.",C,1_1,membrane,http://purl.obolibrary.org/obo/GO_0016020,7,"Health & Medicine, Alzheimer Disease Ontology"
"In the ontology of Alzheimer's Disease, which of the following definitions best describes 'dephosphorylation'?","A. The process of removing one or more phosphoric (ester or anhydride) residues from a molecule.

B. A cellular transport process in which transported substances are moved in membrane-bounded vesicles; transported substances are enclosed in the vesicle lumen or located in the vesicle membrane. The process begins with a step that directs a substance to the forming vesicle, and includes vesicle budding and coating. Vesicles are then targeted to, and fuse with, an acceptor membrane.

C. The chemical reactions and pathways by which individual cells transform chemical substances.

D. Energy dependent cell death induced by intrinsic genetic or developmental programme, or external stimuli such as addition or withdrawal of cytokines or trophic factors, radiation, chemotherapeutic agents etc. Characterised by cell shrinkage, increases in membrane permeability, endonucleolyis and nuclear fragmentation resulting in the formation of rapidly endocytosed apoptotic bodies.",A,1_1,dephosphorylation,http://purl.obolibrary.org/obo/GO_0016311,6,"Health & Medicine, Alzheimer Disease Ontology"
"In the ontology of Alzheimer's Disease, which of the following definitions best describes 'biological phase'?","A. A distinct period or stage in a biological process or cycle.

B. Any process involved in the development or functioning of the immune system, an organismal system for calibrated responses to potential internal or invasive threats.

C. Any process that is carried out at the cellular level, but not necessarily restricted to a single cell. For example, cell communication occurs among more than one cell, but occurs at the cellular level.

D. The process in which amyloid-beta is removed from extracellular brain regions by mechanisms involving cell surface receptors.",A,1_1,biological phase,http://purl.obolibrary.org/obo/GO_0044848,5,"Health & Medicine, Alzheimer Disease Ontology"
"In the ontology of Alzheimer's Disease, which of the following definitions best describes 'site of polarized growth'?","A. A component of a cell contained within (but not including) the plasma membrane. In eukaryotes it includes the nucleus and cytoplasm.

B. Any part of a cell where non-isotropic growth takes place.

C. An electrically insulating fatty layer that surrounds the axons of many neurons. It is an outgrowth of glial cells: Schwann cells supply the myelin for peripheral neurons while oligodendrocytes supply it to those of the central nervous system.

D. A cellular component that consists of an indeterminate number of proteins or macromolecular complexes, organized into a regular, higher-order structure such as a polymer, sheet, network or a fiber.",B,1_1,site of polarized growth,http://purl.obolibrary.org/obo/GO_0030427,7,"Health & Medicine, Alzheimer Disease Ontology"
"In the ontology of Alzheimer's Disease, which of the following definitions best describes 'nuclear membrane'?","A. A membrane that is one of the two lipid bilayers of an organelle envelope or the outermost membrane of single membrane bound organelle.

B. Either of the lipid bilayers that surround the nucleus and form the nuclear envelope; excludes the intermembrane space.

C. Either of the lipid bilayers that surround the mitochondrion and form the mitochondrial envelope.

D. The lipid bilayer surrounding any membrane-bounded vesicle in the cell.",B,1_1,nuclear membrane,http://purl.obolibrary.org/obo/GO_0031965,9,"Health & Medicine, Alzheimer Disease Ontology"
"In the ontology of Alzheimer's Disease, which of the following definitions best describes 'mitochondrial membrane'?","A. The lipid bilayer surrounding any membrane-bounded vesicle in the cell.

B. The lipid bilayer that forms the outer-most layer of an organelle.

C. Either of the lipid bilayers that surround the mitochondrion and form the mitochondrial envelope.

D. A membrane that is one of the two lipid bilayers of an organelle envelope or the outermost membrane of single membrane bound organelle.",C,1_1,mitochondrial membrane,http://purl.obolibrary.org/obo/GO_0031966,9,"Health & Medicine, Alzheimer Disease Ontology"
"In the ontology of Alzheimer's Disease, which of the following definitions best describes 'synaptic vesicle recycling'?","A. Any process that is carried out at the cellular level, but not necessarily restricted to a single cell. For example, cell communication occurs among more than one cell, but occurs at the cellular level.

B. A cellular transport process in which transported substances are moved in membrane-bounded vesicles; transported substances are enclosed in the vesicle lumen or located in the vesicle membrane. The process begins with a step that directs a substance to the forming vesicle, and includes vesicle budding and coating. Vesicles are then targeted to, and fuse with, an acceptor membrane.

C. The trafficking of synaptic vesicles from the pre-synaptic membrane so the vesicle can dock and prime for another round of exocytosis and neurotransmitter release. Recycling occurs after synaptic vesicle exocytosis, and is necessary to replenish presynaptic vesicle pools, sustain transmitter release and preserve the structural integrity of the presynaptic membrane. Recycling can occur following transient fusion with the presynaptic membrane (kiss and run), or via endocytosis of presynaptic membrane.

D. Binding to an ionotropic glutamate receptor. Ionotropic glutamate receptors bind glutamate and exert an effect through the regulation of ion channels.",C,1_1,synaptic vesicle recycling,http://purl.obolibrary.org/obo/GO_0036465,6,"Health & Medicine, Alzheimer Disease Ontology"
"In the ontology of Alzheimer's Disease, which of the following definitions best describes 'myelination'?","A. The process in which myelin sheaths are formed and maintained around neurons. Oligodendrocytes in the brain and spinal cord and Schwann cells in the peripheral nervous system wrap axons with compact layers of their plasma membrane. Adjacent myelin segments are separated by a non-myelinated stretch of axon called a node of Ranvier.

B. A process that is carried out at the cellular level which results in the assembly, arrangement of constituent parts, or disassembly of the plasma membrane.

C. The directed movement of organelles or molecules along microtubules in axons.

D. The cellular process that ensures successive accurate and complete genome replication and chromosome segregation.",A,1_1,myelination,http://purl.obolibrary.org/obo/GO_0042552,6,"Health & Medicine, Alzheimer Disease Ontology"
"In the ontology of Alzheimer's Disease, which of the following definitions best describes 'neuron spine'?","A. A small membranous protrusion, often ending in a bulbous head and attached to the neuron by a narrow stalk or neck.

B. A compound in which a carbonyl group is bonded to two carbon atoms: R2C=O (neither R may be H).

C. A prolongation or process extending from a nerve cell, e.g. an axon or dendrite.

D. A small, membranous protrusion from a dendrite that forms a postsynaptic compartment, typically receiving input from a single presynapse. They function as partially isolated biochemical and an electrical compartments. Spine morphology is variable:they can be thin, stubby, mushroom, or branched, with a continuum of intermediate morphologies. They typically terminate in a bulb shape, linked to the dendritic shaft by a restriction. Spine remodeling is though to be involved in synaptic plasticity.",A,1_1,neuron spine,http://purl.obolibrary.org/obo/GO_0044309,9,"Health & Medicine, Alzheimer Disease Ontology"
"In the ontology of Alzheimer's Disease, which of the following definitions best describes 'post-translational protein modification'?","A. The process of covalently altering one or more amino acids in a protein after the protein has been completely translated and released from the ribosome.

B. A cellular transport process in which transported substances are moved in membrane-bounded vesicles; transported substances are enclosed in the vesicle lumen or located in the vesicle membrane. The process begins with a step that directs a substance to the forming vesicle, and includes vesicle budding and coating. Vesicles are then targeted to, and fuse with, an acceptor membrane.

C. The aggregation, arrangement and bonding together of a set of components to form a neurofibrillary tangle.

D. Any process that is carried out at the cellular level, but not necessarily restricted to a single cell. For example, cell communication occurs among more than one cell, but occurs at the cellular level.",A,1_1,post-translational protein modification,http://purl.obolibrary.org/obo/GO_0043687,6,"Health & Medicine, Alzheimer Disease Ontology"
"In the ontology of Alzheimer's Disease, which of the following definitions best describes 'biological process involved in interspecies interaction between organisms'?","A. Any process evolved to enable an interaction with an organism of a different species.

B. A biological process by which an individual has biomarker evidence of amyloid-beta accumulation with elevated tracer retention on PET amyloid imaging and/or low amyloid-beta 42 in CSF assay, but no detectable evidence of additional brain alterations suggestive of neurodegeneration or subtle cognitive and/or behavioral symptomatology.

C. Any process that modulates a measurable attribute of any biological process, quality or function.

D. The process in which amyloid-beta is removed from extracellular brain regions by mechanisms involving cell surface receptors.",A,1_1,biological process involved in interspecies interaction between organisms,http://purl.obolibrary.org/obo/GO_0044419,5,"Health & Medicine, Alzheimer Disease Ontology"
"In the ontology of Alzheimer's Disease, which of the following definitions best describes 'membrane raft'?","A. A membrane region with a lipid composition that is distinct from that of the membrane regions that surround it.

B. A part, fraction, share, or number considered in relation to the whole amount or number.

C. A questionnaire comprised of multiple subscales evaluating everyday cognitive function

D. Any of the small (10-200 nm), heterogeneous, highly dynamic, sterol- and sphingolipid-enriched membrane domains that compartmentalize cellular processes. Small rafts can sometimes be stabilized to form larger platforms through protein-protein and protein-lipid interactions.",D,1_1,membrane raft,http://purl.obolibrary.org/obo/GO_0045121,9,"Health & Medicine, Alzheimer Disease Ontology"
"In the ontology of Alzheimer's Disease, which of the following definitions best describes 'membrane microdomain'?","A. The plasma membrane of a neuron cell body - excludes the plasma membrane of cell projections such as axons and dendrites.

B. A membrane region with a lipid composition that is distinct from that of the membrane regions that surround it.

C. A membrane that is one of the two lipid bilayers of an organelle envelope or the outermost membrane of single membrane bound organelle.

D. Any of the small (10-200 nm), heterogeneous, highly dynamic, sterol- and sphingolipid-enriched membrane domains that compartmentalize cellular processes. Small rafts can sometimes be stabilized to form larger platforms through protein-protein and protein-lipid interactions.",B,1_1,membrane microdomain,http://purl.obolibrary.org/obo/GO_0098857,8,"Health & Medicine, Alzheimer Disease Ontology"
"In the ontology of Alzheimer's Disease, which of the following definitions best describes 'astrocyte activation'?","A. The process in which a SUMO protein (small ubiquitin-related modifier) is conjugated to a target protein via an isopeptide bond between the carboxy-terminus of SUMO with an epsilon-amino group of a lysine residue of the target protein.

B. The aggregation, arrangement and bonding together of a set of components to form a neurofibrillary tangle.

C. The cellular process that ensures successive accurate and complete genome replication and chromosome segregation.

D. A change in morphology and behavior of an astrocyte resulting from exposure to a cytokine, chemokine, cellular ligand, or soluble factor.",D,1_1,astrocyte activation,http://purl.obolibrary.org/obo/GO_0048143,6,"Health & Medicine, Alzheimer Disease Ontology"
"In the ontology of Alzheimer's Disease, which of the following definitions best describes 'sulfation'?","A. The addition of a sulfate group to a molecule.

B. The covalent attachment of a myristoyl group to a protein.

C. A nearly universal metabolic pathway in which the acetyl group of acetyl coenzyme A is effectively oxidized to two CO2 and four pairs of electrons are transferred to coenzymes. The acetyl group combines with oxaloacetate to form citrate, which undergoes successive transformations to isocitrate, 2-oxoglutarate, succinyl-CoA, succinate, fumarate, malate, and oxaloacetate again, thus completing the cycle. In eukaryotes the tricarboxylic acid is confined to the mitochondria. See also glyoxylate cycle.

D. The cellular metabolic process in which a cell duplicates one or more molecules of DNA. DNA replication begins when specific sequences, known as origins of replication, are recognized and bound by initiation proteins, and ends when the original DNA molecule has been completely duplicated and the copies topologically separated. The unit of replication usually corresponds to the genome of the cell, an organelle, or a virus. The template for replication can either be an existing DNA molecule or RNA.",A,1_1,sulfation,http://purl.obolibrary.org/obo/GO_0051923,7,"Health & Medicine, Alzheimer Disease Ontology"
"In the ontology of Alzheimer's Disease, which of the following definitions best describes 'phosphatidylserine exposure on apoptotic cell surface'?","A. A change in morphology and behavior of an astrocyte resulting from exposure to a cytokine, chemokine, cellular ligand, or soluble factor.

B. The cellular process in which a signal is conveyed to trigger a change in the activity or state of a cell. Signal transduction begins with reception of a signal (e.g. a ligand binding to a receptor or receptor activation by a stimulus such as light), or for signal transduction in the absence of ligand, signal-withdrawal or the activity of a constitutively active receptor. Signal transduction ends with regulation of a downstream cellular process, e.g. regulation of transcription or regulation of a metabolic process. Signal transduction covers signaling from receptors located on the surface of the cell and signaling via molecules located within the cell. For signaling between cells, signal transduction is restricted to events at and within the receiving cell.

C. A phospholipid scrambling process that results in the appearance of phosphatidylserine on the outer leaflet of the plasma membrane of an apoptotic cell, which acts as an 'eat-me' signal for engulfing cells. Phosphatidylserine is exposed on the apoptotic cell surface by a phospholipid scramblase activity.

D. Any biological process that results in permanent cessation of all vital functions of a cell. A cell should be considered dead when any one of the following molecular or morphological criteria is met: (1) the cell has lost the integrity of its plasma membrane; (2) the cell, including its nucleus, has undergone complete fragmentation into discrete bodies (frequently referred to as apoptotic bodies). The cell corpse (or its fragments) may be engulfed by an adjacent cell in vivo, but engulfment of whole cells should not be considered a strict criteria to define cell death as, under some circumstances, live engulfed cells can be released from phagosomes (see PMID:18045538).",C,1_1,phosphatidylserine exposure on apoptotic cell surface,http://purl.obolibrary.org/obo/GO_0070782,6,"Health & Medicine, Alzheimer Disease Ontology"
"In the ontology of Alzheimer's Disease, which of the following definitions best describes 'potassium ion transmembrane transport'?","A. A data item that refers to the number of individuals with a given disease at a given point in time divided by the population at risk at a specified point in time or over a specified period of time.

B. The directed movement of sodium ions (Na+) into, out of or within a cell, or between cells, by means of some agent such as a transporter or pore.

C. A process in which a potassium ion is transported from one side of a membrane to the other.

D. The directed movement of charged atoms or small charged molecules into, out of or within a cell, or between cells, by means of some agent such as a transporter or pore.",C,1_1,potassium ion transmembrane transport,http://purl.obolibrary.org/obo/GO_0071805,7,"Health & Medicine, Alzheimer Disease Ontology"
"In the ontology of Alzheimer's Disease, which of the following definitions best describes 'amyloid-beta clearance'?","A. The process in which amyloid-beta is removed from extracellular brain regions by mechanisms involving cell surface receptors.

B. The entirety of a process in which information is transmitted within a biological system. This process begins with an active signal and ends when a cellular response has been triggered.

C. The organic response of tissues to external insult, injury or underlying genetic or epigenetic lesion.

D. Any process that is carried out at the cellular level, but not necessarily restricted to a single cell. For example, cell communication occurs among more than one cell, but occurs at the cellular level.",A,1_1,amyloid-beta clearance,http://purl.obolibrary.org/obo/GO_0097242,5,"Health & Medicine, Alzheimer Disease Ontology"
"In the ontology of Alzheimer's Disease, which of the following definitions best describes 'Wnt-Frizzled-LRP5/6 complex'?","A. A protein complex containing a secreted Wnt protein associated with its receptor, Frizzled (Fz), and co-receptor low density lipoprotein receptor-related protein 5 (LRP5) or LRP6.

B. A protein complex produced by sequentially activated components of the complement cascade inserted into a target cell membrane and forming a pore leading to cell lysis via ion and water flow.

C. A member of the class of isoquinolines that is (3S)-2-L-alanyl-1,2,3,4-tetrahydroisoquinoline-3-carboxylic acid in which the alpha-amino group of the alanyl residue has been substituted by a 1-ethoxycarbonyl-4-phenylbutan-2-yl group (the all-S isomer). A prodrug for quinaprilat (by hydrolysis of the ethyl ester to the corresponding carboxylic acid), it is used as an angiotensin-converting enzyme inhibitor (ACE inhibitor) used (generally as the hydrochloride salt) for the treatment of hypertension and congestive heart failure.

D. Any protein complex that is part of the plasma membrane.",A,1_1,Wnt-Frizzled-LRP5/6 complex,http://purl.obolibrary.org/obo/GO_1990851,9,"Health & Medicine, Alzheimer Disease Ontology"
"In the ontology of Alzheimer's Disease, which of the following definitions best describes 'behavioral therapy'?","A. Use of a substance introduced into a living organism with therapeutic or diagnostic purpose.

B. A broad term referring to clinical psychotherapy that uses techniques derived from behaviorism.

C. A treatment whose completion is hypothesized by a health care provider to eliminate a disorder or to alleviate the signs and symptoms of a disorder or pathological process.

D. The process of allaying nervous excitement or the state of being calmed. (Taber's)",B,1_1,behavioral therapy,http://purl.obolibrary.org/obo/GSSO_000252,7,"Health & Medicine, Alzheimer Disease Ontology"
"In the ontology of Alzheimer's Disease, which of the following definitions best describes 'therapeutic procedure'?","A. The process of allaying nervous excitement or the state of being calmed. (Taber's)

B. A treatment whose completion is hypothesized by a health care provider to eliminate a disorder or to alleviate the signs and symptoms of a disorder or pathological process.

C. A planned process whose completion is hypothesized by a health care provider to eliminate, prevent, or alleviate the signs and symptoms of a disorder or pathological process

D. A broad term referring to clinical psychotherapy that uses techniques derived from behaviorism.",B,1_1,therapeutic procedure,http://purl.obolibrary.org/obo/OGMS_0000112,6,"Health & Medicine, Alzheimer Disease Ontology"
"In the ontology of Alzheimer's Disease, which of the following definitions best describes 'Personality changes'?","A. a partial absence or patchy, incomplete area of a myelin sheath over all or part of an axon or fiber tract due to degeneration or destruction of the myelin sheath

B. An acquired language impairment of some or all of the abilities to produce or comprehend speech and to read or write.

C. A defect in the understanding of complex motor commands and in the execution of certain learned movements, i.e., deficits in the cognitive components of learned movements.

D. An abnormal shift in patterns of thinking, acting, or feeling.",D,1_1,Personality changes,http://purl.obolibrary.org/obo/HP_0000751,8,"Health & Medicine, Alzheimer Disease Ontology"
"In the ontology of Alzheimer's Disease, which of the following definitions best describes 'Apraxia'?","A. A functional anomaly of the nervous system.

B. A defect in the understanding of complex motor commands and in the execution of certain learned movements, i.e., deficits in the cognitive components of learned movements.

C. a partial absence or patchy, incomplete area of a myelin sheath over all or part of an axon or fiber tract due to degeneration or destruction of the myelin sheath

D. An acquired language impairment of some or all of the abilities to produce or comprehend speech and to read or write.",B,1_1,Apraxia,http://purl.obolibrary.org/obo/HP_0002186,8,"Health & Medicine, Alzheimer Disease Ontology"
"In the ontology of Alzheimer's Disease, which of the following definitions best describes 'Aphasia'?","A. An abnormal shift in patterns of thinking, acting, or feeling.

B. An acquired language impairment of some or all of the abilities to produce or comprehend speech and to read or write.

C. A functional anomaly of the nervous system.

D. a partial absence or patchy, incomplete area of a myelin sheath over all or part of an axon or fiber tract due to degeneration or destruction of the myelin sheath",B,1_1,Aphasia,http://purl.obolibrary.org/obo/HP_0002381,8,"Health & Medicine, Alzheimer Disease Ontology"
"In the ontology of Alzheimer's Disease, which of the following definitions best describes 'Parageusia'?","A. An abnormality of the nervous system.

B. A functional abnormality of the immune system.

C. any anomaly in the concentration of the subclass of sphingoid base derivatives with an amide-linked fatty acid, where the fatty acids are typically saturated or monounsaturated with chain lengths from 14 to 26 carbon atoms

D. A distortion of the sense of taste, often characterized by the sensation of a metallic taste.",D,1_1,Parageusia,http://purl.obolibrary.org/obo/HP_0031249,6,"Health & Medicine, Alzheimer Disease Ontology"
"In the ontology of Alzheimer's Disease, which of the following definitions best describes 'Neuroinflammation'?","A. A functional abnormality of the immune system.

B. inflammation of any blood and/or lymphatic vessel

C. An allergy is an immune response or reaction to substances that are usually not harmful.

D. Activation of the brain's innate immune system in response to an inflammatory challenge and is characterized by a host of cellular and molecular changes within the brain.",D,1_1,Neuroinflammation,http://purl.obolibrary.org/obo/HP_0033429,7,"Health & Medicine, Alzheimer Disease Ontology"
"In the ontology of Alzheimer's Disease, which of the following definitions best describes 'up-regulation'?","A. a positive regulation that one interactor up-regulates another.

B. A regulation represents a regulatory interaction between two interactors.

C. a gene expression regulation process that involves the regulation of a gene transcription.

D. a negative regulation that one interactor down-regulates another.",A,1_1,up-regulation,http://purl.obolibrary.org/obo/INO_0000007,5,"Health & Medicine, Alzheimer Disease Ontology"
"In the ontology of Alzheimer's Disease, which of the following definitions best describes 'diagnostic procedure'?","A. A measurement performed in a clinical setting using clinician's observations and instrument data to inform patient care and research.

B. Any procedure or test to diagnose a disease or disorder.

C. medical intervention is a planned process that has the goal of diagnosing, preventing or relieving illness or injury.

D. An acupuncture method that involves pucture at bilateral Yingxiang and Yintang points",B,1_1,diagnostic procedure,http://purl.obolibrary.org/obo/MAXO_0000003,6,"Health & Medicine, Alzheimer Disease Ontology"
"In the ontology of Alzheimer's Disease, which of the following definitions best describes 'enzyme inhibitor agent therapy'?","A. A therapy using a compound or agent that combines with an enzyme in such a manner as to prevent the normal substrate-enzyme combination and the catalytic reaction.

B. Use of a drug that affects the rate or intensity of cardiac contraction, blood vessel diameter or blood volume.

C. They are a group of drugs that block the normal breakdown of acetylcholine (ACh) into acetate and choline and thereby increase both the levels and duration of actions of acetylcholine found in the central and peripheral nervous system.

D. A primary aliphatic amine that is the 3,5-dimethyl derivative of 1-aminoadamantane. A low to moderate affinity uncompetitive (open-channel); NMDA receptor antagonist which binds preferentially to the NMDA receptor-operated cation channels.",A,1_1,enzyme inhibitor agent therapy,http://purl.obolibrary.org/obo/MAXO_0000648,9,"Health & Medicine, Alzheimer Disease Ontology"
"In the ontology of Alzheimer's Disease, which of the following definitions best describes 'clinical assessment'?","A. Any procedure or test to diagnose a disease or disorder.

B. A measurement performed in a clinical setting using clinician's observations and instrument data to inform patient care and research.

C. Anxiety is a neurological and physiological symptom characterized by a painful or apprehensive uneasiness of mind usually over an impending or anticipated ill.

D. Studen't t-test is a data transformation with the objective of a statistical hypothesis test in which the test statistic has a Student's t distribution if the null hypothesis is true. It is applied when the population is assumed to be normally distributed but the sample sizes are small enough that the statistic on which inference is based is not normally distributed because it relies on an uncertain estimate of standard deviation rather than on a precisely known value.",B,1_1,clinical assessment,http://purl.obolibrary.org/obo/MAXO_0000487,7,"Health & Medicine, Alzheimer Disease Ontology"
"In the ontology of Alzheimer's Disease, which of the following definitions best describes 'ACE inhibitor therapy'?","A. Use of a drug that inhibits angiotensin-converting enzyme (ACE), an enzyme that catalyzes the conversion of angiotensin I to angiotensin II. Inhibition of ACE results in a reduction in angiotensin II and angiotensin II-induced aldosterone secretion, causing vasodilation and natriuresis.

B. Use of a drug that affects the rate or intensity of cardiac contraction, blood vessel diameter or blood volume.

C. Use of a drug that inhibits angiotensin-converting enzyme (ACE) 1, an enzyme that catalyzes the conversion of angiotensin I to angiotensin II.

D. Use of a drug that inhibits angiotensin-converting enzyme (ACE) 2, an enzyme that catalyzes the conversion of angiotensin I to angiotensin II.",A,1_1,ACE inhibitor therapy,http://purl.obolibrary.org/obo/MAXO_0000652,9,"Health & Medicine, Alzheimer Disease Ontology"
"In the ontology of Alzheimer's Disease, which of the following definitions best describes 'ACE 2 inhibitor therapy'?","A. Use of a drug that inhibits angiotensin-converting enzyme (ACE) 1, an enzyme that catalyzes the conversion of angiotensin I to angiotensin II.

B. Use of a drug that inhibits angiotensin-converting enzyme (ACE), an enzyme that catalyzes the conversion of angiotensin I to angiotensin II. Inhibition of ACE results in a reduction in angiotensin II and angiotensin II-induced aldosterone secretion, causing vasodilation and natriuresis.

C. Use of a drug that inhibits angiotensin-converting enzyme (ACE) 2, an enzyme that catalyzes the conversion of angiotensin I to angiotensin II.

D. A person of Cuban, Mexican, Puerto Rican, South or Central American, or other Spanish culture or origin, regardless of race.",C,1_1,ACE 2 inhibitor therapy,http://purl.obolibrary.org/obo/MAXO_0000656,10,"Health & Medicine, Alzheimer Disease Ontology"
"In the ontology of Alzheimer's Disease, which of the following definitions best describes 'HMG-CoA reductase inhibitor therapy'?","A. Any benzoquinone derived from 2,3-dimethoxy-5-methylbenzoquinone; one of a group of naturally occurring homologues. The redox-active quinoid moiety usually carries a polyprenoid side chain at position 6, the number of isoprenoid units in which is species-specific. Ubiquinones are involved in the control of mitochondrial electron transport, and are also potent anti-oxidants.

B. A therapy using a compound or agent that combines with an enzyme in such a manner as to prevent the normal substrate-enzyme combination and the catalytic reaction.

C. They are a group of drugs that block the normal breakdown of acetylcholine (ACh) into acetate and choline and thereby increase both the levels and duration of actions of acetylcholine found in the central and peripheral nervous system.

D. Therapy that inhibits HMG-CoA reductase inhibitor.",D,1_1,HMG-CoA reductase inhibitor therapy,http://purl.obolibrary.org/obo/MAXO_0000739,10,"Health & Medicine, Alzheimer Disease Ontology"
"In the ontology of Alzheimer's Disease, which of the following definitions best describes 'cognitive process'?","A. a gene that encodes for a RNA

B. A set of mental processes that controls and manages the cognitive functions.

C. A mental process is a bodily process that is of a type such that it can of itself be conscious. Examples include thinking, feeling pain, remembering and emotion as occurrent experiences.

D. A mental process that creates, modifies or has as participant some cognitive representation.",D,1_1,cognitive process,http://purl.obolibrary.org/obo/MF_0000008,6,"Health & Medicine, Alzheimer Disease Ontology"
"In the ontology of Alzheimer's Disease, which of the following definitions best describes 'hydroxylation reaction'?","A. Covalent attachment of palmitic acid to the cysteine residues of membrane proteins. Reversible reaction that can affect C,K,T or S residues.

B. Irreversible introduction of a hydroxyl group that can affect K,P,Y or R residues. Hydroxylation is the first step in the oxidative degeneration of organic compounds.

C. terms aiming to represent biochemical reactions referring to their resulting product modifications.

D. Decarboxylation is a chemical reaction that releases carbon dioxide (CO2). Usually, decarboxylation refers to a reaction of carboxylic acids, removing a carbon atom from a carbon chain. Enzymes that catalyze decarboxylations are called decarboxylases or, the more formal term, carboxy-lyases (EC number 4.1.1).",B,1_1,hydroxylation reaction,http://purl.obolibrary.org/obo/MI_0210,7,"Health & Medicine, Alzheimer Disease Ontology"
"In the ontology of Alzheimer's Disease, which of the following definitions best describes 'positron emission tomography (PET)'?","A. The determination of the amount of the 1-42 amino acid beta amyloid protein isoform present in a sample.

B. Detection of gamma rays emitted from tissues after administration of natural biochemical substance into which positron emitting isotopes have been incorporated. The paths of the gamma rays resulting from collision of positrons and electrons are interpreted by a computer to form a representation of local concentrations of the isotope-containing substance.

C. Imaging that uses radiofrequency waves and a strong magnetic field rather than x-rays to provide detailed pictures of internal organs and tissues. The technique is valuable for the diagnosis of many pathologic conditions, including cancer, heart and vascular disease, stroke, and joint and musculoskeletal disorders.

D. The determination of the ratio of phosphorylated Tau protein compared to amyloid beta 1-42 present in a sample. The measurement may be expressed as a ratio or percentage.",B,1_1,positron emission tomography (PET),http://purl.obolibrary.org/obo/MMO_0000129,7,"Health & Medicine, Alzheimer Disease Ontology"
"In the ontology of Alzheimer's Disease, which of the following definitions best describes 'L-methionine sulfoxide'?","A. The covalent alteration of one or more amino acids occurring in proteins, peptides and nascent polypeptides (co-translational, post-translational modifications). Includes the modification of charged tRNAs that are destined to occur in a protein (pre-translation modification).

B. Epithelium which consists of a single layer of epithelial cells. Examples: endothelium, mesothelium, glandular squamous epithelium.[FMA].

C. A methoxynaphthalene that is 2-methoxynaphthalene substituted by a carboxy ethyl group at position 6. Naproxen is a non-steroidal anti-inflammatory drug commonly used for the reduction of pain, fever, inflammation and stiffness caused by conditions such as osteoarthritis, kidney stones, rheumatoid arthritis, psoriatic arthritis, gout, ankylosing spondylitis, menstrual cramps, tendinitis, bursitis, and for the treatment of primary dysmenorrhea. It works by inhibiting both the COX-1 and COX-2 enzymes.

D. A protein modification that oxygenates an L-methionine residue to one of the diastereomeric L-methionine sulfoxide residues.",D,1_1,L-methionine sulfoxide,http://purl.obolibrary.org/obo/MOD_00719,7,"Health & Medicine, Alzheimer Disease Ontology"
"In the ontology of Alzheimer's Disease, which of the following definitions best describes 'alcohol abuse'?","A. The use of alcoholic beverages to excess, either on individual occasions (""binge drinking"") or as a regular practice.

B. A stomach disease that is an inflammation of the lining of the stomach.

C. A thyroid gland disease which involves an underproduction of thyroid hormone.

D. Any abnormality, anatomical or biochemical, evident at birth or during the neonatal period.",A,1_1,alcohol abuse,http://purl.obolibrary.org/obo/MONDO_0002046,7,"Health & Medicine, Alzheimer Disease Ontology"
"In the ontology of Alzheimer's Disease, which of the following definitions best describes 'disorder by anatomical region'?","A. A disease that is the consequence of the presence of pathogenic microbial agents, including pathogenic viruses, pathogenic bacteria, fungi, protozoa, multicellular parasites, and aberrant proteins known as prions.

B. Any abnormality, anatomical or biochemical, evident at birth or during the neonatal period.

C. An active inflammatory process affecting the liver for more than six months. Causes include viral infections, autoimmune disorders, drugs, and metabolic disorders.

D. A broad grouping of diseases based on major body subdivisions.",D,1_1,disorder by anatomical region,http://purl.obolibrary.org/obo/MONDO_0024505,7,"Health & Medicine, Alzheimer Disease Ontology"
"In the ontology of Alzheimer's Disease, which of the following definitions best describes 'diabetes mellitus (disease)'?","A. A broad grouping of diseases based on major body subdivisions.

B. An active inflammatory process affecting the liver for more than six months. Causes include viral infections, autoimmune disorders, drugs, and metabolic disorders.

C. A disease or disorder that involves the digestive system.

D. A metabolic disorder characterized by abnormally high blood sugar levels due to diminished production of insulin or insulin resistance/desensitization.",D,1_1,diabetes mellitus (disease),http://purl.obolibrary.org/obo/MONDO_0005015,8,"Health & Medicine, Alzheimer Disease Ontology"
"In the ontology of Alzheimer's Disease, which of the following definitions best describes 'Alzheimer disease 2'?","A. A form of familial Alzheimer disease, that begins after age 65.

B. An Alzheimer's disease that is characterized by an association of the apolipoprotein E E4 allele.

C. Early-onset autosomal dominant Alzheimer disease (EOAD) is a progressive dementia with reduction of cognitive functions. EOAD presents the same phenotype as sporadic Alzheimer disease (AD) but has an early age of onset, usually before 60 years old.

D. A degenerative disease of the brain that causes gradual loss of memory, judgment, and the ability to function socially. About 25% of all Alzheimer disease is familial (more than 2 people in a family have AD). When Alzheimer disease begins before 60 or 65 years of age (early-onset AD) about 60% of the cases are familial (also known as Early-onset familial AD). These cases appear to be inherited in an autosomal dominant manner.",B,1_1,Alzheimer disease 2,http://purl.obolibrary.org/obo/MONDO_0007089,14,"Health & Medicine, Alzheimer Disease Ontology"
"In the ontology of Alzheimer's Disease, which of the following definitions best describes 'familial Alzheimer disease'?","A. An Alzheimer's disease that is characterized by an associated with mutations in the gene TREM2.

B. A degenerative disease of the brain that causes gradual loss of memory, judgment, and the ability to function socially. About 25% of all Alzheimer disease is familial (more than 2 people in a family have AD). When Alzheimer disease begins before 60 or 65 years of age (early-onset AD) about 60% of the cases are familial (also known as Early-onset familial AD). These cases appear to be inherited in an autosomal dominant manner.

C. An Alzheimer's disease that is characterized by an association of the apolipoprotein E E4 allele.

D. A stage of Alzheimer's disease where symptoms appear such as concern regarding a change in cognition (raised either by the patient himself/herself or by an informant who knows the patient well), impairment in one or more cognitive domains, preservation of independence in functional abilities and other non-demented symptoms.",B,1_1,familial Alzheimer disease,http://purl.obolibrary.org/obo/MONDO_0100087,13,"Health & Medicine, Alzheimer Disease Ontology"
"In the ontology of Alzheimer's Disease, which of the following definitions best describes 'Alzheimer disease 8'?","A. An Alzheimer's disease that is characterized by an associated with variation in the region 7q36.

B. An Alzheimer's disease that is characterized by an associated with variation in the region 8p12-q22.

C. An Alzheimer's disease that is characterized by an associated with variation in the region 9p22.1.

D. An Alzheimer's disease that is characterized by an associated with variation in the region 20p12.2-q11.21.",D,1_1,Alzheimer disease 8,http://purl.obolibrary.org/obo/MONDO_0011777,15,"Health & Medicine, Alzheimer Disease Ontology"
"In the ontology of Alzheimer's Disease, which of the following definitions best describes 'Alzheimer disease 3'?","A. Alzheimer's disease with an early onset (starts before the age of 65). It is caused by mutations in the PSEN1 gene.

B. Alzheimer's disease with an early onset (starts before the age of 65). It is caused by mutations in the PSEN2 gene.

C. An Alzheimer's disease that is characterized by an associated with variation in the region 10p13.

D. An Alzheimer's disease that is characterized by an associated with variation in the region 1q21.",A,1_1,Alzheimer disease 3,http://purl.obolibrary.org/obo/MONDO_0011913,15,"Health & Medicine, Alzheimer Disease Ontology"
"In the ontology of Alzheimer's Disease, which of the following definitions best describes 'Alzheimer disease 12'?","A. An Alzheimer's disease that is characterized by an associated with variation in the region 10q24.

B. An Alzheimer's disease that is characterized by an associated with variation in the region 10p13.

C. An Alzheimer's disease that is characterized by an associated with variation in the region 7q36.

D. An Alzheimer's disease that is characterized by an associated with variation in the region 8p12-q22.",D,1_1,Alzheimer disease 12,http://purl.obolibrary.org/obo/MONDO_0012609,15,"Health & Medicine, Alzheimer Disease Ontology"
"In the ontology of Alzheimer's Disease, which of the following definitions best describes 'Alzheimer disease 13'?","A. An Alzheimer's disease that is characterized by an associated with variation in the region 9p22.1.

B. An Alzheimer's disease that is characterized by an associated with variation in the region 1q25.

C. An Alzheimer's disease that is characterized by an associated with variation in the region 10p13.

D. An Alzheimer's disease that is characterized by an associated with variation in the region 1q21.",D,1_1,Alzheimer disease 13,http://purl.obolibrary.org/obo/MONDO_0012630,15,"Health & Medicine, Alzheimer Disease Ontology"
"In the ontology of Alzheimer's Disease, which of the following definitions best describes 'Alzheimer disease 14'?","A. An Alzheimer's disease that is characterized by an associated with variation in the region 1q21.

B. Early-onset autosomal dominant Alzheimer disease (EOAD) is a progressive dementia with reduction of cognitive functions. EOAD presents the same phenotype as sporadic Alzheimer disease (AD) but has an early age of onset, usually before 60 years old.

C. An Alzheimer's disease that is characterized by an associated with variation in the region 1q25.

D. Alzheimer's disease with an early onset (starts before the age of 65). It is caused by mutations in the PSEN2 gene.",C,1_1,Alzheimer disease 14,http://purl.obolibrary.org/obo/MONDO_0012631,15,"Health & Medicine, Alzheimer Disease Ontology"
"In the ontology of Alzheimer's Disease, which of the following definitions best describes 'Alzheimer disease 19'?","A. Any Alzheimer disease in which the cause of the disease is a mutation in the PLD3 gene.

B. A tauopathy that is characterized by memory lapses, confusion, emotional instability and progressive loss of mental ability and results in progressive memory loss, impaired thinking, disorientation, and changes in personality and mood starting and leads in advanced cases to a profound decline in cognitive and physical functioning and is marked histologically by the degeneration of brain neurons especially in the cerebral cortex and by the presence of neurofibrillary tangles and plaques containing beta-amyloid.

C. A stage of Alzheimer's disease where symptoms appear such as concern regarding a change in cognition (raised either by the patient himself/herself or by an informant who knows the patient well), impairment in one or more cognitive domains, preservation of independence in functional abilities and other non-demented symptoms.

D. Any Alzheimer disease in which the cause of the disease is a mutation in the ADAM10 gene.",A,1_1,Alzheimer disease 19,http://purl.obolibrary.org/obo/MONDO_0014316,13,"Health & Medicine, Alzheimer Disease Ontology"
"In the ontology of Alzheimer's Disease, which of the following definitions best describes 'corticobasal syndrome'?","A. Corticobasal syndrome (CBS) is a rare neurodegenerative disease characterized by multifaceted motor system dysfunctions and cognitive defects such as asymmetric rigidity, bradykinesia, limb apraxia, and visuospatial dysfunction.

B. A neurodegenerative disease that has_material_basis_in the pathological aggregation of tau protein in so-called neurofibrillary tangles (NFT) in the human brain.

C. OMIM mapping confirmed by DO. [SN].

D. A neurodegenerative disease that has_material_basis_in autosomal dominant inheritance and is characterized by unwanted choreatic movements, behavioral and psychiatric disturbances and dementia and has_material_basis_in expansion of CAG triplet repeats (glutamine) resulting in neuron degeneration affecting muscle coordination, cognitive abilities.",A,1_1,corticobasal syndrome,http://purl.obolibrary.org/obo/MONDO_0018696,11,"Health & Medicine, Alzheimer Disease Ontology"
"In the ontology of Alzheimer's Disease, which of the following definitions best describes 'acetylation'?","A. Formation of a covalent bond between a substrate and an acetyl group.

B. A molecular process in which a covalent bond is formed.

C. The formation of at least two single bonds between a metal atom and a ligand.

D. The basic cellular unit of nervous tissue. Each neuron consists of a body, an axon, and dendrites. Their purpose is to receive, conduct, and transmit impulses in the nervous system.",A,1_1,acetylation,http://purl.obolibrary.org/obo/MOP_0000030,6,"Health & Medicine, Alzheimer Disease Ontology"
"In the ontology of Alzheimer's Disease, which of the following definitions best describes 'oxidative stress'?","A. The organic response of tissues to external insult, injury or underlying genetic or epigenetic lesion.

B. A reduction in size of organs or tissues as a result of cell death, loss of cellularity of whatever cause, reduced cellular proliferation or decreased cellular volume.

C. Energy dependent cell death induced by intrinsic genetic or developmental programme, or external stimuli such as addition or withdrawal of cytokines or trophic factors, radiation, chemotherapeutic agents etc. Characterised by cell shrinkage, increases in membrane permeability, endonucleolyis and nuclear fragmentation resulting in the formation of rapidly endocytosed apoptotic bodies.

D. condition characterized by an accumulation of free radical groups in the body, which creates a potentially unstable and damaging cellular environment linked to tissue damage, accelerated aging, and degenerative disease; can result from many factors, including exposure to alcohol, medications, poor nutrition, trauma, cold or toxins; may be indicated by low antioxidant levels measured in blood plasma",D,1_1,oxidative stress,http://purl.obolibrary.org/obo/MP_0003674,6,"Health & Medicine, Alzheimer Disease Ontology"
"In the ontology of Alzheimer's Disease, which of the following definitions best describes 'impulsive behavior'?","A. ""Behavior related to the intake of substances."" [NBOC:GVG]

B. ""The action, reaction, or performance of an organism in response to external or internal stimuli."" [GO:GO\:0007610]

C. ""Behaviour related to cognitive processes."" [NBO:JH]

D. ""A behavior that occur quickly without control, planning, or consideration of the consequences of that behavior."" [NBO:GVG]",D,1_1,impulsive behavior,http://purl.obolibrary.org/obo/NBO_0000119,6,"Health & Medicine, Alzheimer Disease Ontology"
"In the ontology of Alzheimer's Disease, which of the following definitions best describes 'FOXO Family'?","A. A sub-family of the cysteine knot platelet-derived growth factor family. Members of the vascular endothelial growth factor (VEGF) family play a role in the promotion of embryonic vasculogenesis and the stimulation of angiogenesis during physiologic and pathologic processes.

B. A family of highly-conserved proteins that are synthesized in response to hyperthermia (heat shock), hypoxia, or other stresses that appear to increase cellular thermal tolerance and enable cells to recover from stress. Some heat shock proteins may protect other proteins from denaturation, degradation or perform functions essential to cell survival under these conditions.

C. A subfamily within the forkhead box (FOX) protein family, which is a family of transcription factors that contain a forkhead DNA-binding domain. FOXO proteins regulate apoptosis, cell-cycle progression, oxidative-stress resistance, and tumor suppression. The transcriptional promoter activity of these factors is regulated by post-translational modifications, such as phosphorylation, acetylation, and monoubiquitination.

D. Small, soluble Synuclein Family proteins are a group of highly conserved post-transcriptionally modified Alpha, Beta, and Gamma proteins expressed primarily in neural tissue and often localized near synaptic vesicles. Synucleins may inhibit PLD2 and regulate vesicular transport. In the N-terminal portion, synucleins have a conserved repeated 11-residue amphipathic alpha-helical motif similar to the lipid-binding A2 domain of apolipoproteins. Synucleins also contain several repeated variations of a highly conserved KTKEGV domain, also present in rho family proteins. In brain, synucleins may be phosphorylated by Ca2+ calmodulin protein kinase II. Synucleins are overexpressed in breast carcinomas and mutations are associated with neurodegenerative illnesses.",C,1_1,FOXO Family,http://purl.obolibrary.org/obo/NCIT_C118892,7,"Health & Medicine, Alzheimer Disease Ontology"
"In the ontology of Alzheimer's Disease, which of the following definitions best describes 'Montreal Cognitive Assessment Functional Test'?","A. A tool used as a new 6-8 minute dementia screening, consisting of 5 short subtests, which is objective both in performance and evaluation.

B. The second version of California Verbal Learning Test, a neuropsychological test developed to make a comprehensive and detailed assessment of verbal learning and memory in individuals ranging in age from 16 to 89 years.

C. A standardized rating scale developed by Ziad Nasreddine in 1996 to screen for mild cognitive dysfunction and impairment. This instrument assesses the following cognitive domains: attention and concentration, executive functions, memory, language, visuoconstructional skills, conceptual thinking, calculations, and orientation.

D. An instrument consisting of a predetermined set of questions for a clinical or research assessment.",C,1_1,Montreal Cognitive Assessment Functional Test,http://purl.obolibrary.org/obo/NCIT_C123667,7,"Health & Medicine, Alzheimer Disease Ontology"
"In the ontology of Alzheimer's Disease, which of the following definitions best describes 'Have Indigestion'?","A. A question about how much difficulty an individual currently has learning new tasks or instructions.

B. A question about whether an individual has or had difficulty in swallowing.

C. A question pertaining to a clinical or research assessment.

D. A question about whether an individual has or had indigestion.",D,1_1,Have Indigestion,http://purl.obolibrary.org/obo/NCIT_C125913,8,"Health & Medicine, Alzheimer Disease Ontology"
"In the ontology of Alzheimer's Disease, which of the following definitions best describes 'Resting State Functional Connectivity Magnetic Resonance Imaging'?","A. Anatomical structure which has as its parts one or more ordered aggregates of nucleotide, amino acid fatty acid or sugar molecules bonded to one another. Examples: collagen, DNA, neurotransmitter, troponin.

B. An application of functional MRI used to measure cerebral blood flow. ASL uses magnetically labeled water as the tracer.

C. Imaging that uses radiofrequency waves and a strong magnetic field rather than x-rays to provide detailed pictures of internal organs and tissues. The technique is valuable for the diagnosis of many pathologic conditions, including cancer, heart and vascular disease, stroke, and joint and musculoskeletal disorders.

D. A technique that monitors blood oxygen level dependent (BOLD) signals to map brain regions that active while not performing any specific task.",D,1_1,Resting State Functional Connectivity Magnetic Resonance Imaging,http://purl.obolibrary.org/obo/NCIT_C129326,9,"Health & Medicine, Alzheimer Disease Ontology"
"In the ontology of Alzheimer's Disease, which of the following definitions best describes 'MT-RNR2 Gene'?","A. Any process that modulates a measurable attribute of any biological process, quality or function.

B. This gene plays a role in both mitochondrial protein translation and apoptosis regulation.

C. An interventional study in which the person collecting the data knows whether the subjects are in the control or experimental groups but the subjects do not.

D. A gene of Homo sapiens that has a RNA gene disposition",B,1_1,MT-RNR2 Gene,http://purl.obolibrary.org/obo/NCIT_C131258,8,"Health & Medicine, Alzheimer Disease Ontology"
"In the ontology of Alzheimer's Disease, which of the following definitions best describes 'Guinea Pig'?","A. Any primate that is not a prosimian (lemurs and tarsiers) or an ape.

B. The domesticated guinea pig, Cavia porcellus.

C. An animal that is amenable to experimentation and whose physiological or pathologic mechanisms are sufficiently similar to those of a human for the animal to serve as a model.

D. A disease in a transgenic animal with pathologic mechanisms sufficiently similar to those of a human disease for the animal disease to serve as a model.",B,1_1,Guinea Pig,http://purl.obolibrary.org/obo/NCIT_C14211,9,"Health & Medicine, Alzheimer Disease Ontology"
"In the ontology of Alzheimer's Disease, which of the following definitions best describes 'Blood Inflammatory Marker'?","A. The medial temporal lobes are near the Sagittal plane that divides left and right cerebral hemispheres and are thought to be involved in episodic, declarative memory.

B. A family of protein growth factors produced by the nervous system and peripheral target tissues. These proteins are critical for development, growth, regeneration, survival, and differentiation of neurons.

C. A non-parametric test of the null hypothesis that two populations are the same against an alternative hypothesis

D. A substance detectable in the blood that can be used to assess levels of inflammation in the body.",D,1_1,Blood Inflammatory Marker,http://purl.obolibrary.org/obo/NCIT_C143955,7,"Health & Medicine, Alzheimer Disease Ontology"
"In the ontology of Alzheimer's Disease, which of the following definitions best describes 'Case Study'?","A. Research project that uses or collects measurements or assessments about humans.

B. An uncontrolled observational study containing a detailed report of the diagnosis, treatment, and follow-up of an individual patient. Case reports also contain some demographic information about the patient (for example, age, gender, ethnic origin).

C. Research conducted with human subjects or on material of human origin in which an investigator directly interacts with human subjects; includes development of new technologies, study of mechanisms of human diseases, therapy, clinical trials, epidemiologic, behavior, and health services research.

D. A human study of diseases in populations of humans or other animals, specifically how, when and where they occur. Epidemiological studies can never prove causation, epidemiological evidence can only show that this risk factor is correlated with a higher incidence of disease in the population exposed to that risk factor. The higher the correlation the more certain the association, but it cannot prove the causation.",B,1_1,Case Study,http://purl.obolibrary.org/obo/NCIT_C15362,6,"Health & Medicine, Alzheimer Disease Ontology"
"In the ontology of Alzheimer's Disease, which of the following definitions best describes 'Peptide Hormone'?","A. Small proteins that function as hormonal signals, synthesized and secreted by one tissue or organ with physiological effects on other tissues or organs.

B. A protein that is a translation product of the human APP gene or a 1:1 ortholog thereof.

C. Collection of proteins that are evolutionarily related. This is reflected in the structural and functional similarities as well as in the extent of sequence conservation or residue identity. (from SCOP)

D. Chromogranins are acidic secretory glycoproteins with a widespread but specific distribution in neuroendocrine tissues. The chromogranin family is heterogenous, consisting of propeptides such as chromogranin-A, chromogranin-B and secretogranin II, which can either elicit an effect themselves, or serve as precursors to a large number of peptides, which are biologically more active.",A,1_1,Peptide Hormone,http://purl.obolibrary.org/obo/NCIT_C1746,6,"Health & Medicine, Alzheimer Disease Ontology"
"In the ontology of Alzheimer's Disease, which of the following definitions best describes 'Genotype'?","A. The genetic constitution of an organism or cell, as distinct from its expressed features or phenotype.

B. b is a relational quality = Def. for some independent continuants c, d and for some time t: b quality_of c at t & b quality_of d at t. (axiom label in BFO2 Reference: [057-001])

C. Anything that contributes causally to a result.

D. An organismal quality inhering in a bearer by virtue of the bearer's preference towards a range of characteristics pertaining to, and differentiating between, masculinity and femininity.",A,1_1,Genotype,http://purl.obolibrary.org/obo/NCIT_C16631,5,"Health & Medicine, Alzheimer Disease Ontology"
"In the ontology of Alzheimer's Disease, which of the following definitions best describes 'Computed Tomography'?","A. Any method that uses a visual display of structural or functional patterns of organs or tissues for diagnostic evaluation.

B. A method of examining structures within the body by scanning them with X rays and using a computer to construct a series of cross-sectional scans along a single axis.

C. A radiographic procedure using the emission of x-rays to form an image of the structure penetrated by the radiation.

D. Imaging that uses radiofrequency waves and a strong magnetic field rather than x-rays to provide detailed pictures of internal organs and tissues. The technique is valuable for the diagnosis of many pathologic conditions, including cancer, heart and vascular disease, stroke, and joint and musculoskeletal disorders.",B,1_1,Computed Tomography,http://purl.obolibrary.org/obo/NCIT_C17204,8,"Health & Medicine, Alzheimer Disease Ontology"
"In the ontology of Alzheimer's Disease, which of the following definitions best describes 'Functional Magnetic Resonance Imaging'?","A. The visualization of physiological, cellular or molecular processes in living tissue in real time as they take place in cells, for example, blood flow, oxygen consumption or glucose metabolism. (Bypass Budget)

B. Any molecule that consists of at least one carbon atom as part of the electrically neutral entity.

C. Neuroglial cells of ectodermal origin, i.e., the astrocytes and oligodendrocytes considered together. Originally, the term was used for the astrocytes alone.

D. The principle of functional MRI imaging is to take a series of images of an organ in quick succession and to statistically analyze the images for differences among them. Most commonly used in studies of brain function.",D,1_1,Functional Magnetic Resonance Imaging,http://purl.obolibrary.org/obo/NCIT_C17958,8,"Health & Medicine, Alzheimer Disease Ontology"
"In the ontology of Alzheimer's Disease, which of the following definitions best describes 'Evaluation'?","A. A planned process whose completion is hypothesized by a health care provider to eliminate, prevent, or alleviate the signs and symptoms of a disorder or pathological process

B. the part of the execution of an intervention design study which is varied between two or more subjects in the study

C. Systematic, objective appraisal of the significance, effectiveness, and impact of activities or condition according to specified objectives and criteria.

D. a clinical trial is a medical interventional study where participants are assigned prospectively to an intervention or interventions according to a protocol to evaluate the safety and efficacy of the intervention(s) on biomedical or other health related outcomes. The Interventions include but are not restricted to drugs, cells and other biological products, surgical procedures, radiologic procedures, devices, behavioral treatments, process-of-care changes, preventive care, etc.",C,1_1,Evaluation,http://purl.obolibrary.org/obo/NCIT_C25214,5,"Health & Medicine, Alzheimer Disease Ontology"
"In the ontology of Alzheimer's Disease, which of the following definitions best describes 'Eicosanoid'?","A. A class of fatty acids derived from the oxidation of one of three 20-carbon fatty acids: eicosapentaenoic acid (EPA), arachidonic acid (AA), or dihomo-gamma-linolenic acid (DGLA). Eicosanoids act locally as autocrine or paracrine hormones to modulate a wide variety of biological processes.

B. Any lipid formally derived from isoprene (2-methylbuta-1,3-diene), the skeleton of which can generally be discerned in repeated occurrence in the molecule. The skeleton of isoprenoids may differ from strict additivity of isoprene units by loss or shift of a fragment, commonly a methyl group. The class includes both hydrocarbons and oxygenated derivatives.

C. 'Lipids' is a loosely defined term for substances of biological origin that are soluble in nonpolar solvents. They consist of saponifiable lipids, such as glycerides (fats and oils) and phospholipids, as well as nonsaponifiable lipids, principally steroids.

D. A 3-oxo monocarboxylic acid anion that is the conjugate base of acetoacetic acid, arising from deprotonation of the carboxy group.",A,1_1,Eicosanoid,http://purl.obolibrary.org/obo/NCIT_C463,13,"Health & Medicine, Alzheimer Disease Ontology"
"In the ontology of Alzheimer's Disease, which of the following definitions best describes 'Nested Case-control Study'?","A. A clinical tool that measures and evaluates cognition of the patient with certain time intervals while maintaining the consistency in parameters employed in testing.

B. A study in which a group or cohort of individuals is followed for a certain length of time or until a specific outcome is reached. Studies of this type incorporate the strengths of both cohort and case-control studies but eliminates a portion of the methodologic challenges inherent in both types of studies.

C. A study in which participants with no known disease are initially assessed, and then reassessed for the same characteristic at mutiple timepoints in the future.

D. A sesquiterpene alkaloid isolated from a club moss Huperzia serrata that has been shown to exhibit neuroprotective activity.",B,1_1,Nested Case-control Study,http://purl.obolibrary.org/obo/NCIT_C48202,8,"Health & Medicine, Alzheimer Disease Ontology"
"In the ontology of Alzheimer's Disease, which of the following definitions best describes 'Phase IIa Trial'?","A. A clinical research protocol generally referred to as a well-controlled and pivotal trial that aims to prove the mechanism of action of the new intervention in question. A pivotal study will generally be well-controlled, randomized, of adequate size, and whenever possible, double-blind.

B. A clinical research protocol generally referred to as a pilot or feasibility trial that aims to prove the concept of the new intervention in question.

C. A reduction in size of organs or tissues as a result of cell death, loss of cellularity of whatever cause, reduced cellular proliferation or decreased cellular volume.

D. A clinical trial that uses an investigational agent that is available only in very limited quantities and which has never previously given to humans or for which there is extremely limited human experience. Phase 0 clinical trials are intended to enable researchers to understand the path of the drug in the body and its efficacy. Adverse event reporting in Phase 0 trials is expedited.",B,1_1,Phase IIa Trial,http://purl.obolibrary.org/obo/NCIT_C49686,8,"Health & Medicine, Alzheimer Disease Ontology"
"In the ontology of Alzheimer's Disease, which of the following definitions best describes 'Age-Adjusted Mortality Rate'?","A. A rate of deaths (in general, or due to a specific cause) that in a particular population, scaled to the size of that population, per unit of time.

B. A heterocyclic thia fatty acid comprising pentanoic acid with a 1,2-dithiolan-3-yl group at the 5-position.

C. A racemate comprising equal amounts of (1R,2S)- and (1S,2R)-2-phenylcyclopropan-1-amine. An irreversible monoamine oxidase inhibitor that is used as an antidepressant (INN tranylcypromine).

D. The death rate, or proportion of a given population that dies, during a specified time period, statistically modified to eliminate the effect of the various age distributions.",D,1_1,Age-Adjusted Mortality Rate,http://purl.obolibrary.org/obo/NCIT_C53360,7,"Health & Medicine, Alzheimer Disease Ontology"
"In the ontology of Alzheimer's Disease, which of the following definitions best describes 'Phase 0 Trial'?","A. A clinical trial that uses an investigational agent that is available only in very limited quantities and which has never previously given to humans or for which there is extremely limited human experience. Phase 0 clinical trials are intended to enable researchers to understand the path of the drug in the body and its efficacy. Adverse event reporting in Phase 0 trials is expedited.

B. C3b is the principal protein fragment produced when complement component C3 is cleaved by convertases of either the classical or alternative pathway. C3b aids in opsonization.

C. A clinical research protocol generally referred to as a well-controlled and pivotal trial that aims to prove the mechanism of action of the new intervention in question. A pivotal study will generally be well-controlled, randomized, of adequate size, and whenever possible, double-blind.

D. A clinical research protocol generally referred to as a pilot or feasibility trial that aims to prove the concept of the new intervention in question.",A,1_1,Phase 0 Trial,http://purl.obolibrary.org/obo/NCIT_C54721,8,"Health & Medicine, Alzheimer Disease Ontology"
"In the ontology of Alzheimer's Disease, which of the following definitions best describes 'Wide Range Achievement Test, 3rd Edition'?","A. Measures basic skills in reading, arithmetic, and spelling. It is a screening test that can be administered to determine if a more comprehensive achievement test is needed.

B. A standardized rating scale developed by Ziad Nasreddine in 1996 to screen for mild cognitive dysfunction and impairment. This instrument assesses the following cognitive domains: attention and concentration, executive functions, memory, language, visuoconstructional skills, conceptual thinking, calculations, and orientation.

C. A standardized rating scale originally developed by Chouinard et al in 1980, which is used to measure drug-induced extrapyramidal symptoms (EPS) or 4 types of drug-induced movement disorders (DIMD): parkinsonism, akathisia, dystonia, and tardive dyskinesia. The questionnaire contains 28 questions and generates 4 subscales and 4 clinical global impression severity (CGI-S) scales.

D. Any evaluation or assessment tool used to ascertain a patient's condition or diagnosis.",A,1_1,"Wide Range Achievement Test, 3rd Edition",http://purl.obolibrary.org/obo/NCIT_C62716,7,"Health & Medicine, Alzheimer Disease Ontology"
"In the ontology of Alzheimer's Disease, which of the following definitions best describes 'adverse drug effect'?","A. an adverse effect that occurs after a drug administration: an appreciably harmful or unpleasant reaction resulting from an intervention related to the use of a medicinal product

B. A disposition (i) to undergo pathological processes that (ii) exists in an organism because of one or more disorders in that organism.

C. A sequence alteration that is very rare allele in a population (typically <1%), or an experimentally-induced variation that derives from a wild-type feature in a given strain.

D. A mental disposition is a bodily disposition that is realized in a mental process.",A,1_1,adverse drug effect,http://purl.obolibrary.org/obo/OAE_0001011,6,"Health & Medicine, Alzheimer Disease Ontology"
"In the ontology of Alzheimer's Disease, which of the following definitions best describes 'derived data from inferential statistical analysis'?","A. A measurement datum is an information content entity that is a recording of the output of a measurement such as produced by a device.

B. a data item that is about a patient and is the specified output of a health care process assay or diagnostic process

C. A data item that is derived from an inferential statistical data analysis.

D. A data item which is the ratio of observed deaths in the study group to expected deaths in the general population.",C,1_1,derived data from inferential statistical analysis,http://purl.obolibrary.org/obo/OBCS_0000220,6,"Health & Medicine, Alzheimer Disease Ontology"
"In the ontology of Alzheimer's Disease, which of the following definitions best describes 'Incidence rate'?","A. A data item that refers to the number of individuals with a given disease at a given point in time divided by the population at risk at a specified point in time or over a specified period of time.

B. A quality of a single process inhering in a bearer by virtue of the bearer's occurrence per unit time.

C. A data item that refers to the number of new events that have occurred in a specific time interval divided by the population at risk at the beginning of the time interval. The result gives the likelihood of developing an event in that time interval.

D. Mortality from all causes in a given time interval, for a given population.",C,1_1,Incidence rate,http://purl.obolibrary.org/obo/OBCS_0000052,6,"Health & Medicine, Alzheimer Disease Ontology"
"In the ontology of Alzheimer's Disease, which of the following definitions best describes 'mann-whitney U test'?","A. A part, fraction, share, or number considered in relation to the whole amount or number.

B. A small membranous protrusion, often ending in a bulbous head and attached to the neuron by a narrow stalk or neck.

C. A non-parametric test of the null hypothesis that two populations are the same against an alternative hypothesis

D. a data transformation that has input of mulitple data and report overall trend of the data.",C,1_1,mann-whitney U test,http://purl.obolibrary.org/obo/OBCS_0000103,7,"Health & Medicine, Alzheimer Disease Ontology"
"In the ontology of Alzheimer's Disease, which of the following definitions best describes 'Student's t-test'?","A. Studen't t-test is a data transformation with the objective of a statistical hypothesis test in which the test statistic has a Student's t distribution if the null hypothesis is true. It is applied when the population is assumed to be normally distributed but the sample sizes are small enough that the statistic on which inference is based is not normally distributed because it relies on an uncertain estimate of standard deviation rather than on a precisely known value.

B. A statistical hypothesis test data transformation is a data transformation that has objective statistical hypothesis test.

C. The chi-square test is a data transformation with the objective of statistical hypothesis testing, in which the sampling distribution of the test statistic is a chi-square distribution when the null hypothesis is true, or any in which this is asymptotically true, meaning that the sampling distribution (if the null hypothesis is true) can be made to approximate a chi-square distribution as closely as desired by making the sample size large enough.

D. A component of a cell contained within (but not including) the plasma membrane. In eukaryotes it includes the nucleus and cytoplasm.",A,1_1,Student's t-test,http://purl.obolibrary.org/obo/OBI_0000739,7,"Health & Medicine, Alzheimer Disease Ontology"
"In the ontology of Alzheimer's Disease, which of the following definitions best describes 'exclusion criterion'?","A. an eligibility criterion (rule) is_a selection criterion which	defines and states the requirements (positive or negative) for an entity to be considered as suitable for a given task or participation in a process.

B. an exclusion criterion (rule) is_a *eligibility criterion* which defines and states a condition which, if met, makes an entity unsuitable for a given task or participation in a given process. For instance, in a study protocol, exclusion criteria indicate the conditions that prospective subjects SHOULD NOT meet to be eligible for participation in a study

C. An inhibitor that interferes the chemical reaction of BACE1

D. an inclusion criterion (rule) is_a *eligibility criterion* which defines and states a condition which, if met, makes an entity suitable for a given task or participation in a given process. For instance, in a study protocol, inclusion criteria indicate the conditions that prospective subjects MUST meet to be eligible for participation in a study.",B,1_1,exclusion criterion,http://purl.obolibrary.org/obo/OBI_0500028,6,"Health & Medicine, Alzheimer Disease Ontology"
"In the ontology of Alzheimer's Disease, which of the following definitions best describes 'gene of Homo sapiens with unknown gene disposition'?","A. A gene of Homo sapiens that has a pseudo gene disposition

B. A gene of an organism of Homo sapiens

C. A gene of Homo sapiens that has a unknown gene disposition

D. A gene of Homo sapiens that has a protein-coding gene disposition",C,1_1,gene of Homo sapiens with unknown gene disposition,http://purl.obolibrary.org/obo/OGG_2260009606,7,"Health & Medicine, Alzheimer Disease Ontology"
"In the ontology of Alzheimer's Disease, which of the following definitions best describes 'laboratory finding'?","A. A representation of a quality of a specimen that is the output of a laboratory test and that can support an inference to an assertion about some quality of the patient.

B. TODO: Define.

C. A representation that is either the output of a clinical history taking or a physical examination or an image finding, or some combination thereof.

D. A family of highly-conserved proteins that are synthesized in response to hyperthermia (heat shock), hypoxia, or other stresses that appear to increase cellular thermal tolerance and enable cells to recover from stress. Some heat shock proteins may protect other proteins from denaturation, degradation or perform functions essential to cell survival under these conditions.",A,1_1,laboratory finding,http://purl.obolibrary.org/obo/OGMS_0000018,8,"Health & Medicine, Alzheimer Disease Ontology"
"In the ontology of Alzheimer's Disease, which of the following definitions best describes 'vital sign'?","A. A physical sign in which a non-zero value is standardly considered to be an indication that the organism is alive.

B. Caspases are a family of intracellular cysteine proteinases involved in inflammation and apoptosis. These enzymes appear to be involved in the initial signaling events, as well as the downstream proteolytic cleavages, that result in apoptotic cell death. They are specific for aspartic acid at the P1 position and are divided into two classes based on the lengths of their N-terminal pro-domains. Caspases-1, -2, -4, -5, -8, and -10 have long pro-domains; caspases-3, -6, -7, and -9 have short pro-domains. (from Science 1998. 281:1312 and Br Med Bull 1997. 53:478)

C. A sign that arises in the early/preclinical stage of a disease

D. A quality of a patient, a material entity that is part of a patient, or a processual entity that a patient participates in, any one of which is observed in a physical examination and is deemed by the clinician to be of clinical significance.",A,1_1,vital sign,http://purl.obolibrary.org/obo/OGMS_0000029,3,"Health & Medicine, Alzheimer Disease Ontology"
"In the ontology of Alzheimer's Disease, which of the following definitions best describes 'onset'?","A. A stage where cognitive impiarment suddenly arises

B. a part of an occurrence of a disease process which is associated with position in the normal progression of the disease

C. A disease stage at which a person may function independently. He or she may still drive, work and be a part of social activities. Despite this, the person may feel as if he or she is having memory lapses, such as forgetting familiar words or the location of everyday objects.

D. A disease stage that marks the beginning of a disease",D,1_1,onset,http://purl.obolibrary.org/obo/OGMS_0000118,5,"Health & Medicine, Alzheimer Disease Ontology"
"In the ontology of Alzheimer's Disease, which of the following definitions best describes 'Endophenotypes'?","A. A (combination of) quality(ies) of an organism determined by the interaction of its genetic make-up and environment that differentiates specific instances of a species from other instances of the same species.

B. A membrane-bounded organelle that receives incoming material from primary endocytic vesicles that have been generated by clathrin-dependent and clathrin-independent endocytosis; vesicles fuse with the early endosome to deliver cargo for sorting into recycling or degradation pathways.

C. An endophenotype (also known as intermediate phenotype) is a quantitative biological trait that is reliable in reflecting the function of a discrete biological system and is reasonably heritable, and as such is more closely related to the root cause of the disease than the broad clinical phenotype.

D. The directed movement of lipids into, out of or within a cell, or between cells, by means of some agent such as a transporter or pore. Lipids are compounds soluble in an organic solvent but not, or sparingly, in an aqueous solvent.",C,1_1,Endophenotypes,http://purl.obolibrary.org/obo/OMIT_0027103,6,"Health & Medicine, Alzheimer Disease Ontology"
"In the ontology of Alzheimer's Disease, which of the following definitions best describes 'truncated'?","A. The death rate, or proportion of a given population that dies, during a specified time period, statistically modified to eliminate the effect of the various age distributions.

B. Organic compounds containing an oxygen atom, =O, doubly bonded to carbon or another element.

C. A morphological quality inhering in a bearer by virtue of the bearer's ratios of distances between its features (points, edges, surfaces and also holes etc).

D. A shape quality inhering in a bearer by virtue of the bearer's terminating abruptly by having or as if having an end or point cut off.",D,1_1,truncated,http://purl.obolibrary.org/obo/PATO_0000936,7,"Health & Medicine, Alzheimer Disease Ontology"
"In the ontology of Alzheimer's Disease, which of the following definitions best describes 'NFAT protein'?","A. A family of protein growth factors produced by the nervous system and peripheral target tissues. These proteins are critical for development, growth, regeneration, survival, and differentiation of neurons.

B. A protein that is produced as the result of proteolytic processing of a longer protein.

C. A protein that contains a Rel homology domain (RHD) (Pfam:PF00554) followed by an IPT/TIG domain (Pfam:PF01833).

D. A protein that is a translation product of the human APP gene or a 1:1 ortholog thereof.",C,1_1,NFAT protein,http://purl.obolibrary.org/obo/PR_000003112,6,"Health & Medicine, Alzheimer Disease Ontology"
"In the ontology of Alzheimer's Disease, which of the following definitions best describes 'Comparative Study'?","A. Research conducted with human subjects or on material of human origin in which an investigator directly interacts with human subjects; includes development of new technologies, study of mechanisms of human diseases, therapy, clinical trials, epidemiologic, behavior, and health services research.

B. Comparison of outcomes, results, responses, etc for different techniques, therapeutic approaches or other inputs.

C. A study in which participants with no known disease are initially assessed, and then reassessed for the same characteristic at mutiple timepoints in the future.

D. A study in which the participants are assigned by chance to separate groups to evaluate treatments. The study also includes a control group, which is undergoing the same rigors of the study with placebo treatment or standard treatment. The trial can also be controlled by the addition of a test group to ensure there are no factors present to skew the results and by the inclusion of peer-review analysis by appropriate government officials. 2005",B,1_1,Comparative Study,http://purl.obolibrary.org/obo/SCDO_0000268,7,"Health & Medicine, Alzheimer Disease Ontology"
"In the ontology of Alzheimer's Disease, which of the following definitions best describes 'Kidney Function Test'?","A. Any evaluation or assessment tool used to ascertain a patient's condition or diagnosis.

B. Any aromatic carboxylic acid that consists of benzene in which at least a single hydrogen has been substituted by a carboxy group.

C. Laboratory tests used to evaluate how well the kidneys are working through examination of blood and urine.

D. Subdivision of telencephalon which is one of a number of subdivisions of each hemisphere separated by both real landmarks (sulci and fissures) and arbitrary boundaries[FMA,modified].",C,1_1,Kidney Function Test,http://purl.obolibrary.org/obo/SCDO_0000676,6,"Health & Medicine, Alzheimer Disease Ontology"
"In the ontology of Alzheimer's Disease, which of the following definitions best describes 'inflammation'?","A. Enlargement; expansion in size; sign of inflammation

B. Necrosis is a general symptom where death of a portion of tissue differentially affected by local injury (as loss of blood supply, corrosion, burning, or the local lesion of a disease).

C. Insomnia is a sleep disturbance characterized by prolonged and usually abnormal inability to obtain adequate sleep.

D. Inflammation is a general symptom where there is a local response to cellular injury that is marked by capillary dilatation, leukocytic infiltration, redness, heat, pain, swelling, and often loss of function and that serves as a mechanism initiating the elimination of noxious agents and of damaged tissue.",D,1_1,inflammation,http://purl.obolibrary.org/obo/SYMP_0000061,7,"Health & Medicine, Alzheimer Disease Ontology"
"In the ontology of Alzheimer's Disease, which of the following definitions best describes 'necrosis'?","A. Inflammation is a general symptom where there is a local response to cellular injury that is marked by capillary dilatation, leukocytic infiltration, redness, heat, pain, swelling, and often loss of function and that serves as a mechanism initiating the elimination of noxious agents and of damaged tissue.

B. Insomnia is a sleep disturbance characterized by prolonged and usually abnormal inability to obtain adequate sleep.

C. Necrosis is a general symptom where death of a portion of tissue differentially affected by local injury (as loss of blood supply, corrosion, burning, or the local lesion of a disease).

D. Enlargement; expansion in size; sign of inflammation",C,1_1,necrosis,http://purl.obolibrary.org/obo/SYMP_0000132,7,"Health & Medicine, Alzheimer Disease Ontology"
"In the ontology of Alzheimer's Disease, which of the following definitions best describes 'nausea'?","A. Nausea is a digestive system symptom characterized by an uneasy or unsettled feeling in the stomach together with an urge to vomit.

B. An androstanoid having 17beta-hydroxy and 3-oxo groups, together with unsaturation at C-4-C-5..

C. Constipation is a feces and droppings symptom involving the abnormally delayed or infrequent passage of dry hardened feces.

D. Forceful ejection of the contents of the stomach through the mouth by means of a series of involuntary spasmic contractions.",A,1_1,nausea,http://purl.obolibrary.org/obo/SYMP_0000458,7,"Health & Medicine, Alzheimer Disease Ontology"
"In the ontology of Alzheimer's Disease, which of the following definitions best describes 'headache'?","A. Headache is a pain characterized by a pain in the head.

B. A sensation perception where there is an unpleasant sensation that usually indicates the body is threatened or damaged. The sensation may be sharp or dull, short-lived or chronic, intermittent or continual, confined to one area or spread over the entire body.

C. Use of a drug that inhibits angiotensin-converting enzyme (ACE) 2, an enzyme that catalyzes the conversion of angiotensin I to angiotensin II.

D. Heartburn is a pain characterized by a painful burning feeling in your chest or throat that happens when stomach acid backs up into your esophagus.",A,1_1,headache,http://purl.obolibrary.org/obo/SYMP_0000504,8,"Health & Medicine, Alzheimer Disease Ontology"
"In the ontology of Alzheimer's Disease, which of the following definitions best describes 'dizziness'?","A. Confusion is a neurological and physiological symptom characterized by a disturbance of consciousness characterized by inability to engage in orderly thought or by lack of power to distinguish, choose, or act decisively.

B. Anxiety is a neurological and physiological symptom characterized by a painful or apprehensive uneasiness of mind usually over an impending or anticipated ill.

C. Dizziness is a neurological and physiological symptom characterized by a sensation of unsteadiness accompanied by a feeling of movement within the head.

D. Grey matter neocortex region of a lobe of the cerebral hemisphere.",C,1_1,dizziness,http://purl.obolibrary.org/obo/SYMP_0000610,7,"Health & Medicine, Alzheimer Disease Ontology"
"In the ontology of Alzheimer's Disease, which of the following definitions best describes 'stroke'?","A. A sensation perception where there is an unpleasant sensation that usually indicates the body is threatened or damaged. The sensation may be sharp or dull, short-lived or chronic, intermittent or continual, confined to one area or spread over the entire body.

B. Stroke is a nervous system symptom characterized by a sudden diminution or loss of consciousness, sensation, and voluntary motion caused by rupture or obstruction (as by a clot) of a blood vessel of the brain.

C. A nervous system symptom that involves, is related to, or emphasizes behavior.

D. Cognitive symptoms involve problems with concentration and memory and can be just as disabling as the other types of symptoms. The onset of cognitive symptoms is usually realised in the same way as negative symptoms in that they only begin to be noticeable after the dominance of psychotic episodes or positive symptoms have either been controlled with medication or diminished with age.",B,1_1,stroke,http://purl.obolibrary.org/obo/SYMP_0000734,7,"Health & Medicine, Alzheimer Disease Ontology"
"In the ontology of Alzheimer's Disease, which of the following definitions best describes 'malfunctioning process'?","A. Functioning process is a subtype of function-related process: A process that executes and manifests function.

B. Function-related process is a process that related to the execution of a function, a metafunction, and the malfunction.

C. Malfunctioning process is a subtype of function-related process: A process that cannot perform a function appropriately or cannot realize it at all.

D. Dysfunctioning is a subtype of malfunctioning process: A process that performs an abnormal and incomplete functioning.",C,1_1,malfunctioning process,http://purl.obolibrary.org/obo/TXPO_0000434,6,"Health & Medicine, Alzheimer Disease Ontology"
"In the ontology of Alzheimer's Disease, which of the following definitions best describes 'protein aggregation'?","A. The process in which one or more ubiquitin groups are added to a protein.

B. ceramide accumulation is a subtype of accumulation of substances in a biological object: A process that keeps ceramide in an organism, tissue, organelle, or cell.

C. Functioning process is a subtype of function-related process: A process that executes and manifests function.

D. Protein aggregation is a subtype of molecular assembly: The aggregation, arrangement and bonding together of molecules.",D,1_1,protein aggregation,http://purl.obolibrary.org/obo/TXPO_0002661,7,"Health & Medicine, Alzheimer Disease Ontology"
"In the ontology of Alzheimer's Disease, which of the following definitions best describes 'transcription factor'?","A. A role which enables the directed movement of substances (such as macromolecules, small molecules, ions) into, out of or within a cell, or between cells.

B. A role played by the entity of funtion as realizable entity.

C. A measurement performed in a clinical setting using clinician's observations and instrument data to inform patient care and research.

D. A role played by the entity to initiate or regulate transcription.",D,1_1,transcription factor,http://purl.obolibrary.org/obo/TXPO_0003645,7,"Health & Medicine, Alzheimer Disease Ontology"
"In the ontology of Alzheimer's Disease, which of the following definitions best describes 'histone deacetylase'?","A. A protein complex that plays a role in the intramembrane cleavage of integral proteins such as Notch receptors and amyloid beta A4 protein.

B. Catalysis role of the reaction: histone N6-acetyl-L-lysine + H2O = histone L-lysine + acetate. This reaction represents the removal of an acetyl group from a histone, a class of proteins complexed to DNA in chromatin and chromosomes.

C. A protein complex which is capable of catalytic activity.

D. Molecule catalyzing a modification on its interacting partner.",B,1_1,histone deacetylase,http://purl.obolibrary.org/obo/TXPO_0003670,8,"Health & Medicine, Alzheimer Disease Ontology"
"In the ontology of Alzheimer's Disease, which of the following definitions best describes 'ligand-gated ion channel'?","A. One of the distinct periods or stages into which the cell cycle is divided. Each phase is characterized by the occurrence of specific biochemical and morphological events.

B. A role played by the entity which enables the facilitated diffusion of a potassium ion (by an energy-independent process) involving passage through a transmembrane aqueous pore or channel without evidence for a carrier-mediated mechanism.

C. A role played by the entity which enables the facilitated diffusion of an ion (by an energy-independent process) by passage through a transmembrane aqueous pore or channel without evidence for a carrier-mediated mechanism. May be either selective (it enables passage of a specific ion only) or non-selective (it enables passage of two or more ions of same charge but different size).

D. A role played by the entity which enables the transmembrane transfer of an ion by a channel that opens when a specific ligand has been bound by the channel complex or one of its constituent parts.",D,1_1,ligand-gated ion channel,http://purl.obolibrary.org/obo/TXPO_0003680,9,"Health & Medicine, Alzheimer Disease Ontology"
"In the ontology of Alzheimer's Disease, which of the following definitions best describes 'ganglion'?","A. A data item that refers to the number of new events that have occurred in a specific time interval divided by the population at risk at the beginning of the time interval. The result gives the likelihood of developing an event in that time interval.

B. A symptom of failure to communicate with others.

C. A biological tissue mass, most commonly a mass of nerve cell bodies.

D. A small cluster of cells of various types which form a discrete structure, largely delimited by a morphological boundary and whose components work together to make the whole structure capable of a specific function.",C,1_1,ganglion,http://purl.obolibrary.org/obo/UBERON_0000045,11,"Health & Medicine, Alzheimer Disease Ontology"
"In the ontology of Alzheimer's Disease, which of the following definitions best describes 'cell cluster organ'?","A. A small cluster of cells of various types which form a discrete structure, largely delimited by a morphological boundary and whose components work together to make the whole structure capable of a specific function.

B. A cluster of cells, largely surrounded by a morphological boundary.

C. A biological tissue mass, most commonly a mass of nerve cell bodies.

D. Anatomical structure that has as its parts two or more multi-tissue structures of at least two different types and which through specific morphogenetic processes forms a single distinct structural unit demarcated by bona fide boundaries from other distinct anatomical structures of different types.",A,1_1,cell cluster organ,http://purl.obolibrary.org/obo/UBERON_0010001,10,"Health & Medicine, Alzheimer Disease Ontology"
"In the ontology of Alzheimer's Disease, which of the following definitions best describes 'organ'?","A. A cluster of cells, largely surrounded by a morphological boundary.

B. Anatomical structure that performs a specific function or group of functions [WP].

C. Anatomical structure that has as its parts two or more multi-tissue structures of at least two different types and which through specific morphogenetic processes forms a single distinct structural unit demarcated by bona fide boundaries from other distinct anatomical structures of different types.

D. An anatomical structure that has more than one cell as a part.",B,1_1,organ,http://purl.obolibrary.org/obo/UBERON_0000062,9,"Health & Medicine, Alzheimer Disease Ontology"
"In the ontology of Alzheimer's Disease, which of the following definitions best describes 'multicellular anatomical structure'?","A. Epithelial layer that lines the intestine.

B. The brain ventricles or their associated choroid plexuses

C. Cell layer consisting of lining cells that separates the central nervous system and the bloodstream. The BBB may consist of endothelial cells or glial cells. An endothelial barrier may have arisen independently several times during evolution. In bichir and lungfish the barrier is formed by brain endothelial cells, while in sturgeon it is formed by a complex perivascular glial sheath, but with no detectable tight junctions.

D. An anatomical structure that has more than one cell as a part.",D,1_1,multicellular anatomical structure,http://purl.obolibrary.org/obo/UBERON_0010000,8,"Health & Medicine, Alzheimer Disease Ontology"
"In the ontology of Alzheimer's Disease, which of the following definitions best describes 'central nervous system cell part cluster'?","A. A spatially aggregated collection of nerve cell bodies in the CNS, consisting of one or more subpopulations that share cell type, chemical phenotype, and connections, and including nearby cells that share the same cell type, chemical phenotype, and connections. (CUMBO)

B. A multi cell part structure that is part of a central nervous system.

C. A fasciculated bundle of neuron projections (GO:0043005), largely or completely lacking synapses.

D. A group of axons linking two or more neuropils and having a common origin, termination[FBbt].",B,1_1,central nervous system cell part cluster,http://purl.obolibrary.org/obo/UBERON_0011215,8,"Health & Medicine, Alzheimer Disease Ontology"
"In the ontology of Alzheimer's Disease, which of the following definitions best describes 'structure with developmental contribution from neural crest'?","A. Epithelial layer that lines the intestine.

B. An anatomical structure that has some part that develops from the neural crest.

C. Component of the temporal lobe on the mesial surface. The rostral and caudal boundaries of the entorhinal cortex are the rostral end of the collateral sulcus and the caudal end of the amygdala respectively. The medial boundary is the medial aspect of the temporal lobe and the lateral boundary is the collateral sulcus. (DK).

D. An anatomical structure that has more than one cell as a part.",B,1_1,structure with developmental contribution from neural crest,http://purl.obolibrary.org/obo/UBERON_0010314,8,"Health & Medicine, Alzheimer Disease Ontology"
"In the ontology of Alzheimer's Disease, which of the following definitions best describes 'morphological feature'?","A. A fluid that is composed of blood plasma and erythrocytes.

B. Material anatomical entity that is a single connected structure with inherent 3D shape generated by coordinated expression of the organism's own genome.

C. A part of an organism or organ that is continuous with its surroundings and distinguished from its surroundings based on morphology.

D. An anatomical structure that develops (entirely or partially) from the ectoderm.",C,1_1,morphological feature,http://purl.obolibrary.org/obo/UBERON_0034768,8,"Health & Medicine, Alzheimer Disease Ontology"
"In the ontology of Alzheimer's Disease, which of the following definitions best describes 'regional part of brain'?","A. Anatomical divisons of the brain according to one or more criteria, e.g. cytoarchitectural, gross anatomy. Parts may be contiguous in 3D or not, e.g., basal ganglia.

B. Component of the temporal lobe on the mesial surface. The rostral and caudal boundaries of the entorhinal cortex are the rostral end of the collateral sulcus and the caudal end of the amygdala respectively. The medial boundary is the medial aspect of the temporal lobe and the lateral boundary is the collateral sulcus. (DK).

C. The cingulate cortex is a part of the brain situated in the medial aspect of the cortex. It is extended from the corpus callosum below to the cingulate sulcus above, at least anteriorly. [WP,unvetted].

D. The anterior part of the frontal lobes of the brain, lying in front of the motor and premotor areas.nnThis brain region has been implicated in planning complex cognitive behaviors, personality expression, decision making and moderating correct social behavior. The basic activity of this brain region is considered to be orchestration of thoughts and actions in accordance with internal goals.nnThe most typical psychological term for functions carried out by the pre-frontal cortex area is executive function. Executive function relates to abilities to differentiate among conflicting thoughts, determine good and bad, better and best, same and different, future consequences of current activities, working toward a defined goal, prediction of outcomes, expectation based on actions, and social 'control' (the ability to suppress urges that, if not suppressed, could lead to socially-unacceptable outcomes).nnMany authors have indicated an integral link between a person's personality and the functions of the prefrontal cortex. - definition adapted from Wikipedia.",A,1_1,regional part of brain,http://purl.obolibrary.org/obo/UBERON_0002616,11,"Health & Medicine, Alzheimer Disease Ontology"
"In the ontology of Alzheimer's Disease, which of the following definitions best describes 'tissue'?","A. A cluster of cells, largely surrounded by a morphological boundary.

B. Multicellular anatomical structure that consists of many cells of one or a few types, arranged in an extracellular matrix such that their long-range organisation is at least partly a repetition of their short-range organisation.

C. Portion of tissue, that consists of one or more layers of epithelial cells connected to each other by cell junctions and which is underlain by a basal lamina. Examples: simple squamous epithelium, glandular cuboidal epithelium, transitional epithelium, myoepithelium[CARO].

D. Anatomical structure that performs a specific function or group of functions [WP].",B,1_1,tissue,http://purl.obolibrary.org/obo/UBERON_0000479,9,"Health & Medicine, Alzheimer Disease Ontology"
"In the ontology of Alzheimer's Disease, which of the following definitions best describes 'squamous epithelium'?","A. Unilaminar epithelium which consists of a single layer of squamous cells. Examples: pulmonary alveolar epithelium, endothelium.[FMA].

B. Portion of tissue, that consists of one or more layers of epithelial cells connected to each other by cell junctions and which is underlain by a basal lamina. Examples: simple squamous epithelium, glandular cuboidal epithelium, transitional epithelium, myoepithelium[CARO].

C. Epithelium that derives from the mesoderm. [Automatically generated definition].

D. An epithelium characterised by its most superficial layer consisting of squamous epithelial cells.",D,1_1,squamous epithelium,http://purl.obolibrary.org/obo/UBERON_0006914,11,"Health & Medicine, Alzheimer Disease Ontology"
"In the ontology of Alzheimer's Disease, which of the following definitions best describes 'intestinal epithelium'?","A. Epithelial layer that lines the intestine.

B. A part of an organism or organ that is continuous with its surroundings and distinguished from its surroundings based on morphology.

C. An anatomical structure that develops (entirely or partially) from the ectoderm.

D. A fluid that is composed of blood plasma and erythrocytes.",A,1_1,intestinal epithelium,http://purl.obolibrary.org/obo/UBERON_0001277,8,"Health & Medicine, Alzheimer Disease Ontology"
"In the ontology of Alzheimer's Disease, which of the following definitions best describes 'transudate'?","A. A cognitive disorder that involves an excessive, irrational dread of everyday situations.

B. Liquid components of living organisms. includes fluids that are excreted or secreted from the body as well as body water that normally is not.

C. Any bodily fluid that has passed through a membrane such as the capillary wall, as a result of unbalanced hydrostatic and osmotic forces.

D. A clear, colorless, bodily fluid, that occupies the subarachnoid space and the ventricular system around and inside the brain and spinal cord.",C,1_1,transudate,http://purl.obolibrary.org/obo/UBERON_0007779,9,"Health & Medicine, Alzheimer Disease Ontology"
"In the ontology of Alzheimer's Disease, which of the following definitions best describes 'basal ganglion'?","A. Gray matter of the central nervous system which is a collection of clustered nuclei.

B. A gray matter that is part of a brain [Automatically generated definition].

C. Subcortical brain region lying anterior to the hippocampal formation in the temporal lobe and anterior to the temporal horn of the lateral ventricle in some species. It is usually subdivided into several groups. Functionally, it is not considered a unitary structure (MM).

D. An individual member of a collection of basal ganglia. Basal ganglia are subcortical masses of gray matter in the forebrain and midbrain that are richly interconnected and so viewed as a functional system. The nuclei usually included are the caudate nucleus (caudoputamen in rodents), putamen, globus pallidus, substantia nigra (pars compacta and pars reticulata) and the subthalamic nucleus. Some also include the nucleus accumbens and ventral pallidum[NIF,modified].",D,1_1,basal ganglion,http://purl.obolibrary.org/obo/UBERON_0002420,11,"Health & Medicine, Alzheimer Disease Ontology"
"In the ontology of Alzheimer's Disease, which of the following definitions best describes 'cerebral hemisphere gray matter'?","A. Subcortical brain region lying anterior to the hippocampal formation in the temporal lobe and anterior to the temporal horn of the lateral ventricle in some species. It is usually subdivided into several groups. Functionally, it is not considered a unitary structure (MM).

B. A region of the forebrain consisting of the caudate nucleus, putamen and fundus striati.[GO].

C. A portion of gray matter that is part of a telencephalon.

D. A gray matter that is part of a cerebral hemisphere.",D,1_1,cerebral hemisphere gray matter,http://purl.obolibrary.org/obo/UBERON_0005401,13,"Health & Medicine, Alzheimer Disease Ontology"
"In the ontology of Alzheimer's Disease, which of the following definitions best describes 'diencephalon'?","A. Part of the metencephalon that lies in the posterior cranial fossa behind the brain stem. It is concerned with the coordination of movement[MESH]. A large dorsally projecting part of the brain concerned especially with the coordination of muscles and the maintenance of bodily equilibrium, situated between the brain stem and the back of the cerebrum , and formed in humans of two lateral lobes and a median lobe[BTO]. Brain structure derived from the anterior hindbrain, and perhaps including posterior midbrain. The cerebellum plays a role in somatic motor function, the control of muscle tone, and balance[ZFA].

B. The division of the forebrain that develops from the foremost primary cerebral vesicle.

C. The cingulate cortex is a part of the brain situated in the medial aspect of the cortex. It is extended from the corpus callosum below to the cingulate sulcus above, at least anteriorly. [WP,unvetted].

D. Component of the temporal lobe on the mesial surface. The rostral and caudal boundaries of the entorhinal cortex are the rostral end of the collateral sulcus and the caudal end of the amygdala respectively. The medial boundary is the medial aspect of the temporal lobe and the lateral boundary is the collateral sulcus. (DK).",B,1_1,diencephalon,http://purl.obolibrary.org/obo/UBERON_0001894,12,"Health & Medicine, Alzheimer Disease Ontology"
"In the ontology of Alzheimer's Disease, which of the following definitions best describes 'endothelium'?","A. Unilaminar epithelium which consists of a single layer of squamous cells. Examples: pulmonary alveolar epithelium, endothelium.[FMA].

B. Epithelium that derives from the mesoderm. [Automatically generated definition].

C. A clear, colorless, bodily fluid, that occupies the subarachnoid space and the ventricular system around and inside the brain and spinal cord.

D. A layer of epithelium that lines the heart, blood vessels (endothelium, vascular), lymph vessels (endothelium, lymphatic), and the serous cavities of the body[MESH]. Simple squamous epithelium which lines blood and lymphatic vessels and the heart[FMA].",D,1_1,endothelium,http://purl.obolibrary.org/obo/UBERON_0001986,13,"Health & Medicine, Alzheimer Disease Ontology"
"In the ontology of Alzheimer's Disease, which of the following definitions best describes 'substantia nigra'?","A. Upper central part of the cerebral hemisphere. (MSH).

B. Predominantly gray matter midbrain structure lying dorsal to the crus cerebri and ventral to the midbrain tegmentum. It is divided into a dorsal, cellularly compact region known as the pars compacta and a more ventrally located, containing more loosely packed cells, the pars reticulata. The most lateral region of the reticulata is identified as the pars lateralis (MM).

C. An artery disease characterized by chronic elevated blood pressure in the arteries.

D. Nucleus located in the midbrain.",B,1_1,substantia nigra,http://purl.obolibrary.org/obo/UBERON_0002038,12,"Health & Medicine, Alzheimer Disease Ontology"
"In the ontology of Alzheimer's Disease, which of the following definitions best describes 'midbrain nucleus'?","A. Nucleus located within the hindbrain.

B. A neural nucleus that is part of the brain.

C. Nucleus located in the midbrain.

D. A nucleus of brain that is part of a brainstem.",C,1_1,midbrain nucleus,http://purl.obolibrary.org/obo/UBERON_0009661,11,"Health & Medicine, Alzheimer Disease Ontology"
"In the ontology of Alzheimer's Disease, which of the following definitions best describes 'locus ceruleus'?","A. A protein that is a translation product of the human APP gene or a 1:1 ortholog thereof.

B. A nucleus of brain that is part of a brainstem.

C. Nucleus located within the hindbrain.

D. The locus ceruleus is a dense cluster of neurons within the dorsorostral pons. This nucleus is the major location of neurons that release norepinephrine throughout the brain, and is responsible for physiological responses to stress and panic[GO]. Bluish region in the superior angle of the fourth ventricle floor, corresponding to melanin-like pigmented nerve cells which lie lateral to the ponto-mesencephalic central gray (griseum centrale). It is also known as nucleus pigmentosus pontis[GAID].",D,1_1,locus ceruleus,http://purl.obolibrary.org/obo/UBERON_0002148,12,"Health & Medicine, Alzheimer Disease Ontology"
"In the ontology of Alzheimer's Disease, which of the following definitions best describes 'brainstem nucleus'?","A. A neural nucleus that is part of the brain.

B. A nucleus of brain that is part of a brainstem.

C. Nucleus located in the midbrain.

D. The locus ceruleus is a dense cluster of neurons within the dorsorostral pons. This nucleus is the major location of neurons that release norepinephrine throughout the brain, and is responsible for physiological responses to stress and panic[GO]. Bluish region in the superior angle of the fourth ventricle floor, corresponding to melanin-like pigmented nerve cells which lie lateral to the ponto-mesencephalic central gray (griseum centrale). It is also known as nucleus pigmentosus pontis[GAID].",B,1_1,brainstem nucleus,http://purl.obolibrary.org/obo/UBERON_0006331,11,"Health & Medicine, Alzheimer Disease Ontology"
"In the ontology of Alzheimer's Disease, which of the following definitions best describes 'spinal cord'?","A. Anatomical divisons of the brain according to one or more criteria, e.g. cytoarchitectural, gross anatomy. Parts may be contiguous in 3D or not, e.g., basal ganglia.

B. Subdivision of telencephalon which is one of a number of subdivisions of each hemisphere separated by both real landmarks (sulci and fissures) and arbitrary boundaries[FMA,modified].

C. The central nervous system is the core nervous system that serves an integrating and coordinating function. In vertebrates it consists of the neural tube derivatives: the brain and spinal cord. In invertebrates it includes central ganglia plus nerve cord.

D. Part of the central nervous system located in the vertebral canal continuous with and caudal to the brain; demarcated from brain by plane of foramen magnum. It is composed of an inner core of gray matter in which nerve cells predominate, and an outer layer of white matter in which myelinated nerve fibers predominate, and surrounds the central canal. (CUMBO).",D,1_1,spinal cord,http://purl.obolibrary.org/obo/UBERON_0002240,12,"Health & Medicine, Alzheimer Disease Ontology"
"In the ontology of Alzheimer's Disease, which of the following definitions best describes 'layer of dentate gyrus'?","A. One of the three layers of the dentate gyrus of the hippocampal formation.

B. A group of axons linking two or more neuropils and having a common origin, termination[FBbt].

C. A nervous system structure composed primarily of nerve cell bodies (somas). May also include dendrites and the initial unmyelinated portion of axons.

D. A spatially aggregated collection of nerve cell bodies in the CNS, consisting of one or more subpopulations that share cell type, chemical phenotype, and connections, and including nearby cells that share the same cell type, chemical phenotype, and connections. (CUMBO)",A,1_1,layer of dentate gyrus,http://purl.obolibrary.org/obo/UBERON_0002304,9,"Health & Medicine, Alzheimer Disease Ontology"
"In the ontology of Alzheimer's Disease, which of the following definitions best describes 'gray matter of telencephalon'?","A. A substance that diminishes the rate of a chemical reaction.

B. A portion of gray matter that is part of a telencephalon.

C. A region of the forebrain consisting of the caudate nucleus, putamen and fundus striati.[GO].

D. A gray matter that is part of a cerebral hemisphere.",B,1_1,gray matter of telencephalon,http://purl.obolibrary.org/obo/UBERON_0011300,12,"Health & Medicine, Alzheimer Disease Ontology"
"In the ontology of Alzheimer's Disease, which of the following definitions best describes 'limbic lobe'?","A. Frontal lobe is the anterior-most of five lobes of the cerebral hemisphere. It is bounded by the central sulcus on its posterior border and by the longitudinal cerebral fissure on its medial border.

B. Lower lateral part of the cerebral hemisphere. (MSH).

C. Part of cerebral hemisphere located on the medial surface, forming a ring around the brain stem.

D. Upper central part of the cerebral hemisphere. (MSH).",C,1_1,limbic lobe,http://purl.obolibrary.org/obo/UBERON_0002600,11,"Health & Medicine, Alzheimer Disease Ontology"
"In the ontology of Alzheimer's Disease, which of the following definitions best describes 'hippocampal field'?","A. Hippocampus (proper) plus dentate gyrus and subiculum[definition derived from NIF comments and ontology alignment].

B. a part or parts of the hippocampus that have a particular function

C. Anatomical divisons of the brain according to one or more criteria, e.g. cytoarchitectural, gross anatomy. Parts may be contiguous in 3D or not, e.g., basal ganglia.

D. The anterior part of the frontal lobes of the brain, lying in front of the motor and premotor areas.nnThis brain region has been implicated in planning complex cognitive behaviors, personality expression, decision making and moderating correct social behavior. The basic activity of this brain region is considered to be orchestration of thoughts and actions in accordance with internal goals.nnThe most typical psychological term for functions carried out by the pre-frontal cortex area is executive function. Executive function relates to abilities to differentiate among conflicting thoughts, determine good and bad, better and best, same and different, future consequences of current activities, working toward a defined goal, prediction of outcomes, expectation based on actions, and social 'control' (the ability to suppress urges that, if not suppressed, could lead to socially-unacceptable outcomes).nnMany authors have indicated an integral link between a person's personality and the functions of the prefrontal cortex. - definition adapted from Wikipedia.",B,1_1,hippocampal field,http://purl.obolibrary.org/obo/UBERON_0003876,12,"Health & Medicine, Alzheimer Disease Ontology"
"In the ontology of Alzheimer's Disease, which of the following definitions best describes 'ventricle of nervous system'?","A. A layer in the central nervous system that lines system of communicating cavities in the brain and spinal cord.

B. General anatomical term which refers to a chamber of an organ with cavitated organ parts. Examples: right ventricle of heart, lateral ventricle of brain.

C. one of the system of communicating cavities in the brain that are continuous with the central canal of the spinal cord, that like it are derived from the medullary canal of the embryo, that are lined with an epithelial ependyma, and that contain a serous fluid

D. Cell component which consists of the plasma membrane and the cytoplasm surrounding the nucleus.",A,1_1,ventricle of nervous system,http://purl.obolibrary.org/obo/UBERON_0005358,12,"Health & Medicine, Alzheimer Disease Ontology"
"In the ontology of Alzheimer's Disease, which of the following definitions best describes 'dorsolateral prefrontal cortex'?","A. The dorsolateral prefrontal cortex (DL-PFC or DLPFC), according to a more restricted definition, is roughly equivalent to Brodmann areas 9 and 46.[1] According to a broader definition DL-PFC consists of the lateral portions of Brodmann areas 9 - 12, of areas 45, 46, and the superior part of area 47.[2] These regions mainly receive their blood supply from the middle cerebral artery. With respect to neurotransmitter systems, there is evidence that dopamine plays a particularly important role in DL-PFC.[2]DL-PFC is connected to the orbitofrontal cortex, and to a variety of brain areas, which include the thalamus, parts of the basal ganglia (the dorsal caudate nucleus), the hippocampus, and primary and secondary association areas of neocortex, including posterior temporal, parietal, and occipital areas.

B. The division of the forebrain that develops from the foremost primary cerebral vesicle.

C. Component of the cingulate cortex. The rostral and caudal extent were the caudal anterior and the isthmus divisions of the cingulate cortex respectively. The medial and lateral boundaries were the corpus callosum and as the superior frontal gyrus and/or paracentral lobule respectively (Christine Fennema-Notestine).

D. An area of cerebral cortex defined on the basis of cytoarchitecture that have six layers. Starting from the cortical surface the layers are: molecular layer (I), external granular layer (II), external pyramidal layer (III), internal granular layer (IV), internal pyramidal layer (V), and multiform layer (VI). Neocortex is most prominent in the frontal lobe, the parietal lobe, the temporal lobe and the occipital lobe, less so in the cingulate gyrus, the parahippocampal gyrus and the insula. It is composed of two subdivisions: true isocortex and proisocortex (Carpenter-83)(NN).",A,1_1,dorsolateral prefrontal cortex,http://purl.obolibrary.org/obo/UBERON_0009834,12,"Health & Medicine, Alzheimer Disease Ontology"
"In the ontology of Alzheimer's Disease, which of the following definitions best describes 'Brodmann area'?","A. Part of the metencephalon that lies in the posterior cranial fossa behind the brain stem. It is concerned with the coordination of movement[MESH]. A large dorsally projecting part of the brain concerned especially with the coordination of muscles and the maintenance of bodily equilibrium, situated between the brain stem and the back of the cerebrum , and formed in humans of two lateral lobes and a median lobe[BTO]. Brain structure derived from the anterior hindbrain, and perhaps including posterior midbrain. The cerebellum plays a role in somatic motor function, the control of muscle tone, and balance[ZFA].

B. a part or parts of the hippocampus that have a particular function

C. A segmentation of the cerebral cortex on the basis of cytoarchitecture as described in Brodmann-1905, Brodmann-1909 and Brodmann-10. Maps for several species were presented. NeuroNames includes only areas in the human and in Old World monkeys. Of the latter, Brodmann studied representatives of several species including guenons (one Cercopithecus mona, one Cercocebus torquatus, and one Cercopithecus otherwise unspecified), which are all closely related African species, and one macaque (Macaca mulatta) an Asian species (Brodmann-1905). The legend to the summary map in Brodmann-1909 ascribes the areas simply to Cercopithecus. Brodmann referenced the areas by name and number. The same area number in humans and monkeys did not necessarily refer to topologically or cytoarchitecturally homologous structures. In NeuroNames the standard term for human areas consists of the English translation of Brodmann's Latin name followed by the number he assigned, e.g., agranular frontal area 6; the standard terms for monkey areas are in the format: area 6 of Brodmann-1909. He mapped a portion of areas limited to the banks of sulci, e.g., area 3 of Brodmann-1909 (Brodmann-1909) onto the adjacent, visible surface. This accounts for the fact that some areas appear larger on his surface map than on maps of other authors, e.g., area 3 of Vogts-1919. (Adapted from NeuroNames)

D. An anatomical structure that has some part that develops from the neural crest.",C,1_1,Brodmann area,http://purl.obolibrary.org/obo/UBERON_0013529,12,"Health & Medicine, Alzheimer Disease Ontology"
