question,options,answer,task_label,label,iri,depth,domain
"In the ontology of International Classification of Disease, which of the following definitions best describes 'continuant'?","A. A continuant that is a bearer of quality and realizable entity entities, in which other entities inhere and which itself cannot inhere in anything.

B. An entity that exists in full at any time in which it exists at all, persists through time while maintaining its identity and has no temporal parts.

C. A continuant that inheres in or is borne by other entities. Every instance of A requires some specific instance of B which must always be the same.

D. An entity that has temporal parts and that happens, unfolds or develops through time.",B,1_1,continuant,http://purl.obolibrary.org/obo/BFO_0000002,2,"Health & Medicine, International Classification of Disease Ontology"
"In the ontology of International Classification of Disease, which of the following definitions best describes 'realizable entity'?","A. patient kept under observation for suspected disease/condition

B. A continuant that inheres in or is borne by other entities. Every instance of A requires some specific instance of B which must always be the same.

C. A realizable entity the manifestation of which brings about some result or end that is not essential to a continuant in virtue of the kind of thing that it is but that can be served or participated in by that kind of continuant in some kinds of natural, social or institutional contexts.

D. A specifically dependent continuant that inheres in continuant entities and are not exhibited in full at every time in which it inheres in an entity or group of entities. The exhibition or actualization of a realizable entity is a particular manifestation, functioning or process that occurs under certain circumstances.",D,1_1,realizable entity,http://purl.obolibrary.org/obo/BFO_0000017,4,"Health & Medicine, International Classification of Disease Ontology"
"In the ontology of International Classification of Disease, which of the following definitions best describes 'role'?","A. A realizable entity the manifestation of which brings about some result or end that is not essential to a continuant in virtue of the kind of thing that it is but that can be served or participated in by that kind of continuant in some kinds of natural, social or institutional contexts.

B. When water content of the body cartilage increases and the protein makeup of cartilage degenerates

C. Muscle tissue is a contractile tissue made up of actin and myosin fibers[GO].

D. A specifically dependent continuant that inheres in continuant entities and are not exhibited in full at every time in which it inheres in an entity or group of entities. The exhibition or actualization of a realizable entity is a particular manifestation, functioning or process that occurs under certain circumstances.",A,1_1,role,http://purl.obolibrary.org/obo/BFO_0000023,5,"Health & Medicine, International Classification of Disease Ontology"
"In the ontology of International Classification of Disease, which of the following definitions best describes 'process profile'?","A. b is a process_profile =Def. there is some process c such that b process_profile_of c (axiom label in BFO2 Reference: [093-002])

B. A process occurring within or in the vicinity of an organism that exerts some causal influence on the organism via the interaction between an exposure stimulus and an exposure receptor. The exposure stimulus may be a process, material entity or condition (for example, lack of nutrients). The exposure receptor can be an organism, organism population or a part of an organism.

C. An occurrent that has temporal proper parts and for some time t, p s-depends_on some material entity at t.

D. ICDO: International Classification of Diseases Ontology",A,1_1,process profile,http://purl.obolibrary.org/obo/BFO_0000144,4,"Health & Medicine, International Classification of Disease Ontology"
"In the ontology of International Classification of Disease, which of the following definitions best describes 'disease process'?","A. Disease process is the progression disease in an individual over time. The process begins with the appropriate exposure to or accumulation of factors sufficient for the disease process to begin in a susceptible host. For an infectious disease, the exposure is a microorganism. For cancer, the exposure may be a factor that initiates the process, such as asbestos fibers or components in tobacco smoke (for lung cancer), or one that promotes the process, such as estrogen (for endometrial cancer).

B. any health problem that occurs in the digestive tract.

C. TODO: Define.

D. Diseases and conditions affecting the skin and subcutaneous tissue",A,1_1,disease process,http://purl.obolibrary.org/obo/ICDO_0000001,6,"Health & Medicine, International Classification of Disease Ontology"
"In the ontology of International Classification of Disease, which of the following definitions best describes 'pathological bodily process'?","A. A bodily process that is clinically abnormal.

B. A pathological bodily process in which matter is reorganized in such a way as to give rise to new pathological formations which take the place of entities existing earlier.

C. A pathological bodily process in which a canonical anatomical structure becomes a pathological anatomical structure.

D. Disease process is the progression disease in an individual over time. The process begins with the appropriate exposure to or accumulation of factors sufficient for the disease process to begin in a susceptible host. For an infectious disease, the exposure is a microorganism. For cancer, the exposure may be a factor that initiates the process, such as asbestos fibers or components in tobacco smoke (for lung cancer), or one that promotes the process, such as estrogen (for endometrial cancer).",A,1_1,pathological bodily process,http://purl.obolibrary.org/obo/OGMS_0000061,5,"Health & Medicine, International Classification of Disease Ontology"
"In the ontology of International Classification of Disease, which of the following definitions best describes 'deformity DP'?","A. A disease process that has the outcome of the formation of a cyst

B. is a major abnormality in the shape of a body part or organ compared to the normal shape of that part.

C. An anatomical structure that develops (entirely or partially) from the endoderm.

D. A hernia occurs when an organ pushes through an opening in the muscle or tissue that holds it in place. For example, the intestines may break through a weakened area in the abdominal wall.	Hernias are most common in the abdomen, but they can also appear in the upper thigh, belly button, and groin areas. Most hernias aren’t immediately life-threatening, but they don’t go away on their own. Sometimes they can require surgery to prevent potentially dangerous complications.",B,1_1,deformity DP,http://purl.obolibrary.org/obo/ICDO_0000013,8,"Health & Medicine, International Classification of Disease Ontology"
"In the ontology of International Classification of Disease, which of the following definitions best describes 'pinna'?","A. Anatomical structure that is part of the head consisting entirely of cranium and mandible[WP].

B. The part of the ear that projects from the head, connecting to the external acoustic meatus.

C. A myogenic muscular circulatory organ found in the vertebrate cardiovascular system composed of chambers of cardiac muscle. It is the primary circulatory organ.

D. Part of the ear external to the tympanum (eardrum). It typically consists of a tube (the external auditory meatus) that directs sound waves on to the tympanum, and may also include the external pinna, which extends beyond the skull[GO].",B,1_1,pinna,http://purl.obolibrary.org/obo/UBERON_0001757,9,"Health & Medicine, International Classification of Disease Ontology"
"In the ontology of International Classification of Disease, which of the following definitions best describes 'otitis anatomical entity'?","A. inflammatory anatomical entity that is located in ear

B. inflammatory anatomical entity that is located in a cellulite

C. inflammatiory anatomical entity in the membrane of cartilage tissue

D. a physical pathological anatomic entity that is a result of an inflammation process",A,1_1,otitis anatomical entity,http://purl.obolibrary.org/obo/ICDO_0000019,8,"Health & Medicine, International Classification of Disease Ontology"
"In the ontology of International Classification of Disease, which of the following definitions best describes 'pathological anatomical entity'?","A. is a pathological anatomical structures transformed from pathological continuant entities.

B. is a type of abnormal and excessive growth, called neoplasia, of tissue. The growth of a neoplasm is uncoordinated with that of the normal surrounding tissue, and it persists growing abnormally, even if the original trigger is removed.[1][2][3] This abnormal growth usually (but not always) forms a mass.[4] When it forms a mass, it may be called a tumor.

C. Pseudocysts are like cysts, but lack epithelial or endothelial cells. Initial management consists of general supportive care. Symptoms and complications caused by pseudocysts require surgery. Computed tomography (CT) scans are used for initial imaging of cysts, and endoscopic ultrasounds are used in differentiating between cysts and pseudocysts. Endoscopic drainage is a popular and effective method of treating pseudocysts.		This is not to be confused with the so-called ""pseudocystic appearance"", mainly radiographically, of other lesions, such as Stafne static bone cyst and aneurysmal bone cyst[1] of the jaws.

D. is a condition in which an orifice or passage in the body is (usually abnormally) closed or absent. Examples of atresia include: Biliary atresia, a condition in newborns in which the common bile duct between the liver and the small intestine is blocked or absent.",A,1_1,pathological anatomical entity,http://purl.obolibrary.org/obo/ICDO_0000082,6,"Health & Medicine, International Classification of Disease Ontology"
"In the ontology of International Classification of Disease, which of the following definitions best describes 'cyst DP'?","A. A disease process that has the outcome of the formation of a cyst

B. is a major abnormality in the shape of a body part or organ compared to the normal shape of that part.

C. Abnormal buildup of fluid in the abdomen

D. A hernia occurs when an organ pushes through an opening in the muscle or tissue that holds it in place. For example, the intestines may break through a weakened area in the abdominal wall.	Hernias are most common in the abdomen, but they can also appear in the upper thigh, belly button, and groin areas. Most hernias aren’t immediately life-threatening, but they don’t go away on their own. Sometimes they can require surgery to prevent potentially dangerous complications.",A,1_1,cyst DP,http://purl.obolibrary.org/obo/ICDO_0000018,8,"Health & Medicine, International Classification of Disease Ontology"
"In the ontology of International Classification of Disease, which of the following definitions best describes 'granuloma'?","A. abnormal narrowed structure or organ

B. is an acute infection typically with a skin rash, usually on any of the legs and toes, face, arms, and fingers.[1] It is an infection of the upper dermis and superficial lymphatics, usually caused by beta-hemolytic group A Streptococcus bacteria on scratches or otherwise infected areas.[2] Erysipelas is more superficial than cellulitis, and is typically more raised and demarcated.[1] The term is from Greek ἐρυσίπελας, meaning ""red skin"".

C. a physical pathological anatomic entity that is a result of an inflammation process

D. is a structure formed during inflammation that is found in many diseases. It is a collection of immune cells known as macrophages.[1] Granulomas form when the immune system attempts to wall off substances it perceives as foreign but is unable to eliminate. Such substances include infectious organisms including bacteria and fungi, as well as other materials such as keratin and suture fragments.",D,1_1,granuloma,http://purl.obolibrary.org/obo/ICDO_0000099,7,"Health & Medicine, International Classification of Disease Ontology"
"In the ontology of International Classification of Disease, which of the following definitions best describes 'tumor'?","A. is a pathological anatomical structures transformed from pathological continuant entities.

B. is a growth of keratin on the skin or on mucous membranes stemming from keratinocytes, the prominent cell type in the epidermis.

C. is a type of abnormal and excessive growth, called neoplasia, of tissue. The growth of a neoplasm is uncoordinated with that of the normal surrounding tissue, and it persists growing abnormally, even if the original trigger is removed.[1][2][3] This abnormal growth usually (but not always) forms a mass.[4] When it forms a mass, it may be called a tumor.

D. An exostosis, also known as bone spur, is the formation of new bone on the surface of a bone.[1] Exostoses can cause chronic pain ranging from mild to debilitatingly severe, depending on the shape, size, and location of the lesion. It is most commonly found in places like the ribs, where small bone growths form, but sometimes larger growths can grow on places like the ankles, knees, shoulders, elbows and hips. Very rarely are they on the skull.",C,1_1,tumor,http://purl.obolibrary.org/obo/ICDO_0000104,7,"Health & Medicine, International Classification of Disease Ontology"
"In the ontology of International Classification of Disease, which of the following definitions best describes 'scar entity'?","A. is an area of fibrous tissue that replaces normal skin after an injury. Scars result from the biological process of wound repair in the skin, as well as in other organs and tissues of the body. Thus, scarring is a natural part of the healing process. With the exception of very minor lesions, every wound (e.g., after accident, disease, or surgery) results in some degree of scarring. An exception to this are animals with complete regeneration, which regrow tissue without scar formation.

B. is a closed sac, having a distinct membrane and division compared with the nearby tissue. Hence, it is a cluster of cells that has grouped together to form a sac (not unlike the manner in which water molecules group together, forming a bubble); however, the distinguishing aspect of a cyst is that the cells forming the ""shell"" of such a sac are distinctly abnormal (in both appearance and behaviour) when compared with all surrounding cells for that given location. It may contain air, fluids, or semi-solid material. A collection of pus is called an abscess, not a cyst. Once formed, sometimes a cyst may resolve on its own. When a cyst fails to resolve, it may need to be removed surgically, but that would depend upon its type and location.

C. is the abnormal exit of tissue or an organ, such as the bowel, through the wall of the cavity in which it normally resides.[1] Hernias come in a number of different types.[6] Most commonly they involve the abdomen, specifically the groin.[6] Groin hernias are most common of the inguinal type but may also be femoral.[1] Other hernias include hiatus, incisional, and umbilical hernias.[6] Symptoms are present in about 66% of people with groin hernias.[1] This may include pain or discomfort especially with coughing, exercise, or going to the bathroom.[1] Often it gets worse throughout the day and improves when lying down.[1] A bulging area may occur that becomes larger when bearing down.[1] Groin hernias occur more often on the right than left side.[1] The main concern is strangulation, where the blood supply to part of the bowel is blocked.[1] This usually produces severe pain and tenderness of the area.[1] Hiatus or hiatal hernias often result in heartburn but may also cause chest pain or pain with eating.[

D. is an abnormal connection between two hollow spaces (technically, two epithelialized surfaces), such as blood vessels, intestines, or other hollow organs. Fistulas are usually caused by injury or surgery, but they can also result from an infection or inflammation.[3] Fistulas are generally a disease condition, but they may be surgically created for therapeutic reasons.",A,1_1,scar entity,http://purl.obolibrary.org/obo/ICDO_0000097,7,"Health & Medicine, International Classification of Disease Ontology"
"In the ontology of International Classification of Disease, which of the following definitions best describes 'hernia DP'?","A. A disease process that has the outcome of the formation of a cyst

B. is a major abnormality in the shape of a body part or organ compared to the normal shape of that part.

C. Anatomical structure that has as its parts two or more multi-tissue structures of at least two different types and which through specific morphogenetic processes forms a single distinct structural unit demarcated by bona fide boundaries from other distinct anatomical structures of different types.

D. A hernia occurs when an organ pushes through an opening in the muscle or tissue that holds it in place. For example, the intestines may break through a weakened area in the abdominal wall.	Hernias are most common in the abdomen, but they can also appear in the upper thigh, belly button, and groin areas. Most hernias aren’t immediately life-threatening, but they don’t go away on their own. Sometimes they can require surgery to prevent potentially dangerous complications.",D,1_1,hernia DP,http://purl.obolibrary.org/obo/ICDO_0000026,8,"Health & Medicine, International Classification of Disease Ontology"
"In the ontology of International Classification of Disease, which of the following definitions best describes 'hernia'?","A. a necrotic object

B. is the abnormal exit of tissue or an organ, such as the bowel, through the wall of the cavity in which it normally resides.[1] Hernias come in a number of different types.[6] Most commonly they involve the abdomen, specifically the groin.[6] Groin hernias are most common of the inguinal type but may also be femoral.[1] Other hernias include hiatus, incisional, and umbilical hernias.[6] Symptoms are present in about 66% of people with groin hernias.[1] This may include pain or discomfort especially with coughing, exercise, or going to the bathroom.[1] Often it gets worse throughout the day and improves when lying down.[1] A bulging area may occur that becomes larger when bearing down.[1] Groin hernias occur more often on the right than left side.[1] The main concern is strangulation, where the blood supply to part of the bowel is blocked.[1] This usually produces severe pain and tenderness of the area.[1] Hiatus or hiatal hernias often result in heartburn but may also cause chest pain or pain with eating.[

C. Pseudocysts are like cysts, but lack epithelial or endothelial cells. Initial management consists of general supportive care. Symptoms and complications caused by pseudocysts require surgery. Computed tomography (CT) scans are used for initial imaging of cysts, and endoscopic ultrasounds are used in differentiating between cysts and pseudocysts. Endoscopic drainage is a popular and effective method of treating pseudocysts.		This is not to be confused with the so-called ""pseudocystic appearance"", mainly radiographically, of other lesions, such as Stafne static bone cyst and aneurysmal bone cyst[1] of the jaws.

D. is a condition in which an orifice or passage in the body is (usually abnormally) closed or absent. Examples of atresia include: Biliary atresia, a condition in newborns in which the common bile duct between the liver and the small intestine is blocked or absent.",B,1_1,hernia,http://purl.obolibrary.org/obo/ICDO_0000084,7,"Health & Medicine, International Classification of Disease Ontology"
"In the ontology of International Classification of Disease, which of the following definitions best describes 'acquired'?","A. A structural quality inhering in a bearer by virtue of the bearer's touching another entity.

B. developed after birth : not congenital or hereditary

C. A process quality inhering in a bearer by virtue of the bearer's magnitude of the temporal extent between the starting and ending point.

D. developed after birth : not congenital or hereditary",B,1_1,acquired,http://purl.obolibrary.org/obo/ICDO_0000034,7,"Health & Medicine, International Classification of Disease Ontology"
"In the ontology of International Classification of Disease, which of the following definitions best describes 'cartilage tissue'?","A. Skeletal tissue with a collagen-rich extracellular matrix vascularized, mineralized with hydroxyapatite and typically including osteocytes located in lacunae that communicate with one another by cell processes (in canaliculi). Bone is deposited by osteoblasts.

B. A specialized form of connective tissue in which the extracellular matrix is firm, providing the tissue with resilience, and/or mineralized and that functions in mechanical and structural support.[VSAO]

C. When a person has acute respiratory failure, the usual exchange between oxygen and carbon dioxide in the lungs does not occur.

D. Skeletal tissue that is avascular, rich in glycosaminoglycans (GAGs) and typically includes chondrocytes within isolated lacunae. Cartilage tissue is deposited by chondroblasts.",D,1_1,cartilage tissue,http://purl.obolibrary.org/obo/UBERON_0002418,10,"Health & Medicine, International Classification of Disease Ontology"
"In the ontology of International Classification of Disease, which of the following definitions best describes 'disorders of the skin and subcutaneous tissue'?","A. An abnormal mass of tissue that results when cells divide more than they should or do not die when they should.

B. Disease process is the progression disease in an individual over time. The process begins with the appropriate exposure to or accumulation of factors sufficient for the disease process to begin in a susceptible host. For an infectious disease, the exposure is a microorganism. For cancer, the exposure may be a factor that initiates the process, such as asbestos fibers or components in tobacco smoke (for lung cancer), or one that promotes the process, such as estrogen (for endometrial cancer).

C. Diseases and conditions affecting the skin and subcutaneous tissue

D. Diseases and conditions affecting the muskoskeletal system and connective tissue",C,1_1,disorders of the skin and subcutaneous tissue,http://purl.obolibrary.org/obo/ICDO_0000342,7,"Health & Medicine, International Classification of Disease Ontology"
"In the ontology of International Classification of Disease, which of the following definitions best describes 'abscess'?","A. a physical pathological anatomic entity that is a result of an inflammation process

B. is a collection of pus that has built up within the tissue of the body.[1] Signs and symptoms of abscesses include redness, pain, warmth, and swelling.[1] The swelling may feel fluid-filled when pressed.[1] The area of redness often extends beyond the swelling.[6] Carbuncles and boils are types of abscess that often involve hair follicles, with carbuncles being larger.

C. Pseudocysts are like cysts, but lack epithelial or endothelial cells. Initial management consists of general supportive care. Symptoms and complications caused by pseudocysts require surgery. Computed tomography (CT) scans are used for initial imaging of cysts, and endoscopic ultrasounds are used in differentiating between cysts and pseudocysts. Endoscopic drainage is a popular and effective method of treating pseudocysts.		This is not to be confused with the so-called ""pseudocystic appearance"", mainly radiographically, of other lesions, such as Stafne static bone cyst and aneurysmal bone cyst[1] of the jaws.

D. is the abnormal exit of tissue or an organ, such as the bowel, through the wall of the cavity in which it normally resides.[1] Hernias come in a number of different types.[6] Most commonly they involve the abdomen, specifically the groin.[6] Groin hernias are most common of the inguinal type but may also be femoral.[1] Other hernias include hiatus, incisional, and umbilical hernias.[6] Symptoms are present in about 66% of people with groin hernias.[1] This may include pain or discomfort especially with coughing, exercise, or going to the bathroom.[1] Often it gets worse throughout the day and improves when lying down.[1] A bulging area may occur that becomes larger when bearing down.[1] Groin hernias occur more often on the right than left side.[1] The main concern is strangulation, where the blood supply to part of the bowel is blocked.[1] This usually produces severe pain and tenderness of the area.[1] Hiatus or hiatal hernias often result in heartburn but may also cause chest pain or pain with eating.[",B,1_1,abscess,http://purl.obolibrary.org/obo/ICDO_0000116,7,"Health & Medicine, International Classification of Disease Ontology"
"In the ontology of International Classification of Disease, which of the following definitions best describes 'exostosis'?","A. is a type of abnormal and excessive growth, called neoplasia, of tissue. The growth of a neoplasm is uncoordinated with that of the normal surrounding tissue, and it persists growing abnormally, even if the original trigger is removed.[1][2][3] This abnormal growth usually (but not always) forms a mass.[4] When it forms a mass, it may be called a tumor.

B. An exostosis, also known as bone spur, is the formation of new bone on the surface of a bone.[1] Exostoses can cause chronic pain ranging from mild to debilitatingly severe, depending on the shape, size, and location of the lesion. It is most commonly found in places like the ribs, where small bone growths form, but sometimes larger growths can grow on places like the ankles, knees, shoulders, elbows and hips. Very rarely are they on the skull.

C. abnormal narrowed structure or organ

D. is a pathological anatomical structures transformed from pathological continuant entities.",B,1_1,exostosis,http://purl.obolibrary.org/obo/ICDO_0000108,7,"Health & Medicine, International Classification of Disease Ontology"
"In the ontology of International Classification of Disease, which of the following definitions best describes 'circulatory system'?","A. Anatomical system that protects the body from foreign substances, cells, and tissues by producing the immune response and that includes especially the thymus, spleen, lymphoid tissue, lymphocytes including the B cells and T cells, and antibodies.

B. Multicellular, connected anatomical structure that has multiple organs as parts and whose parts work together to achieve some shared function.

C. The nervous system is an organ system containing predominantly neuron and glial cells. In bilaterally symmetrical organism, it is arranged in a network of tree-like structures connected to a central body. The main functions of the nervous system are to regulate and control body functions, and to receive sensory input, process this information, and generate behavior [CUMBO].

D. organ system that passes nutrients (such as amino acids and electrolytes), gases, hormones, blood cells, etc. to and from cells in the body to help fight diseases and help stabilize body temperature and pH to maintain homeostasis[WP].",D,1_1,circulatory system,http://purl.obolibrary.org/obo/UBERON_0001009,7,"Health & Medicine, International Classification of Disease Ontology"
"In the ontology of International Classification of Disease, which of the following definitions best describes 'keratosis entity'?","A. is a pathological anatomical structures transformed from pathological continuant entities.

B. is an acute infection typically with a skin rash, usually on any of the legs and toes, face, arms, and fingers.[1] It is an infection of the upper dermis and superficial lymphatics, usually caused by beta-hemolytic group A Streptococcus bacteria on scratches or otherwise infected areas.[2] Erysipelas is more superficial than cellulitis, and is typically more raised and demarcated.[1] The term is from Greek ἐρυσίπελας, meaning ""red skin"".

C. is a growth of keratin on the skin or on mucous membranes stemming from keratinocytes, the prominent cell type in the epidermis.

D. a necrotic object",C,1_1,keratosis entity,http://purl.obolibrary.org/obo/ICDO_0000106,7,"Health & Medicine, International Classification of Disease Ontology"
"In the ontology of International Classification of Disease, which of the following definitions best describes 'cyst'?","A. is a collection of pus that has built up within the tissue of the body.[1] Signs and symptoms of abscesses include redness, pain, warmth, and swelling.[1] The swelling may feel fluid-filled when pressed.[1] The area of redness often extends beyond the swelling.[6] Carbuncles and boils are types of abscess that often involve hair follicles, with carbuncles being larger.

B. is an acute infection typically with a skin rash, usually on any of the legs and toes, face, arms, and fingers.[1] It is an infection of the upper dermis and superficial lymphatics, usually caused by beta-hemolytic group A Streptococcus bacteria on scratches or otherwise infected areas.[2] Erysipelas is more superficial than cellulitis, and is typically more raised and demarcated.[1] The term is from Greek ἐρυσίπελας, meaning ""red skin"".

C. is a type of abnormal and excessive growth, called neoplasia, of tissue. The growth of a neoplasm is uncoordinated with that of the normal surrounding tissue, and it persists growing abnormally, even if the original trigger is removed.[1][2][3] This abnormal growth usually (but not always) forms a mass.[4] When it forms a mass, it may be called a tumor.

D. is a closed sac, having a distinct membrane and division compared with the nearby tissue. Hence, it is a cluster of cells that has grouped together to form a sac (not unlike the manner in which water molecules group together, forming a bubble); however, the distinguishing aspect of a cyst is that the cells forming the ""shell"" of such a sac are distinctly abnormal (in both appearance and behaviour) when compared with all surrounding cells for that given location. It may contain air, fluids, or semi-solid material. A collection of pus is called an abscess, not a cyst. Once formed, sometimes a cyst may resolve on its own. When a cyst fails to resolve, it may need to be removed surgically, but that would depend upon its type and location.",D,1_1,cyst,http://purl.obolibrary.org/obo/ICDO_0000071,7,"Health & Medicine, International Classification of Disease Ontology"
"In the ontology of International Classification of Disease, which of the following definitions best describes 'unspecified secondary hypertension DP'?","A. A hypertensive disease that is caused by an identifiable underlying primary cause

B. pneumonia attacks the respiratory system. Contagious and hard to treat.

C. diabetes is usually an inherited disease that makes people obese and have problems with daily life

D. I15.9 is a billable ICD code used to specify a diagnosis of secondary hypertension, unspecified. A 'billable code' is detailed enough to be used to specify a medical diagnosis.",D,1_1,unspecified secondary hypertension DP,http://purl.obolibrary.org/obo/ICDO_0000078,11,"Health & Medicine, International Classification of Disease Ontology"
"In the ontology of International Classification of Disease, which of the following definitions best describes 'secondary hypertension DP'?","A. A hypertensive disease that is caused by an identifiable underlying primary cause

B. I15.9 is a billable ICD code used to specify a diagnosis of secondary hypertension, unspecified. A 'billable code' is detailed enough to be used to specify a medical diagnosis.

C. inability or refusal to swallow.

D. A hypertensive disease that shows up with persistently elevated high blood pressure in the arteries, and has no identifiable cause. It does not include those hypertensive diseases complicating pregnancy, childbirth and the puerperium. Note that the essential hypertension affects 95% of hypertensive patients.",A,1_1,secondary hypertension DP,http://purl.obolibrary.org/obo/ICDO_0000141,10,"Health & Medicine, International Classification of Disease Ontology"
"In the ontology of International Classification of Disease, which of the following definitions best describes 'essential primary hypertension DP'?","A. A hypertensive disease that shows up with persistently elevated high blood pressure in the arteries, and has no identifiable cause. It does not include those hypertensive diseases complicating pregnancy, childbirth and the puerperium. Note that the essential hypertension affects 95% of hypertensive patients.

B. This term exists in ICD-9 but not ICD-10

C. Heart conditions caused by high blood pressure

D. A hypertensive disease that is caused by an identifiable underlying primary cause",A,1_1,essential primary hypertension DP,http://purl.obolibrary.org/obo/ICDO_0000079,10,"Health & Medicine, International Classification of Disease Ontology"
"In the ontology of International Classification of Disease, which of the following definitions best describes 'primary disease profile'?","A. Diseases caused by other viral agents

B. A disease profile that does not have a known secondary cause

C. A disease profile that is caused by another medical condition

D. an irreversible injury to the intestine resulting from insufficient blood flow.",B,1_1,primary disease profile,http://purl.obolibrary.org/obo/ICDO_0000153,6,"Health & Medicine, International Classification of Disease Ontology"
"In the ontology of International Classification of Disease, which of the following definitions best describes 'malignant essential hypertension DP'?","A. This term exists in ICD-9 but not ICD-10

B. A hypertensive disease that shows up with persistently elevated high blood pressure in the arteries, and has no identifiable cause. It does not include those hypertensive diseases complicating pregnancy, childbirth and the puerperium. Note that the essential hypertension affects 95% of hypertensive patients.

C. Heart conditions caused by high blood pressure

D. This term exists in ICD-9 but not ICD-10",A,1_1,malignant essential hypertension DP,http://purl.obolibrary.org/obo/ICDO_0000101,11,"Health & Medicine, International Classification of Disease Ontology"
"In the ontology of International Classification of Disease, which of the following definitions best describes 'erysipelas'?","A. is an abnormal connection between two hollow spaces (technically, two epithelialized surfaces), such as blood vessels, intestines, or other hollow organs. Fistulas are usually caused by injury or surgery, but they can also result from an infection or inflammation.[3] Fistulas are generally a disease condition, but they may be surgically created for therapeutic reasons.

B. is a growth of keratin on the skin or on mucous membranes stemming from keratinocytes, the prominent cell type in the epidermis.

C. is a collection of pus that has built up within the tissue of the body.[1] Signs and symptoms of abscesses include redness, pain, warmth, and swelling.[1] The swelling may feel fluid-filled when pressed.[1] The area of redness often extends beyond the swelling.[6] Carbuncles and boils are types of abscess that often involve hair follicles, with carbuncles being larger.

D. is an acute infection typically with a skin rash, usually on any of the legs and toes, face, arms, and fingers.[1] It is an infection of the upper dermis and superficial lymphatics, usually caused by beta-hemolytic group A Streptococcus bacteria on scratches or otherwise infected areas.[2] Erysipelas is more superficial than cellulitis, and is typically more raised and demarcated.[1] The term is from Greek ἐρυσίπελας, meaning ""red skin"".",D,1_1,erysipelas,http://purl.obolibrary.org/obo/ICDO_0000112,7,"Health & Medicine, International Classification of Disease Ontology"
"In the ontology of International Classification of Disease, which of the following definitions best describes 'carbuncle'?","A. is a collection of pus that has built up within the tissue of the body.[1] Signs and symptoms of abscesses include redness, pain, warmth, and swelling.[1] The swelling may feel fluid-filled when pressed.[1] The area of redness often extends beyond the swelling.[6] Carbuncles and boils are types of abscess that often involve hair follicles, with carbuncles being larger.

B. is a deep folliculitis, infection of the hair follicle. It is most commonly caused by infection by the bacterium Staphylococcus aureus, resulting in a painful swollen area on the skin caused by an accumulation of pus and dead tissue.[1] Boils which are expanded are basically pus-filled nodules.[2][verification needed] Individual boils clustered together are called carbuncles.[3] Most human infections are caused by coagulase-positive S. aureus strains, notable for the bacteria's ability to produce coagulase, an enzyme that can clot blood. Almost any organ system can be infected by S. aureus.

C. the proximal femur between the cervical region and the shaft. Subtrochanteric fracture, with a fracture line running from an area within 5 cm distal to the lesser trochanter

D. is a cluster of boils caused by bacterial infection, most commonly with Staphylococcus aureus or Streptococcus pyogenes.[1] The presence of a carbuncle is a sign that the immune system is active and fighting the infection.[2] The infection is contagious and may spread to other areas of the body, or other people; those living in the same residence may develop carbuncles at the same time.[3] In the early 21st century, infection involving methicillin-resistant staphylococcus aureus (MRSA) has become more common.",D,1_1,carbuncle,http://purl.obolibrary.org/obo/ICDO_0000117,8,"Health & Medicine, International Classification of Disease Ontology"
"In the ontology of International Classification of Disease, which of the following definitions best describes 'necrosis entity'?","A. An exostosis, also known as bone spur, is the formation of new bone on the surface of a bone.[1] Exostoses can cause chronic pain ranging from mild to debilitatingly severe, depending on the shape, size, and location of the lesion. It is most commonly found in places like the ribs, where small bone growths form, but sometimes larger growths can grow on places like the ankles, knees, shoulders, elbows and hips. Very rarely are they on the skull.

B. is a condition in which an orifice or passage in the body is (usually abnormally) closed or absent. Examples of atresia include: Biliary atresia, a condition in newborns in which the common bile duct between the liver and the small intestine is blocked or absent.

C. Pseudocysts are like cysts, but lack epithelial or endothelial cells. Initial management consists of general supportive care. Symptoms and complications caused by pseudocysts require surgery. Computed tomography (CT) scans are used for initial imaging of cysts, and endoscopic ultrasounds are used in differentiating between cysts and pseudocysts. Endoscopic drainage is a popular and effective method of treating pseudocysts.		This is not to be confused with the so-called ""pseudocystic appearance"", mainly radiographically, of other lesions, such as Stafne static bone cyst and aneurysmal bone cyst[1] of the jaws.

D. a necrotic object",D,1_1,necrosis entity,http://purl.obolibrary.org/obo/ICDO_0000120,7,"Health & Medicine, International Classification of Disease Ontology"
"In the ontology of International Classification of Disease, which of the following definitions best describes 'chondrodermatitis anatomical entity'?","A. inflammatiory anatomical entity in the membrane of cartilage tissue

B. inflammatory anatomical entity that is located in ear

C. inflammatory anatomical entity that is located in the skin of a cartilage tissue

D. inflammatory anatomical entity that is located in a cellulite",C,1_1,chondrodermatitis anatomical entity,http://purl.obolibrary.org/obo/ICDO_0000123,8,"Health & Medicine, International Classification of Disease Ontology"
"In the ontology of International Classification of Disease, which of the following definitions best describes 'tissue'?","A. Any tube, opening or passage that connects two distinct anatomical spaces.

B. An multicellular anatomical structure that has subparts of multiple organs as a part.

C. Multicellular anatomical structure that consists of many cells of one or a few types, arranged in an extracellular matrix such that their long-range organisation is at least partly a repetition of their short-range organisation.

D. A multicellular structure that is a part of an organ.",C,1_1,tissue,http://purl.obolibrary.org/obo/UBERON_0000479,7,"Health & Medicine, International Classification of Disease Ontology"
"In the ontology of International Classification of Disease, which of the following definitions best describes 'respiratory system'?","A. organ system that passes nutrients (such as amino acids and electrolytes), gases, hormones, blood cells, etc. to and from cells in the body to help fight diseases and help stabilize body temperature and pH to maintain homeostasis[WP].

B. Multicellular, connected anatomical structure that has multiple organs as parts and whose parts work together to achieve some shared function.

C. Anatomical system that consists of all blood and lymph vessels.

D. Functional system which consists of structures involved in respiration.",D,1_1,respiratory system,http://purl.obolibrary.org/obo/UBERON_0001004,7,"Health & Medicine, International Classification of Disease Ontology"
"In the ontology of International Classification of Disease, which of the following definitions best describes 'lung'?","A. Tube that connects the pharynx to the stomach. In mammals, the oesophagus connects the buccal cavity with the stomach. The stratified squamous non-keratinised epithelium lining the buccal cavity is continued through the pharynx down into the oesophagus. The lowest part of the oesophagus (ca. 2 cm) is lined with gastric mucosa and covered by peritoneum. The main body of the oesophagus is lined with small, simple mucous glands. Each gland opens into the lumen by a long duct which pierces the muscularis mucosae (Wilson and Washington, 1989). A sphincter is situated at the point where the oesophagus enters the stomach to prevent gastro-oesophageal reflux, i.e. to prevent acidic gastric contents from reaching stratified epithelia of the oesophagus, where they can cause inflammation and irritation (Wilson and Washington, 1989; Brown et al., 1993).

B. An exocrine gland which secretes bile and functions in metabolism of protein and carbohydrate and fat, synthesizes substances involved in the clotting of the blood, synthesizes vitamin A, detoxifies poisonous substances, stores glycogen, and breaks down worn-out erythrocytes[GO].

C. A synovial joint of the jaw that connects the mandible to the temporal bone.

D. Respiration organ that develops as an outpocketing of the esophagus.",D,1_1,lung,http://purl.obolibrary.org/obo/UBERON_0002048,11,"Health & Medicine, International Classification of Disease Ontology"
"In the ontology of International Classification of Disease, which of the following definitions best describes 'viral pneumonia'?","A. a lung infection that inflames and infects the aveoli

B. pneumonia caused by other diseases

C. Inflammation of the lung that is caused by viral infection; causes air sacs in lungs to fill up with fluid.

D. a form of pneumonia characterized by inflammatory exudate within the intra-alveolar space",C,1_1,viral pneumonia,http://purl.obolibrary.org/obo/ICDO_0000144,9,"Health & Medicine, International Classification of Disease Ontology"
"In the ontology of International Classification of Disease, which of the following definitions best describes 'bacterial pneumonia'?","A. an infection that inflames the air sacs in one or both lungs. Caused by Streptococcus pneumoniae bacteria

B. inflammation of the lung that is caused by bacterial infections

C. lung inflammation caused by bacterial infection, in which air sacs fill with pus

D. an infection of your lungs caused by certain bacteria.",D,1_1,bacterial pneumonia,http://purl.obolibrary.org/obo/ICDO_0000146,9,"Health & Medicine, International Classification of Disease Ontology"
"In the ontology of International Classification of Disease, which of the following definitions best describes 'COVID-19, virus not identified'?","A. a form of pneumonia characterized by inflammatory exudate within the intra-alveolar space

B. pneumonia attacks the respiratory system. Contagious and hard to treat.

C. Inflammation of the lung that is caused by viral infection; causes air sacs in lungs to fill up with fluid.

D. a mild to severe respiratory illness that is caused by a coronavirus",D,1_1,"COVID-19, virus not identified",http://purl.obolibrary.org/obo/ICDO_0000149,10,"Health & Medicine, International Classification of Disease Ontology"
"In the ontology of International Classification of Disease, which of the following definitions best describes 'postprocedural hypertension DP'?","A. A disease of the heart muscle or myocardium proper. Cardiomyopathies may be classified as either primary or secondary, on the basis of etiology, or on the pathophysiology of the lesion: hypertrophic, dilated, or restrictive.

B. any cardiac complications occurring in the postanesthetic care unit (PACU)

C. heart failure following heart surgery

D. high blood pressure after a surgical procedure",D,1_1,postprocedural hypertension DP,http://purl.obolibrary.org/obo/ICDO_0000151,8,"Health & Medicine, International Classification of Disease Ontology"
"In the ontology of International Classification of Disease, which of the following definitions best describes 'influenza due to unidentified influenza virus with pneumonia'?","A. An infection that inflames the air sacs in one or both lungs caused by Parainfluenza virus

B. a highly contagious viral infection of the respiratory passages causing fever and severe aching, often occuring in epidemics.

C. Any of the organs or elements that are part of the digestive system. Examples: tongue, esophagus, spleen, crop, lunge feeding organ, tooth elements.

D. a common sickness combined with a lung infection caused by an unspecified pathogen.",D,1_1,influenza due to unidentified influenza virus with pneumonia,http://purl.obolibrary.org/obo/ICDO_0000158,11,"Health & Medicine, International Classification of Disease Ontology"
"In the ontology of International Classification of Disease, which of the following definitions best describes 'pneumonia due to SARS-associated coronavirus'?","A. pneumonia attacks the respiratory system. Contagious and hard to treat.

B. pneumonia attacks the respiratory system caused by SARS-CoV-2

C. a mild to severe respiratory illness that is caused by a coronavirus

D. Inflammation of the lung that is caused by viral infection; causes air sacs in lungs to fill up with fluid.",B,1_1,pneumonia due to SARS-associated coronavirus,http://purl.obolibrary.org/obo/ICDO_0000159,10,"Health & Medicine, International Classification of Disease Ontology"
"In the ontology of International Classification of Disease, which of the following definitions best describes 'hypertensive heart disease process without heart failure'?","A. A hypertensive disease that shows up with persistently elevated high blood pressure in the arteries, and has no identifiable cause. It does not include those hypertensive diseases complicating pregnancy, childbirth and the puerperium. Note that the essential hypertension affects 95% of hypertensive patients.

B. This term exists in ICD-9 but not ICD-10

C. This term exists in ICD-9 but not ICD-10

D. Heart conditions caused by high blood pressure",D,1_1,hypertensive heart disease process without heart failure,http://purl.obolibrary.org/obo/ICDO_0000160,11,"Health & Medicine, International Classification of Disease Ontology"
"In the ontology of International Classification of Disease, which of the following definitions best describes 'other viral pneumonia'?","A. a lung infection that inflames and infects the aveoli

B. pneumonia attacks the respiratory system. Contagious and hard to treat.

C. a mild to severe respiratory illness that is caused by a coronavirus

D. pneumonia attacks the respiratory system caused by SARS-CoV-2",B,1_1,other viral pneumonia,http://purl.obolibrary.org/obo/ICDO_0000161,10,"Health & Medicine, International Classification of Disease Ontology"
"In the ontology of International Classification of Disease, which of the following definitions best describes 'renal tubulo-interstitial disease processes'?","A. A genetic or acquired polyuric disorder characterized by persistent hypotonic urine and hypokalemia. ~ an inability to concentrate urine due to impaired renal tubule response to vasopressin (ADH), which leads to excretion of large amounts of dilute urine.

B. Ureteral stones are kidney stones that have become stuck in one or both ureters (the tubes that carry urine from the kidneys to the bladder)

C. the unirary tract is infected and cannot function properly

D. acute or chronic inflammation of the renal tubules and interstitium. Acute interstitial nephritis is commonly caused by allergic reactions to drugs, but infection or systemic disease may also precipitate the disease.",D,1_1,renal tubulo-interstitial disease processes,http://purl.obolibrary.org/obo/ICDO_0000165,8,"Health & Medicine, International Classification of Disease Ontology"
"In the ontology of International Classification of Disease, which of the following definitions best describes 'disease (process) of the genitourinary system'?","A. injury/other consequences caused by external sources

B. Diseases and conditions affecting the skin and subcutaneous tissue

C. Genitourinary disease involves disorders of the genital and urinary organs. These organs are involved in reproduction and urination

D. A disorder characterized by the acute loss of renal function",C,1_1,disease (process) of the genitourinary system,http://purl.obolibrary.org/obo/ICDO_0000260,7,"Health & Medicine, International Classification of Disease Ontology"
"In the ontology of International Classification of Disease, which of the following definitions best describes 'kidney'?","A. An organ or element that is in the abdomen. Examples: spleen, intestine, kidney, abdominal mammary gland.

B. Part of the ear external to the tympanum (eardrum). It typically consists of a tube (the external auditory meatus) that directs sound waves on to the tympanum, and may also include the external pinna, which extends beyond the skull[GO].

C. A paired organ of the urinary tract which has the production of urine as its primary function.

D. Any chamber of the left side of the heart",C,1_1,kidney,http://purl.obolibrary.org/obo/UBERON_0002113,11,"Health & Medicine, International Classification of Disease Ontology"
"In the ontology of International Classification of Disease, which of the following definitions best describes 'Influenza due to unidentified influenza virus with other manisfestations'?","A. Gastroenteritis, also known as infectious diarrhea, is inflammation of the gastrointestinal tract that involves the stomach and small intestine.

B. A common viral infection that can be deadly, especially in high-risk groups.

C. H. influenzae most often cause pneumonia, but can also cause severe illnesses like meningitis and bloodstream infections

D. Respiratory disease is a medical term that encompasses pathological conditions affecting the organs and tissues that make gas exchange possible in higher organisms, and includes conditions of the upper respiratory tract, trachea, bronchi, bronchioles, alveoli, pleura and pleural cavity, and the nerves and muscles of breathing.",B,1_1,Influenza due to unidentified influenza virus with other manisfestations,http://purl.obolibrary.org/obo/ICDO_0000166,10,"Health & Medicine, International Classification of Disease Ontology"
"In the ontology of International Classification of Disease, which of the following definitions best describes 'chronic ischemic heart DP'?","A. Documented history of previous myocardial infarction, a sudden and sometimes fatal occurrence of coronary thrombosis, typically resulting in the death of part of a heart muscle. Also known as heart attack.

B. heart problems caused by narrowed heart arteries. When arteries are narrowed, less blood and oxygen reaches the heart muscle. This is also called coronary artery disease and coronary heart disease. This can ultimately lead to heart attack.

C. Unstable angina (UA) is a type of angina pectoris that is irregular.

D. Also called coronary artery disease, describes heart problems caused by narrowed arteries that supply blood to the heart.",B,1_1,chronic ischemic heart DP,http://purl.obolibrary.org/obo/ICDO_0000167,9,"Health & Medicine, International Classification of Disease Ontology"
"In the ontology of International Classification of Disease, which of the following definitions best describes 'chronic'?","A. A duration quality of a process inhering in a bearer by virtue of the bearer's having slow progressive course of indefinite duration.

B. A process quality inhering in a bearer by virtue of the bearer's magnitude of the temporal extent between the starting and ending point.

C. A quality of a process inhering in a bearer by virtue of the bearer's having a sudden onset, sharp rise, and short course.

D. A condition in which a person loses the ability to think, remember, learn, make decisions, and solve problems. Symptoms may also include personality changes and emotional problems.",A,1_1,chronic,http://purl.obolibrary.org/obo/PATO_0001863,8,"Health & Medicine, International Classification of Disease Ontology"
"In the ontology of International Classification of Disease, which of the following definitions best describes 'Influenza due to unidentified influenza virus with other respiratory manisfestations'?","A. infection that inflames the air sacs in one or both lungs. The air sacs may fill with fluid or pus (purulent material), causing cough with phlegm or pus, fever, chills, and difficulty breathing.

B. A highly contagious, common viral infection of the respiratory passages causing fever and severe aching

C. decrease in the amount of red blood cells in the patient's blood stream

D. A common viral infection that can be deadly, especially in high-risk groups.",B,1_1,Influenza due to unidentified influenza virus with other respiratory manisfestations,http://purl.obolibrary.org/obo/ICDO_0000170,11,"Health & Medicine, International Classification of Disease Ontology"
"In the ontology of International Classification of Disease, which of the following definitions best describes 'pneumonia due to staphylococcus'?","A. an infection of your lungs caused by certain bacteria.

B. Pneumonia (infection that inflames the air sacs in the lungs) caused by Pseudomonas bacteria

C. MSSA, or methicillin-susceptible Staphylococcus aureus, is an infection caused by a type of bacteria commonly found on the skin.

D. lung inflammation caused by bacterial infection, in which air sacs fill with pus",D,1_1,pneumonia due to staphylococcus,http://purl.obolibrary.org/obo/ICDO_0000171,10,"Health & Medicine, International Classification of Disease Ontology"
"In the ontology of International Classification of Disease, which of the following definitions best describes 'acute pharyngitis, unspecified'?","A. Laryngitis may cause sore throat and hoarse voice but can also be associated with tracheitis and even bronchiolitis as the pathogen, infection, and host responses move further down the respiratory tree.

B. Inflammation of the pharynx, which is in the back of the throat. Commonly referred to as ""sore throat""

C. contagious infection of upper respiratory tract

D. upper respiratory system is infected and parts will become inflamed or damaged.",B,1_1,"acute pharyngitis, unspecified",http://purl.obolibrary.org/obo/ICDO_0000174,10,"Health & Medicine, International Classification of Disease Ontology"
"In the ontology of International Classification of Disease, which of the following definitions best describes 'acute upper respiratory infection, unspecified'?","A. Pharyngitis, or acute pharyngitis, is an inflammation of the back of the throat, otherwise known as the pharynx. The condition generally causes pain and a sensation of scratchiness in the region of the throat, as well as difficulty swallowing. The condition is typically referred to as a sore throat.

B. An acute URI is a contagious infection of your upper respiratory tract. Your upper respiratory tract includes the nose, throat, pharynx, larynx, and bronchi.

C. upper respiratory system is infected and parts will become inflamed or damaged.

D. A condition in which the cavities around the nasal passages become inflamed.",C,1_1,"acute upper respiratory infection, unspecified",http://purl.obolibrary.org/obo/ICDO_0000175,10,"Health & Medicine, International Classification of Disease Ontology"
"In the ontology of International Classification of Disease, which of the following definitions best describes 'pneumonia due to other aerobic gram-negative bacteria'?","A. lung inflammation caused by bacterial infection, in which air sacs fill with pus

B. pneumonia caused by bacteria

C. inflammation of the lung that is caused by bacterial infections

D. an infection that inflames the air sacs in one or both lungs. Caused by Streptococcus pneumoniae bacteria",B,1_1,pneumonia due to other aerobic gram-negative bacteria,http://purl.obolibrary.org/obo/ICDO_0000176,10,"Health & Medicine, International Classification of Disease Ontology"
"In the ontology of International Classification of Disease, which of the following definitions best describes 'pneumonia due to other specified bacteria'?","A. pneumonia caused by bacteria

B. An infection that inflames the air sacs in one or both lungs caused by Escherichia coli bacteria

C. an infection that inflames the air sacs in one or both lungs. Caused by Streptococcus pneumoniae bacteria

D. inflammation of the lung that is caused by bacterial infections",A,1_1,pneumonia due to other specified bacteria,http://purl.obolibrary.org/obo/ICDO_0000177,10,"Health & Medicine, International Classification of Disease Ontology"
"In the ontology of International Classification of Disease, which of the following definitions best describes 'unspecified bacterial pneumonia'?","A. An infection that inflames the air sacs in one or both lungs caused by Escherichia coli bacteria

B. inflammation of the lung that is caused by bacterial infections

C. Pneumonia (infection that inflames the air sacs in the lungs) caused by Pseudomonas bacteria

D. lung inflammation caused by bacterial infection, in which air sacs fill with pus",B,1_1,unspecified bacterial pneumonia,http://purl.obolibrary.org/obo/ICDO_0000178,10,"Health & Medicine, International Classification of Disease Ontology"
"In the ontology of International Classification of Disease, which of the following definitions best describes 'pneumonia in viral diseases classified elsewhere'?","A. an infection in the bloodstream that may travel to different body organs.

B. Patient did not undergo treatment due to patients decision

C. pneumonia caused by other viral diseases

D. pneumonia caused by other diseases",C,1_1,pneumonia in viral diseases classified elsewhere,http://purl.obolibrary.org/obo/ICDO_0000180,10,"Health & Medicine, International Classification of Disease Ontology"
"In the ontology of International Classification of Disease, which of the following definitions best describes 'Atherosclerotic heart disease of native coronary artery without angina pectoris'?","A. Care involving use of other rehabilitation procedures

B. heart problems caused by narrowed heart arteries. When arteries are narrowed, less blood and oxygen reaches the heart muscle. This is also called coronary artery disease and coronary heart disease. This can ultimately lead to heart attack.

C. a chronic inflammatory lung disease that causes obstructed airflow from the lungs

D. Thickening and loss of elasticity of the coronary arteries, leading to progressive arterial insufficiency (coronary disease).",D,1_1,Atherosclerotic heart disease of native coronary artery without angina pectoris,http://purl.obolibrary.org/obo/ICDO_0000182,11,"Health & Medicine, International Classification of Disease Ontology"
"In the ontology of International Classification of Disease, which of the following definitions best describes 'bronchopneumonia'?","A. pneumonia attacks the respiratory system caused by SARS-CoV-2

B. a lung infection that inflames and infects the aveoli

C. a mild to severe respiratory illness that is caused by a coronavirus

D. a form of pneumonia characterized by inflammatory exudate within the intra-alveolar space",B,1_1,bronchopneumonia,http://purl.obolibrary.org/obo/ICDO_0000183,10,"Health & Medicine, International Classification of Disease Ontology"
"In the ontology of International Classification of Disease, which of the following definitions best describes 'other pneumonia'?","A. A lung infection caused by an unspecified pathogen

B. An infection of one or both lungs

C. infection that inflames the air sacs in one or both lungs. The air sacs may fill with fluid or pus (purulent material), causing cough with phlegm or pus, fever, chills, and difficulty breathing.

D. an infection of your lungs caused by certain bacteria.",A,1_1,other pneumonia,http://purl.obolibrary.org/obo/ICDO_0000186,9,"Health & Medicine, International Classification of Disease Ontology"
"In the ontology of International Classification of Disease, which of the following definitions best describes 'pneumonia, unspecified organism'?","A. an infection of your lungs caused by certain bacteria.

B. Inflammation of the lung that is caused by viral infection; causes air sacs in lungs to fill up with fluid.

C. An infection of one or both lungs

D. A lung infection caused by an unspecified pathogen",C,1_1,"pneumonia, unspecified organism",http://purl.obolibrary.org/obo/ICDO_0000187,9,"Health & Medicine, International Classification of Disease Ontology"
"In the ontology of International Classification of Disease, which of the following definitions best describes 'acute bronchitis'?","A. contagious infection of lower respiratory tract

B. contagious viral infection caused by rhinovirus that causes inflammation of the bronchial tubes

C. an acute inflammatory injury of the bronchioles that is usually caused by a viral infection

D. lower respiratoy tract infection that causes reversible bronchia inflammation",D,1_1,acute bronchitis,http://purl.obolibrary.org/obo/ICDO_0000188,10,"Health & Medicine, International Classification of Disease Ontology"
"In the ontology of International Classification of Disease, which of the following definitions best describes 'other acute lower respiratory infections'?","A. contagious infection of lower respiratory tract

B. Respiratory tract infections not specified as acute, chronic, lower, or upper

C. an acute inflammatory injury of the bronchioles that is usually caused by a viral infection

D. Bronchiolitis is an acute inflammatory injury of the bronchioles that is usually caused by a viral infection (most commonly respiratory syncytial virus)",A,1_1,other acute lower respiratory infections,http://purl.obolibrary.org/obo/ICDO_0000190,9,"Health & Medicine, International Classification of Disease Ontology"
"In the ontology of International Classification of Disease, which of the following definitions best describes 'unspecified acute lower respiratory tract infection'?","A. Bronchiolitis is an acute inflammatory injury of the bronchioles that is usually caused by a viral infection (most commonly respiratory syncytial virus)

B. Bronchitis is an inflammation of the bronchial tubes, the airways that carry air to your lungs. It causes a cough that often brings up mucus, as well as shortness of breath, wheezing, and chest tightness.

C. acute infection that affects the lower respiratory tract.

D. contagious viral infection caused by rhinovirus that causes inflammation of the bronchial tubes",C,1_1,unspecified acute lower respiratory tract infection,http://purl.obolibrary.org/obo/ICDO_0000191,10,"Health & Medicine, International Classification of Disease Ontology"
"In the ontology of International Classification of Disease, which of the following definitions best describes 'chronic lower respiratory diseases'?","A. Chronic obstructive pulmonary disease (COPD) is a type of obstructive lung disease characterized by chronically poor airflow.

B. Asthma is a common chronic inflammatory disease of the airways characterized by variable and recurring symptoms, reversible airflow obstruction and bronchospasm.

C. Mucoid sputum production characterizes simple chronic bronchitis. Persistent or recurrent purulent sputum production in the absence of localized suppurative disease, such as bronchiectasis, characterizes chronic mucopurulent bronchitis

D. chronic infection of lower respiratory tract",D,1_1,chronic lower respiratory diseases,http://purl.obolibrary.org/obo/ICDO_0000192,8,"Health & Medicine, International Classification of Disease Ontology"
"In the ontology of International Classification of Disease, which of the following definitions best describes 'other chronic obstructive pulmonary disease'?","A. a chronic inflammatory lung disease that causes permanent damage to the lungs, making it hard to breathe

B. a chronic inflammatory lung disease that causes obstructed airflow from the lungs

C. a chronic inflammatory lung disease that causes obstructed airflow from the lungs

D. a chronic inflammatory lung disease that causes airway inflammation and reduced air flow from exacerbations",B,1_1,other chronic obstructive pulmonary disease,http://purl.obolibrary.org/obo/ICDO_0000194,10,"Health & Medicine, International Classification of Disease Ontology"
"In the ontology of International Classification of Disease, which of the following definitions best describes 'chronic obstructive pulmonary disease with acute lower respiratory infection'?","A. a chronic inflammatory lung disease that causes obstructed airflow from the lungs

B. a chronic inflammatory lung disease that causes permanent damage to the lungs, making it hard to breathe

C. a chronic inflammatory lung disease that causes obstructed airflow from the lungs

D. a chronic inflammatory lung disease that causes obstructed airflow from the lungs",C,1_1,chronic obstructive pulmonary disease with acute lower respiratory infection,http://purl.obolibrary.org/obo/ICDO_0000195,10,"Health & Medicine, International Classification of Disease Ontology"
"In the ontology of International Classification of Disease, which of the following definitions best describes 'chronic obstructive pulmonary disease, unspecified'?","A. a chronic inflammatory lung disease that causes obstructed airflow from the lungs

B. a chronic inflammatory lung disease that causes permanent damage to the lungs, making it hard to breathe

C. a chronic inflammatory lung disease that causes airway inflammation and reduced air flow from exacerbations

D. a chronic inflammatory lung disease that causes obstructed airflow from the lungs",B,1_1,"chronic obstructive pulmonary disease, unspecified",http://purl.obolibrary.org/obo/ICDO_0000198,10,"Health & Medicine, International Classification of Disease Ontology"
"In the ontology of International Classification of Disease, which of the following definitions best describes 'asthma'?","A. A condition of the lung characterized by increase beyond normal in the size of air spaces distal to the terminal bronchioles, either from dilatation of the alveoli or from destruction of their walls.

B. a chronic disease in which the bronchial airways in the lungs become narrowed and swollen, making it difficult to breathe

C. when you have symptoms of both asthma and chronic obstructive pulmonary disease

D. a condition where the bronchial tubes of the lungs are permanently damaged, widened, and thickened",B,1_1,asthma,http://purl.obolibrary.org/obo/ICDO_0000200,9,"Health & Medicine, International Classification of Disease Ontology"
"In the ontology of International Classification of Disease, which of the following definitions best describes 'uncomplicated asthma'?","A. Asthma symptoms (airway swelling) occuring fewer than three times a week

B. a chronic disease in which the bronchial airways in the lungs become narrowed and swollen, making it difficult to breathe

C. Bronchial airways in the lungs become narrowed and swollen, making it hard to breathe

D. Nonallergic asthma (a condition in which your airways narrow and swell)",C,1_1,uncomplicated asthma,http://purl.obolibrary.org/obo/ICDO_0000201,10,"Health & Medicine, International Classification of Disease Ontology"
"In the ontology of International Classification of Disease, which of the following definitions best describes 'other respiratory diseases affecting the interstitum'?","A. extravascular accumulation of fluid in the pulmonary tissue and air sacs

B. diseases affecting the respiratory system

C. respiratory diseases affecting the interstitum, a fluid-filled space between a structural barrier (ie cell wall, skin) and internal structures (ie organs, muscles).

D. diseases that inflame or scar the lungs",C,1_1,other respiratory diseases affecting the interstitum,http://purl.obolibrary.org/obo/ICDO_0000205,8,"Health & Medicine, International Classification of Disease Ontology"
"In the ontology of International Classification of Disease, which of the following definitions best describes 'acute respiratory distress syndrome'?","A. diseases that inflame or scar the lungs

B. respiratory diseases affecting the interstitum, a fluid-filled space between a structural barrier (ie cell wall, skin) and internal structures (ie organs, muscles).

C. Simple pulmonary eosinophilia (SPE), also known as Loeffler syndrome, is a rare, temporary (transient) respiratory disorder characterized by the accumulation of eosinophils in the lungs (pulmonary eosinophilia). Eosinophils are a type of white blood cell and are part of the immune system.

D. fluids fill up the lung's air sacs, causing the lung to not function properly",D,1_1,acute respiratory distress syndrome,http://purl.obolibrary.org/obo/ICDO_0000206,9,"Health & Medicine, International Classification of Disease Ontology"
"In the ontology of International Classification of Disease, which of the following definitions best describes 'other interstitial pulmonary diseases with fibrosis'?","A. respiratory diseases affecting the interstitum, a fluid-filled space between a structural barrier (ie cell wall, skin) and internal structures (ie organs, muscles).

B. diseases that inflame or scar the lungs

C. extravascular accumulation of fluid in the pulmonary tissue and air sacs

D. Interstitial pneumonia, Idiopathic pulmonary fibrosis, Nonspecific interstitial pneumonitis",C,1_1,other interstitial pulmonary diseases with fibrosis,http://purl.obolibrary.org/obo/ICDO_0000208,9,"Health & Medicine, International Classification of Disease Ontology"
"In the ontology of International Classification of Disease, which of the following definitions best describes 'pleural effusion, not elsewhere classified'?","A. increased amounts of fluid between the thin layers of tissue lining the lung and wall of the chest cavity

B. Pleural plaques are deposits of hyalinized collagen fibers in the parietal pleura.

C. There are three types of pleural disorders—pleurisy, pleural effusion, and pneumothorax—and they have varying causes.

D. increased amounts of fluid in pleural cavity",D,1_1,"pleural effusion, not elsewhere classified",http://purl.obolibrary.org/obo/ICDO_0000211,9,"Health & Medicine, International Classification of Disease Ontology"
"In the ontology of International Classification of Disease, which of the following definitions best describes 'pleural effusion in conditions classified elsewhere'?","A. The most frequent air leak, called a pneumothorax, is when the air collects between the lung and the chest wall.

B. diseases affecting the pleura, a membrane that lines the thorax

C. Pleural plaques are deposits of hyalinized collagen fibers in the parietal pleura.

D. increased amounts of fluid between the thin layers of tissue lining the lung and wall of the chest cavity",D,1_1,pleural effusion in conditions classified elsewhere,http://purl.obolibrary.org/obo/ICDO_0000212,9,"Health & Medicine, International Classification of Disease Ontology"
"In the ontology of International Classification of Disease, which of the following definitions best describes 'ischemic cardiomyopathy DP'?","A. https://www.uofmhealth.org/health-library/tx4090abc

B. heart problems caused by narrowed heart arteries. When arteries are narrowed, less blood and oxygen reaches the heart muscle. This is also called coronary artery disease and coronary heart disease. This can ultimately lead to heart attack.

C. Ischemic heart disease is the term given to heart problems caused by narrowed heart (coronary) arteries that supply blood to the heart muscle. It's most often it is caused by buildup of plaque, called atherosclerosis.

D. Coronary artery disease (CAD) is a group of diseases that includes: stable angina, unstable angina, myocardial infarction, and sudden coronary death.",A,1_1,ischemic cardiomyopathy DP,http://purl.obolibrary.org/obo/ICDO_0000213,10,"Health & Medicine, International Classification of Disease Ontology"
"In the ontology of International Classification of Disease, which of the following definitions best describes 'other diseases of the respiratory system'?","A. respiratory disorder as a result of another disorder found elsewhere in the body

B. an acute bleeding from the lung, from the upper respiratory tract and the trachea, and the alveoli

C. diseases affecting the respiratory system

D. A disorder characterized by bleeding from the nose",C,1_1,other diseases of the respiratory system,http://purl.obolibrary.org/obo/ICDO_0000214,8,"Health & Medicine, International Classification of Disease Ontology"
"In the ontology of International Classification of Disease, which of the following definitions best describes 'acute respiratory failure with hypoxia'?","A. acute respiratory failure where a portion of the body is hypoxemic (not enough oxygen, normal CO2 levels)

B. acute respiratory failure, unsure if it is hypoxemic (not enough oxygen, normal CO2 levels) or hypercapnic (too much CO2, oxygen normal or too low)

C. occurs when fluid builds up in air sacs of lungs

D. diabetes is usually an inherited disease that makes people obese and have problems with daily life",A,1_1,acute respiratory failure with hypoxia,http://purl.obolibrary.org/obo/ICDO_0000217,10,"Health & Medicine, International Classification of Disease Ontology"
"In the ontology of International Classification of Disease, which of the following definitions best describes 'chronic respiratory failure'?","A. respiratory system is unable to function properly; is long-term (chronic)

B. occurs when fluid builds up in air sacs of lungs

C. respiratory system has been attacked, used to specify symptoms

D. respiratory system is unable to function properly; is long-term (chronic) or short-term (acute)",A,1_1,chronic respiratory failure,http://purl.obolibrary.org/obo/ICDO_0000218,9,"Health & Medicine, International Classification of Disease Ontology"
"In the ontology of International Classification of Disease, which of the following definitions best describes 'acute and chronic respiratory failure'?","A. respiratory system has been attacked, used to specify symptoms

B. respiratory system is unable to function properly; is long-term (chronic) or short-term (acute)

C. respiratory system is unable to function properly; is long-term (chronic) or short-term (acute); can be with hypoxia (too little oxygen) or hypercapnia (too much CO2, normal/low oxygen)

D. occurs when fluid builds up in air sacs of lungs",B,1_1,acute and chronic respiratory failure,http://purl.obolibrary.org/obo/ICDO_0000219,9,"Health & Medicine, International Classification of Disease Ontology"
"In the ontology of International Classification of Disease, which of the following definitions best describes 'acute and chronic respiratory failure, unspecified whether with hypoxia or hypercapnia'?","A. respiratory system is unable to function properly; is long-term (chronic) or short-term (acute); can be with hypoxia (too little oxygen) or hypercapnia (too much CO2, normal/low oxygen)

B. An entity that has temporal parts and that happens, unfolds or develops through time.

C. a condition that results in the inability to effectively exchange carbon dioxide and oxygen, and induces chronically low oxygen levels or chronically high carbon dioxide levels, unspecified which

D. respiratory system is unable to function properly; is long-term (chronic) or short-term (acute)",A,1_1,"acute and chronic respiratory failure, unspecified whether with hypoxia or hypercapnia",http://purl.obolibrary.org/obo/ICDO_0000220,10,"Health & Medicine, International Classification of Disease Ontology"
"In the ontology of International Classification of Disease, which of the following definitions best describes 'respiratory failure, unspecified'?","A. respiratory system has been attacked, used to specify symptoms

B. respiratory system is unable to function properly; is long-term (chronic)

C. respiratory system has been damaged, unspecified whether there is too much CO2 (hypercapnia) or too little oxygen (hypoxmia) in the body

D. occurs when fluid builds up in air sacs of lungs",A,1_1,"respiratory failure, unspecified",http://purl.obolibrary.org/obo/ICDO_0000221,9,"Health & Medicine, International Classification of Disease Ontology"
"In the ontology of International Classification of Disease, which of the following definitions best describes 'respiratory failure, unspecified whether with hypoxmia or hypercapnia'?","A. respiratory system has been attacked, used to specify symptoms

B. Gastroenteritis, also known as infectious diarrhea, is inflammation of the gastrointestinal tract that involves the stomach and small intestine.

C. respiratory system has been damaged, unspecified whether there is too much CO2 (hypercapnia) or too little oxygen (hypoxmia) in the body

D. Muscle disorders that cause weakness, pain or even paralysis",C,1_1,"respiratory failure, unspecified whether with hypoxmia or hypercapnia",http://purl.obolibrary.org/obo/ICDO_0000222,10,"Health & Medicine, International Classification of Disease Ontology"
"In the ontology of International Classification of Disease, which of the following definitions best describes 'other disorders of the lung'?","A. respiratory disorder as a result of another disorder found elsewhere in the body

B. when the alveoli (helps exchange oxygen in air for CO2), don't fill with air

C. disorders affecting the lungs, ie asthma, COPD, influenza, etc.

D. a viral respiratory illness caused by a coronavirus called SARS-associated coronavirus (SARS-CoV).",C,1_1,other disorders of the lung,http://purl.obolibrary.org/obo/ICDO_0000224,9,"Health & Medicine, International Classification of Disease Ontology"
"In the ontology of International Classification of Disease, which of the following definitions best describes 'other sepcified respiratory disorders'?","A. a malignant lung tumor characterized by uncontrolled cell growth in tissues of the lung.

B. conditions affecting the respiratory system

C. disease of the bronchus

D. a viral respiratory illness caused by a coronavirus called SARS-associated coronavirus (SARS-CoV).",B,1_1,other sepcified respiratory disorders,http://purl.obolibrary.org/obo/ICDO_0000225,9,"Health & Medicine, International Classification of Disease Ontology"
"In the ontology of International Classification of Disease, which of the following definitions best describes 'chronic ischemic heart DP, unspecified'?","A. heart problems caused by narrowed heart arteries. When arteries are narrowed, less blood and oxygen reaches the heart muscle. This is also called coronary artery disease and coronary heart disease. This can ultimately lead to heart attack.

B. heart problems caused by narrowed heart arteries. When arteries are narrowed, less blood and oxygen reaches the heart muscle. This is also called coronary artery disease and coronary heart disease. This can ultimately lead to heart attack.

C. Ischemic heart disease is the term given to heart problems caused by narrowed heart (coronary) arteries that supply blood to the heart muscle. It's most often it is caused by buildup of plaque, called atherosclerosis.

D. Documented history of previous myocardial infarction, a sudden and sometimes fatal occurrence of coronary thrombosis, typically resulting in the death of part of a heart muscle. Also known as heart attack.",C,1_1,"chronic ischemic heart DP, unspecified",http://purl.obolibrary.org/obo/ICDO_0000227,10,"Health & Medicine, International Classification of Disease Ontology"
"In the ontology of International Classification of Disease, which of the following definitions best describes 'pulmonary heart DP and disease processes of pulmonary circulation'?","A. the enlargement and failure of the right ventricle of the heart as a response to increased vascular resistance or high blood pressure in the lungs.

B. white blood cell disorders effect the functionallity of the body's immune response

C. any cardiac complications occurring in the postanesthetic care unit (PACU)

D. A heart attack in the absence of observable q wave abnormalities in the ecg.",A,1_1,pulmonary heart DP and disease processes of pulmonary circulation,http://purl.obolibrary.org/obo/ICDO_0000228,8,"Health & Medicine, International Classification of Disease Ontology"
"In the ontology of International Classification of Disease, which of the following definitions best describes 'pulmonary embolism DP without acute cor pulmonale'?","A. the enlargement and failure of the right ventricle of the heart as a response to increased vascular resistance or high blood pressure in the lungs.

B. Presence of a blockage in one of the pulmonary arteries in the lungs in patients with acute cor pulmonale (acute right heart failure)

C. Pulmonary hypertension (PH) is an increase of blood pressure in the pulmonary artery, pulmonary vein, or pulmonary capillaries, together known as the lung vasculature, leading to shortness of breath, dizziness, fainting, leg swelling and other symptoms.

D. A blockage of an artery in the lungs by a foreign substance",D,1_1,pulmonary embolism DP without acute cor pulmonale,http://purl.obolibrary.org/obo/ICDO_0000229,9,"Health & Medicine, International Classification of Disease Ontology"
"In the ontology of International Classification of Disease, which of the following definitions best describes 'cardiac arrest DP'?","A. Hemorrhagic diseases are caused by bleeding, or they result in bleeding

B. high blood pressure after a surgical procedure

C. A disorder characterized by cessation of the pumping function of the heart.

D. Also called coronary artery disease, describes heart problems caused by narrowed arteries that supply blood to the heart.",C,1_1,cardiac arrest DP,http://purl.obolibrary.org/obo/ICDO_0000230,8,"Health & Medicine, International Classification of Disease Ontology"
"In the ontology of International Classification of Disease, which of the following definitions best describes 'cardiac arrest, cause unspecified'?","A. is a structure formed during inflammation that is found in many diseases. It is a collection of immune cells known as macrophages.[1] Granulomas form when the immune system attempts to wall off substances it perceives as foreign but is unable to eliminate. Such substances include infectious organisms including bacteria and fungi, as well as other materials such as keratin and suture fragments.

B. Presence of a blockage in one of the pulmonary arteries in the lungs in patients with acute cor pulmonale (acute right heart failure)

C. A disorder characterized by cessation of the pumping function of the heart.

D. A disorder characterized by cessation of the pumping function of the heart.",D,1_1,"cardiac arrest, cause unspecified",http://purl.obolibrary.org/obo/ICDO_0000231,9,"Health & Medicine, International Classification of Disease Ontology"
"In the ontology of International Classification of Disease, which of the following definitions best describes 'paroxysmal atrial fibrillation DP'?","A. very fast electrical discharge patterns that make the atria contract very rapidly, causing them to contract faster and less efficiently than normal.

B. refers to AF that occurs for longer than 7 days and ends spontaneously or with treatment

C. In atrial fibrillation, the atria beat irregularly. In atrial flutter, the atria beat regularly, but faster than usual and more often than the ventricles

D. a rapid, erratic heart rate begins suddenly and then stops on its own within 7 days",D,1_1,paroxysmal atrial fibrillation DP,http://purl.obolibrary.org/obo/ICDO_0000236,9,"Health & Medicine, International Classification of Disease Ontology"
"In the ontology of International Classification of Disease, which of the following definitions best describes 'cardiac arrhythmia DP, unspecified'?","A. Electrical impulses that cause your heart to beat originate in the upper right chamber of the heart and travel to the lower chambers. In bundle branch block, the pathway that these impulses travel on is delayed or blocked.

B. general cardiac funciton abnormalities following heart surgery

C. A problem with the rate or rhythm of your heartbeat. It means that your heart beats too quickly, too slowly, or with an irregular pattern

D. Anemia caused by low iron intake, inefficient iron absorption in the gastrointestinal tract, or chronic blood loss.",C,1_1,"cardiac arrhythmia DP, unspecified",http://purl.obolibrary.org/obo/ICDO_0000239,8,"Health & Medicine, International Classification of Disease Ontology"
"In the ontology of International Classification of Disease, which of the following definitions best describes 'unspecified atrial fibrillation and atrial flutter DP'?","A. a type of heart arrhythmia that causes the top chambers of your heart, the atria, to quiver and beat irregularly. Lasts over a week.

B. very fast electrical discharge patterns that make the atria contract very rapidly, causing them to contract faster and less efficiently than normal.

C. refers to AF that occurs for longer than 7 days and ends spontaneously or with treatment

D. a rapid, erratic heart rate begins suddenly and then stops on its own within 7 days",B,1_1,unspecified atrial fibrillation and atrial flutter DP,http://purl.obolibrary.org/obo/ICDO_0000240,9,"Health & Medicine, International Classification of Disease Ontology"
"In the ontology of International Classification of Disease, which of the following definitions best describes 'left bundle-branch block DP, unspecified'?","A. First-degree atrioventricular block (AV block), or PR prolongation, is a disease of the electrical conduction system of the heart in which the PR interval is lengthened beyond 0.20 seconds.

B. Electrical impulses that cause your heart to beat originate in the upper right chamber of the heart and travel to the lower chambers. In bundle branch block, the pathway that these impulses travel on is delayed or blocked.

C. help with diet means the person is not eating healthy.

D. a common electrocardiographic (ECG) abnormality seen in patients whose normal cardiac conduction down both anterior and posterior left fascicles of the His-Purkinje system is compromised.",D,1_1,"left bundle-branch block DP, unspecified",http://purl.obolibrary.org/obo/ICDO_0000241,9,"Health & Medicine, International Classification of Disease Ontology"
"In the ontology of International Classification of Disease, which of the following definitions best describes 'heart failure, unspecified'?","A. A disorder characterized by the inability of the heart to pump blood at an adequate volume to meet tissue metabolic requirements, or, the ability to do so only at an elevation in the filling pressure.

B. Failure of adequate output by the left ventricle

C. A disorder characterized by the inability of the heart to pump blood at an adequate volume to meet tissue metabolic requirements, or, the ability to do so only at an elevation in the filling pressure.

D. is inflammation (swelling and irritation) of the epididymis, a tube at the back of the testicle that carries sperm",C,1_1,"heart failure, unspecified",http://purl.obolibrary.org/obo/ICDO_0000245,9,"Health & Medicine, International Classification of Disease Ontology"
"In the ontology of International Classification of Disease, which of the following definitions best describes 'stroke DP, not specified as haemorrhage or infarction'?","A. A thickening and loss of elasticity of the walls of arteries that occurs with formation of atherosclerotic plaques within the arterial intima.

B. A problem with the rate or rhythm of your heartbeat. It means that your heart beats too quickly, too slowly, or with an irregular pattern

C. An episode of acute neurological dysfunction presumed to be caused by ischemia or hemorrhage, persisting ≥24 hours or until death

D. any cardiac complications occurring in the postanesthetic care unit (PACU)",C,1_1,"stroke DP, not specified as haemorrhage or infarction",http://purl.obolibrary.org/obo/ICDO_0000246,8,"Health & Medicine, International Classification of Disease Ontology"
"In the ontology of International Classification of Disease, which of the following definitions best describes 'sequelae DP of stroke, not specified as haemorrhage or infarction'?","A. A disorder characterized by a blood pressure that is below the normal expected for an individual in a given environment.

B. heart failure following heart surgery

C. residual effects or conditions produced after the acute phase of a stroke

D. white blood cell disorders effect the functionallity of the body's immune response",C,1_1,"sequelae DP of stroke, not specified as haemorrhage or infarction",http://purl.obolibrary.org/obo/ICDO_0000247,8,"Health & Medicine, International Classification of Disease Ontology"
"In the ontology of International Classification of Disease, which of the following definitions best describes 'atherosclerosis DP of native arteries of extremities with gangrene'?","A. A condition in which arteries become narrower and slow down the flow of blood accompanied with chest pain

B. A thickening and loss of elasticity of the walls of arteries that occurs with formation of atherosclerotic plaques within the arterial intima.

C. Pneumonia (infection that inflames the air sacs in the lungs) caused by Klebsiella pneumoniae bacteria

D. When plaque (fatty deposits) clogs your arteries",D,1_1,atherosclerosis DP of native arteries of extremities with gangrene,http://purl.obolibrary.org/obo/ICDO_0000248,9,"Health & Medicine, International Classification of Disease Ontology"
"In the ontology of International Classification of Disease, which of the following definitions best describes 'atherosclerosis DP'?","A. People with neutropenia have an unusually low number of cells called neutrophils. Neutrophils are cells in your immune system that attack bacteria and other organisms when they invade your body

B. A balloon-like buldge like causes a dissection (a tear in the lining of the aorta)

C. A thickening and loss of elasticity of the walls of arteries that occurs with formation of atherosclerotic plaques within the arterial intima.

D. abnormally fast heartbeat. It's a broad term that includes many forms of heart rhythm problems",C,1_1,atherosclerosis DP,http://purl.obolibrary.org/obo/ICDO_0000249,8,"Health & Medicine, International Classification of Disease Ontology"
"In the ontology of International Classification of Disease, which of the following definitions best describes 'disease processes of veins, lymphatic vessels and lymph nodes'?","A. Electrical impulses that cause your heart to beat originate in the upper right chamber of the heart and travel to the lower chambers. In bundle branch block, the pathway that these impulses travel on is delayed or blocked.

B. Anemia caused by low iron intake, inefficient iron absorption in the gastrointestinal tract, or chronic blood loss.

C. In atrial fibrillation, the atria beat irregularly. In atrial flutter, the atria beat regularly, but faster than usual and more often than the ventricles

D. Diseases of the lymphatic system, a network of tissues and organs.",D,1_1,"disease processes of veins, lymphatic vessels and lymph nodes",http://purl.obolibrary.org/obo/ICDO_0000250,8,"Health & Medicine, International Classification of Disease Ontology"
"In the ontology of International Classification of Disease, which of the following definitions best describes 'other hypotension DP'?","A. A significant drop in blood pressure after assuming a standing position

B. A decrease in systemic blood pressure below accepted low values (pressures less than 90/60 are recognized as hypotensive)

C. A decrease in systemic blood pressure below accepted low values (pressures less than 90/60 are recognized as hypotensive)

D. A disorder characterized by a blood pressure that is below the normal expected for an individual in a given environment.",C,1_1,other hypotension DP,http://purl.obolibrary.org/obo/ICDO_0000254,9,"Health & Medicine, International Classification of Disease Ontology"
"In the ontology of International Classification of Disease, which of the following definitions best describes 'hypotension DP, unspecified'?","A. A decrease in systemic blood pressure below accepted low values (pressures less than 90/60 are recognized as hypotensive)

B. A decrease in systemic blood pressure below accepted low values (pressures less than 90/60 are recognized as hypotensive)

C. A disorder characterized by a blood pressure that is below the normal expected for an individual in a given environment.

D. A significant drop in blood pressure after assuming a standing position",B,1_1,"hypotension DP, unspecified",http://purl.obolibrary.org/obo/ICDO_0000255,9,"Health & Medicine, International Classification of Disease Ontology"
"In the ontology of International Classification of Disease, which of the following definitions best describes 'coronavirus infection DP, unspecified'?","A. A general term for diseases produced by viruses.

B. someone has drank alcohol so much, that they depend on it to function

C. a type of common virus that infects humans, typically leading to an upper respiratory infection

D. A general term for diseases produced by viruses.",C,1_1,"coronavirus infection DP, unspecified",http://purl.obolibrary.org/obo/ICDO_0000259,9,"Health & Medicine, International Classification of Disease Ontology"
"In the ontology of International Classification of Disease, which of the following definitions best describes 'viral infection DP of unspecified site'?","A. A general term for diseases produced by viruses.

B. disorders caused by organisms — such as bacteria, viruses, fungi or parasites.

C. the presence of bacteria or their toxins in the blood or tissues.

D. viruses that infect the body cause diseases",A,1_1,viral infection DP of unspecified site,http://purl.obolibrary.org/obo/ICDO_0000321,8,"Health & Medicine, International Classification of Disease Ontology"
"In the ontology of International Classification of Disease, which of the following definitions best describes 'acute pyelonephritis DP'?","A. Acute pharyngitis is characterized by the rapid onset of sore throat and pharyngeal inflammation (with or without exudate)

B. a bacterial infection causing inflammation of the kidneys and is one of the most common diseases of the kidney.

C. Reflux nephropathy is kidney damage (nephropathy) due to urine flowing backward (reflux) from the bladder toward the kidneys; the latter is called vesicoureteral reflux (VUR).

D. acute or chronic inflammation of the renal tubules and interstitium. Acute interstitial nephritis is commonly caused by allergic reactions to drugs, but infection or systemic disease may also precipitate the disease.",B,1_1,acute pyelonephritis DP,http://purl.obolibrary.org/obo/ICDO_0000262,9,"Health & Medicine, International Classification of Disease Ontology"
"In the ontology of International Classification of Disease, which of the following definitions best describes 'acute kidney failure DP'?","A. A disorder characterized by the acute loss of renal function

B. A disorder characterized by the acute loss of renal function

C. kidney(s)'s functions are compromised. This will be a short term problem

D. Acute kidney failure resulting from destruction of epithelial cells of the kidney tubules.",A,1_1,acute kidney failure DP,http://purl.obolibrary.org/obo/ICDO_0000263,9,"Health & Medicine, International Classification of Disease Ontology"
"In the ontology of International Classification of Disease, which of the following definitions best describes 'acute kidney failure with tubular necrosis DP'?","A. kidney is no longer able to filter blood.

B. A disorder characterized by the acute loss of renal function

C. Acute kidney failure resulting from destruction of epithelial cells of the kidney tubules.

D. kidney(s)'s functions are compromised. This will be a short term problem",C,1_1,acute kidney failure with tubular necrosis DP,http://purl.obolibrary.org/obo/ICDO_0000265,10,"Health & Medicine, International Classification of Disease Ontology"
"In the ontology of International Classification of Disease, which of the following definitions best describes 'chronic kidney DP, stage 3'?","A. A disease that causes moderate kidney damage. A person is more likely to develop complications of kidney disease such as high blood pressure, anemia, and/or early bone disease.

B. A disorder characterized by gradual and usually permanent loss of kidney function resulting in renal failure.

C. progressive loss in kidney function over a period of months or years.

D. Chronic, irreversible renal failure.",A,1_1,"chronic kidney DP, stage 3",http://purl.obolibrary.org/obo/ICDO_0000269,10,"Health & Medicine, International Classification of Disease Ontology"
"In the ontology of International Classification of Disease, which of the following definitions best describes 'chronic kidney DP, stage 4'?","A. Chronic, irreversible renal failure.

B. Hypertension (Elevated blood pressure) in patients with stage 5 kidney disease or end stage renal disease

C. progressive loss in kidney function over a period of months or years.

D. kidneys are moderately or severely damaged and are not working as they should. Stage 4 kidney disease should be taken very seriously – it is the last stage before kidney failure.",D,1_1,"chronic kidney DP, stage 4",http://purl.obolibrary.org/obo/ICDO_0000270,10,"Health & Medicine, International Classification of Disease Ontology"
"In the ontology of International Classification of Disease, which of the following definitions best describes 'chronic kidney DP, stage 5'?","A. A disease that causes moderate kidney damage. A person is more likely to develop complications of kidney disease such as high blood pressure, anemia, and/or early bone disease.

B. kidneys are moderately or severely damaged and are not working as they should. Stage 4 kidney disease should be taken very seriously – it is the last stage before kidney failure.

C. Chronic, irreversible renal failure.

D. Chronic, irreversible renal failure.",D,1_1,"chronic kidney DP, stage 5",http://purl.obolibrary.org/obo/ICDO_0000271,10,"Health & Medicine, International Classification of Disease Ontology"
"In the ontology of International Classification of Disease, which of the following definitions best describes 'end stage renal DP'?","A. kidneys are moderately or severely damaged and are not working as they should. Stage 4 kidney disease should be taken very seriously – it is the last stage before kidney failure.

B. Chronic, irreversible renal failure.

C. A disorder characterized by gradual and usually permanent loss of kidney function resulting in renal failure.

D. A disorder characterized by gradual and usually permanent loss of kidney function resulting in renal failure.",B,1_1,end stage renal DP,http://purl.obolibrary.org/obo/ICDO_0000272,10,"Health & Medicine, International Classification of Disease Ontology"
"In the ontology of International Classification of Disease, which of the following definitions best describes 'chronic kidney DP unspecified'?","A. A disorder characterized by gradual and usually permanent loss of kidney function resulting in renal failure.

B. kidneys are moderately or severely damaged and are not working as they should. Stage 4 kidney disease should be taken very seriously – it is the last stage before kidney failure.

C. Hypertension (Elevated blood pressure) in patients with stage 5 kidney disease or end stage renal disease

D. A disorder characterized by gradual and usually permanent loss of kidney function resulting in renal failure.",A,1_1,chronic kidney DP unspecified,http://purl.obolibrary.org/obo/ICDO_0000273,10,"Health & Medicine, International Classification of Disease Ontology"
"In the ontology of International Classification of Disease, which of the following definitions best describes 'unspecified kidney failure DP'?","A. Acute proliferative glomerulonephritis is a disorder of the glomeruli (glomerulonephritis), or small blood vessels in the kidneys.

B. a kidney disorder that causes your body to pass too much protein in your urine

C. A clinical syndrome associated with the retention of renal waste products or uremic toxins in the blood. It is usually the result of renal insufficiency.

D. An acute infection of the bladder",C,1_1,unspecified kidney failure DP,http://purl.obolibrary.org/obo/ICDO_0000274,8,"Health & Medicine, International Classification of Disease Ontology"
"In the ontology of International Classification of Disease, which of the following definitions best describes 'urinary tract infection DP'?","A. the unirary tract is infected and cannot function properly

B. An acute infection of the bladder

C. Genitourinary disease involves disorders of the genital and urinary organs. These organs are involved in reproduction and urination

D. A clinical syndrome associated with the retention of renal waste products or uremic toxins in the blood. It is usually the result of renal insufficiency.",A,1_1,urinary tract infection DP,http://purl.obolibrary.org/obo/ICDO_0000275,8,"Health & Medicine, International Classification of Disease Ontology"
"In the ontology of International Classification of Disease, which of the following definitions best describes 'benign prostatic hyperplasia DP'?","A. when your prostate gland becomes suddenly inflamed

B. A benign (noncancerous) condition in which an overgrowth of prostate tissue pushes against the urethra and the bladder, blocking the flow of urine.

C. Diseases that affect the male reproductive and genital organs

D. Age-associated prostate gland enlargement that can cause urination difficulty.",B,1_1,benign prostatic hyperplasia DP,http://purl.obolibrary.org/obo/ICDO_0000276,9,"Health & Medicine, International Classification of Disease Ontology"
"In the ontology of International Classification of Disease, which of the following definitions best describes 'DP of male genital organs'?","A. Acute proliferative glomerulonephritis is a disorder of the glomeruli (glomerulonephritis), or small blood vessels in the kidneys.

B. the unirary tract is infected and cannot function properly

C. acute or chronic inflammation of the renal tubules and interstitium. Acute interstitial nephritis is commonly caused by allergic reactions to drugs, but infection or systemic disease may also precipitate the disease.

D. Diseases that affect the male reproductive and genital organs",D,1_1,DP of male genital organs,http://purl.obolibrary.org/obo/ICDO_0000278,8,"Health & Medicine, International Classification of Disease Ontology"
"In the ontology of International Classification of Disease, which of the following definitions best describes 'acute prostatitis DP'?","A. Inflammation of the liver caused by hepatitis c virus lasting six months or more

B. Diseases that affect the male reproductive and genital organs

C. A benign (noncancerous) condition in which an overgrowth of prostate tissue pushes against the urethra and the bladder, blocking the flow of urine.

D. when your prostate gland becomes suddenly inflamed",D,1_1,acute prostatitis DP,http://purl.obolibrary.org/obo/ICDO_0000277,9,"Health & Medicine, International Classification of Disease Ontology"
"In the ontology of International Classification of Disease, which of the following definitions best describes 'iron deficiency anemia DP'?","A. Electrical impulses that cause your heart to beat originate in the upper right chamber of the heart and travel to the lower chambers. In bundle branch block, the pathway that these impulses travel on is delayed or blocked.

B. the enlargement and failure of the right ventricle of the heart as a response to increased vascular resistance or high blood pressure in the lungs.

C. Anemia caused by low iron intake, inefficient iron absorption in the gastrointestinal tract, or chronic blood loss.

D. heart failure following heart surgery",C,1_1,iron deficiency anemia DP,http://purl.obolibrary.org/obo/ICDO_0000279,8,"Health & Medicine, International Classification of Disease Ontology"
"In the ontology of International Classification of Disease, which of the following definitions best describes 'other iron deficiency anemia DP'?","A. Iron deficiency anemia (a condition in which blood lacks adequate healthy blood cells) caused by chronic blood loss

B. caused by a shortage of iron in your body.

C. Anemia caused by low iron intake, inefficient iron absorption in the gastrointestinal tract, or chronic blood loss.

D. Iron deficiency anemia is a common type of anemia — a condition in which blood lacks adequate healthy red blood cells.",B,1_1,other iron deficiency anemia DP,http://purl.obolibrary.org/obo/ICDO_0000280,9,"Health & Medicine, International Classification of Disease Ontology"
"In the ontology of International Classification of Disease, which of the following definitions best describes 'iron deficiency anemia, unspecified'?","A. Iron deficiency anemia is a common type of anemia — a condition in which blood lacks adequate healthy red blood cells.

B. caused by a shortage of iron in your body.

C. Anemia caused by low iron intake, inefficient iron absorption in the gastrointestinal tract, or chronic blood loss.

D. Iron deficiency anemia (a condition in which blood lacks adequate healthy blood cells) caused by chronic blood loss",A,1_1,"iron deficiency anemia, unspecified",http://purl.obolibrary.org/obo/ICDO_0000281,9,"Health & Medicine, International Classification of Disease Ontology"
"In the ontology of International Classification of Disease, which of the following definitions best describes 'acute posthemorrhagic anemia DP'?","A. a condition marked by a deficiency of red blood cells or of hemoglobin in the blood

B. a condition in which a person quickly loses a large volume of circulating hemoglobin.

C. decrease in the amount of red blood cells in the patient's blood stream

D. patient lacks enough red blood cells to carry oxygen to the body's tissues",B,1_1,acute posthemorrhagic anemia DP,http://purl.obolibrary.org/obo/ICDO_0000283,9,"Health & Medicine, International Classification of Disease Ontology"
"In the ontology of International Classification of Disease, which of the following definitions best describes 'anemia DP in other chronic diseases classified elsewhere'?","A. a condition in which a person quickly loses a large volume of circulating hemoglobin.

B. decrease in the amount of red blood cells in the patient's blood stream

C. a condition marked by a deficiency of red blood cells or of hemoglobin in the blood

D. patient lacks enough red blood cells to carry oxygen to the body's tissues",C,1_1,anemia DP in other chronic diseases classified elsewhere,http://purl.obolibrary.org/obo/ICDO_0000285,9,"Health & Medicine, International Classification of Disease Ontology"
"In the ontology of International Classification of Disease, which of the following definitions best describes 'other specified anemia DP'?","A. a condition marked by a deficiency of red blood cells or of hemoglobin in the blood

B. a condition in which a person quickly loses a large volume of circulating hemoglobin.

C. patient lacks enough red blood cells to carry oxygen to the body's tissues

D. decrease in the amount of red blood cells in the patient's blood stream",D,1_1,other specified anemia DP,http://purl.obolibrary.org/obo/ICDO_0000286,9,"Health & Medicine, International Classification of Disease Ontology"
"In the ontology of International Classification of Disease, which of the following definitions best describes 'coagulation defects, purpura and other hemorrhagic conditions'?","A. Hemorrhagic diseases are caused by bleeding, or they result in bleeding

B. abnormally low levels of thrombocytes, also known as platelets, in the blood.

C. heart failure following heart surgery

D. Deficiency of a coagulation factor (proteins in the blood that help control bleeding) that is not caused by genetic alterations. Causes include vitamin k deficiency, amyloidosis, and severe liver disease.",A,1_1,"coagulation defects, purpura and other hemorrhagic conditions",http://purl.obolibrary.org/obo/ICDO_0000289,8,"Health & Medicine, International Classification of Disease Ontology"
"In the ontology of International Classification of Disease, which of the following definitions best describes 'secondary thrombocytopenia DP'?","A. Hemorrhagic diseases are caused by bleeding, or they result in bleeding

B. Deficiency of a coagulation factor (proteins in the blood that help control bleeding) that is not caused by genetic alterations. Causes include vitamin k deficiency, amyloidosis, and severe liver disease.

C. abnormally low levels of thrombocytes, also known as platelets, in the blood.

D. Thrombocytopenia is a condition characterized by abnormally low levels of thrombocytes, also known as platelets, in the blood.",C,1_1,secondary thrombocytopenia DP,http://purl.obolibrary.org/obo/ICDO_0000290,9,"Health & Medicine, International Classification of Disease Ontology"
"In the ontology of International Classification of Disease, which of the following definitions best describes 'thrombocytopenia DP, unspecified'?","A. Deficiency of a coagulation factor (proteins in the blood that help control bleeding) that is not caused by genetic alterations. Causes include vitamin k deficiency, amyloidosis, and severe liver disease.

B. Hemorrhagic diseases are caused by bleeding, or they result in bleeding

C. a bleeding disorder caused by circulating anticoagulants (autoantibodies that neutralize specific clotting)

D. Thrombocytopenia is a condition characterized by abnormally low levels of thrombocytes, also known as platelets, in the blood.",D,1_1,"thrombocytopenia DP, unspecified",http://purl.obolibrary.org/obo/ICDO_0000291,9,"Health & Medicine, International Classification of Disease Ontology"
"In the ontology of International Classification of Disease, which of the following definitions best describes 'neutropenia DP'?","A. A nonspecific hypersensitivity reaction caused by trauma causing pericardial effusion; high titers of anti-heart antibodies; low-grade fever; lethargy; loss of appetite; or abdominal pain.

B. Anemia caused by low iron intake, inefficient iron absorption in the gastrointestinal tract, or chronic blood loss.

C. Also called coronary artery disease, describes heart problems caused by narrowed arteries that supply blood to the heart.

D. People with neutropenia have an unusually low number of cells called neutrophils. Neutrophils are cells in your immune system that attack bacteria and other organisms when they invade your body",D,1_1,neutropenia DP,http://purl.obolibrary.org/obo/ICDO_0000292,8,"Health & Medicine, International Classification of Disease Ontology"
"In the ontology of International Classification of Disease, which of the following definitions best describes 'other specified disorders of white blood cells.'?","A. the enlargement and failure of the right ventricle of the heart as a response to increased vascular resistance or high blood pressure in the lungs.

B. In atrial fibrillation, the atria beat irregularly. In atrial flutter, the atria beat regularly, but faster than usual and more often than the ventricles

C. white blood cell disorders effect the functionallity of the body's immune response

D. a heart defect in which there are holes between the chambers of the right and left sides of the heart, and the valves that control the flow of blood between these chambers may not be formed correctly.",C,1_1,other specified disorders of white blood cells.,http://purl.obolibrary.org/obo/ICDO_0000293,8,"Health & Medicine, International Classification of Disease Ontology"
"In the ontology of International Classification of Disease, which of the following definitions best describes 'lymphocytopenia'?","A. white blood cell disorders effect the functionallity of the body's immune response

B. low level of lymphocytes, which are white blood cells

C. Material anatomical entity that is a single connected structure with inherent 3D shape generated by coordinated expression of the organism's own genome.

D. complication occurs during procedure",B,1_1,lymphocytopenia,http://purl.obolibrary.org/obo/ICDO_0000294,9,"Health & Medicine, International Classification of Disease Ontology"
"In the ontology of International Classification of Disease, which of the following definitions best describes 'disorder involving the immune mechanism, unspecified'?","A. residual effects or conditions produced after the acute phase of a stroke

B. A disorder resulting from an abnormality in the immune system

C. Also called coronary artery disease, describes heart problems caused by narrowed arteries that supply blood to the heart.

D. abnormally fast heartbeat. It's a broad term that includes many forms of heart rhythm problems",B,1_1,"disorder involving the immune mechanism, unspecified",http://purl.obolibrary.org/obo/ICDO_0000295,8,"Health & Medicine, International Classification of Disease Ontology"
"In the ontology of International Classification of Disease, which of the following definitions best describes 'nervous system'?","A. Anatomical system that consists of all blood and lymph vessels.

B. The nervous system is an organ system containing predominantly neuron and glial cells. In bilaterally symmetrical organism, it is arranged in a network of tree-like structures connected to a central body. The main functions of the nervous system are to regulate and control body functions, and to receive sensory input, process this information, and generate behavior [CUMBO].

C. Functional system which consists of structures involved in respiration.

D. organ system that passes nutrients (such as amino acids and electrolytes), gases, hormones, blood cells, etc. to and from cells in the body to help fight diseases and help stabilize body temperature and pH to maintain homeostasis[WP].",B,1_1,nervous system,http://purl.obolibrary.org/obo/UBERON_0001016,7,"Health & Medicine, International Classification of Disease Ontology"
"In the ontology of International Classification of Disease, which of the following definitions best describes 'acquired coagulation factor deficiency'?","A. a bleeding disorder caused by circulating anticoagulants (autoantibodies that neutralize specific clotting)

B. Thrombocytopenia is a condition characterized by abnormally low levels of thrombocytes, also known as platelets, in the blood.

C. abnormally low levels of thrombocytes, also known as platelets, in the blood.

D. Deficiency of a coagulation factor (proteins in the blood that help control bleeding) that is not caused by genetic alterations. Causes include vitamin k deficiency, amyloidosis, and severe liver disease.",D,1_1,acquired coagulation factor deficiency,http://purl.obolibrary.org/obo/ICDO_0000297,9,"Health & Medicine, International Classification of Disease Ontology"
"In the ontology of International Classification of Disease, which of the following definitions best describes 'parkinson's disease process'?","A. a brain disorder that leads to shaking, stiffness, and difficulty with walking, balance, and coordination.

B. A brief stroke (from a few minutes to an hour) of cerebral dysfunction when the blood supply to this part of the brain is blocked

C. a small class of medical conditions affecting the nervous system.

D. A disorder of the nervous system marked by weakness, numbness, a loss of muscle coordination, and problems with vision, speech, and bladder control",A,1_1,parkinson's disease process,http://purl.obolibrary.org/obo/ICDO_0000298,8,"Health & Medicine, International Classification of Disease Ontology"
"In the ontology of International Classification of Disease, which of the following definitions best describes 'alzheimer's disease process'?","A. A mental disorder in which a person has trouble telling the difference between real and unreal experiences, thinking logically, and behaving normally in social situations.

B. a brain disorder that leads to shaking, stiffness, and difficulty with walking, balance, and coordination.

C. A degenerative disease of the brain characterized by the insidious onset of dementia. Impairment of memory, judgment, attention span, and problem solving skills are followed by severe apraxias and a global loss of cognitive abilities.

D. Delirium of mixed origin, postoperative delirium",C,1_1,alzheimer's disease process,http://purl.obolibrary.org/obo/ICDO_0000299,8,"Health & Medicine, International Classification of Disease Ontology"
"In the ontology of International Classification of Disease, which of the following definitions best describes 'alzheimer's DP with late onset'?","A. A degenerative disease of the brain characterized by the insidious onset of dementia. Impairment of memory, judgment, attention span, and problem solving skills are followed by severe apraxias and a global loss of cognitive abilities.

B. characterized by clinical symptoms and signs of AD that become apparent after the age of 60.

C. Other form of Alzheimer's disease (diseases where dementia symptoms gradually worsen over time)

D. Unspecified loss of memory, language,and other thinking abilities in a patient with Alzheimer's",B,1_1,alzheimer's DP with late onset,http://purl.obolibrary.org/obo/ICDO_0000300,9,"Health & Medicine, International Classification of Disease Ontology"
"In the ontology of International Classification of Disease, which of the following definitions best describes 'alzheimer's DP, unspecified'?","A. Unspecified loss of memory, language,and other thinking abilities in a patient with Alzheimer's

B. A degenerative disease of the brain characterized by the insidious onset of dementia. Impairment of memory, judgment, attention span, and problem solving skills are followed by severe apraxias and a global loss of cognitive abilities.

C. characterized by clinical symptoms and signs of AD that become apparent after the age of 60.

D. Other form of Alzheimer's disease (diseases where dementia symptoms gradually worsen over time)",B,1_1,"alzheimer's DP, unspecified",http://purl.obolibrary.org/obo/ICDO_0000301,9,"Health & Medicine, International Classification of Disease Ontology"
"In the ontology of International Classification of Disease, which of the following definitions best describes 'epilepsy, unspecified'?","A. Epilepsy with complex partial seizures and focal EEG abnoralities

B. Unspecified vascular dementia (problems with reasoning, planning, judgement, memory, and other thought processes caused by brain damage from impaired blood blow to your brain)

C. a neurological disorder marked by sudden recurrent episodes of sensory disturbance, loss of consciousness, or convulsions, associated with abnormal electrical activity in the brain.

D. a small class of medical conditions affecting the nervous system.",C,1_1,"epilepsy, unspecified",http://purl.obolibrary.org/obo/ICDO_0000302,8,"Health & Medicine, International Classification of Disease Ontology"
"In the ontology of International Classification of Disease, which of the following definitions best describes 'obstructive sleep apnea DP'?","A. A disorder characterized by cessation of breathing for short periods during sleep.

B. A disorder characterized by recurrent apneas during sleep despite persistent respiratory efforts. It is due to upper airway obstruction.

C. a potentially serious sleep disorder in which the brain makes no effort to breathe for short periods of time

D. Abnormally decreased volume of circulating fluid (plasma) in body.",B,1_1,obstructive sleep apnea DP,http://purl.obolibrary.org/obo/ICDO_0000304,10,"Health & Medicine, International Classification of Disease Ontology"
"In the ontology of International Classification of Disease, which of the following definitions best describes 'functional diarrhea'?","A. A condition in which stool becomes hard, dry, and difficult to pass, and bowel movements don't happen very often.

B. used to specify a diagnosis of secondary and unspecified malignant neoplasm of intrathoracic lymph nodes.

C. a problem with how your stomach and bowels function or work

D. loose stool consistency and chronicity and absence of coexisting irritable bowel syndrome",D,1_1,functional diarrhea,http://purl.obolibrary.org/obo/ICDO_0000313,10,"Health & Medicine, International Classification of Disease Ontology"
"In the ontology of International Classification of Disease, which of the following definitions best describes 'hemorrhage of anus and rectum DP'?","A. Disease of the anus or rectum

B. a problem with how your stomach and bowels function or work

C. bleeding in the rectum caused by various things such as infections, proctitis, etc.

D. Diverticular disease consists of three conditions that involve the development of small sacs or pockets in the wall of the colon, including diverticulosis, diverticular bleeding, and diverticulitis.",C,1_1,hemorrhage of anus and rectum DP,http://purl.obolibrary.org/obo/ICDO_0000314,9,"Health & Medicine, International Classification of Disease Ontology"
"In the ontology of International Classification of Disease, which of the following definitions best describes 'acute and subacute hepatic failure DP'?","A. liver failure

B. Cancer that has spread from the original (primary) tumor to the liver.

C. liver failure

D. any disturbance of liver function that causes illness.",C,1_1,acute and subacute hepatic failure DP,http://purl.obolibrary.org/obo/ICDO_0000316,9,"Health & Medicine, International Classification of Disease Ontology"
"In the ontology of International Classification of Disease, which of the following definitions best describes 'melena DP'?","A. Abnormally dark tarry feces containing blood (usually from gastrointestinal bleeding)

B. A stomach bug or stomach flu

C. sudden onset of hematuria combined with bladder pain and irritative bladder symptoms. Hematuria is blood in the urine.

D. Bleeding from the gastric wall.",A,1_1,melena DP,http://purl.obolibrary.org/obo/ICDO_0000317,9,"Health & Medicine, International Classification of Disease Ontology"
"In the ontology of International Classification of Disease, which of the following definitions best describes 'sepsis DP, unspecified organism'?","A. The viral hemorrhagic (or haemorrhagic) fevers (VHFs) are a diverse group of animal and human illnesses in which fever and hemorrhage are caused by a viral infection.

B. the presence of bacteria or their toxins in the blood or tissues.

C. colitis (inflammation of the large intestine) resulting from infection with Clostridium difficile, a spore-forming bacterium.

D. A condition in which candida albicans, a type of yeast, grows out of control in moist skin areas of the body",B,1_1,"sepsis DP, unspecified organism",http://purl.obolibrary.org/obo/ICDO_0000320,8,"Health & Medicine, International Classification of Disease Ontology"
"In the ontology of International Classification of Disease, which of the following definitions best describes 'viral infection DP, unspecified'?","A. A general term for diseases produced by viruses.

B. kidney(s)'s functions are compromised. This will be a short term problem

C. a type of common virus that infects humans, typically leading to an upper respiratory infection

D. A general term for diseases produced by viruses.",D,1_1,"viral infection DP, unspecified",http://purl.obolibrary.org/obo/ICDO_0000322,9,"Health & Medicine, International Classification of Disease Ontology"
"In the ontology of International Classification of Disease, which of the following definitions best describes 'other specified bacterial agents as the cause of diseases classified elsewhere'?","A. Sepsis (when the body's response to an infection is out of balance) caused by a staph infection. Could lead to organ damage or failure

B. bacteria that infect the body cause diseases

C. Diseases in body caused by Staphylococcus aureus bacteria

D. bacteria that infect the body cause diseases",B,1_1,other specified bacterial agents as the cause of diseases classified elsewhere,http://purl.obolibrary.org/obo/ICDO_0000324,9,"Health & Medicine, International Classification of Disease Ontology"
"In the ontology of International Classification of Disease, which of the following definitions best describes 'other coronavirus as the cause of diseases'?","A. a type of common virus that infects humans, typically leading to an upper respiratory infection

B. viruses that infect the body cause diseases

C. Diseases caused by other viral agents

D. a type of common virus that infects humans, typically leading to an upper respiratory infection",D,1_1,other coronavirus as the cause of diseases,http://purl.obolibrary.org/obo/ICDO_0000328,9,"Health & Medicine, International Classification of Disease Ontology"
"In the ontology of International Classification of Disease, which of the following definitions best describes 'other and unspecified infectious diseases'?","A. Infectious diseases are disorders caused by organisms — such as bacteria, viruses, fungi or parasites.

B. The viral hemorrhagic (or haemorrhagic) fevers (VHFs) are a diverse group of animal and human illnesses in which fever and hemorrhage are caused by a viral infection.

C. Enteritis (entero- + -itis) is inflammation of the small intestine.

D. A general term for diseases produced by viruses.",A,1_1,other and unspecified infectious diseases,http://purl.obolibrary.org/obo/ICDO_0000330,8,"Health & Medicine, International Classification of Disease Ontology"
"In the ontology of International Classification of Disease, which of the following definitions best describes 'malignant neoplasm DP of bronchus or lung'?","A. Cancerous tumor of a respiratory organ (upper lobe, bronchus, or lung)

B. disease of the bronchus

C. a malignant lung tumor characterized by uncontrolled cell growth in tissues of the lung.

D. a malignant lung tumor characterized by uncontrolled cell growth in tissues of the lung.",D,1_1,malignant neoplasm DP of bronchus or lung,http://purl.obolibrary.org/obo/ICDO_0000332,9,"Health & Medicine, International Classification of Disease Ontology"
"In the ontology of International Classification of Disease, which of the following definitions best describes 'malignant neoplasm DP of breast'?","A. Cancer that has spread from the original (primary) tumor to the bone.

B. A malignancy of mature plasma cells engaging in monoclonal immunoglobulin production.

C. Evans syndrome is an autoimmune disease in which an individual's antibodies attack their own red blood cells and platelets.

D. a malignant lung tumor characterized by uncontrolled cell growth in tissues of the lung.",D,1_1,malignant neoplasm DP of breast,http://purl.obolibrary.org/obo/ICDO_0000333,8,"Health & Medicine, International Classification of Disease Ontology"
"In the ontology of International Classification of Disease, which of the following definitions best describes 'secondary malignant neoplasm of liver and intrahepatic bile duct DP'?","A. Hepatitis (not hepatitis A or hepatitis B); inflammation of the liver

B. Cancerous tumor of a respiratory organ (upper lobe, bronchus, or lung)

C. A state of bone marrow suppression and failure that is caused by a cytotoxic or adverse immunologic response to a drug treatment, leading to a failure of production of red blood cells, white cells and platelets.

D. Cancer that has spread from the original (primary) tumor to the liver.",D,1_1,secondary malignant neoplasm of liver and intrahepatic bile duct DP,http://purl.obolibrary.org/obo/ICDO_0000335,9,"Health & Medicine, International Classification of Disease Ontology"
"In the ontology of International Classification of Disease, which of the following definitions best describes 'secondary malignant neoplasm of bone and bone marrow DP'?","A. Evans syndrome is an autoimmune disease in which an individual's antibodies attack their own red blood cells and platelets.

B. A malignancy of mature plasma cells engaging in monoclonal immunoglobulin production.

C. Cancer that has spread from the original (primary) tumor to the bone.

D. An immune disorder is a dysfunction of the immune system.",C,1_1,secondary malignant neoplasm of bone and bone marrow DP,http://purl.obolibrary.org/obo/ICDO_0000336,8,"Health & Medicine, International Classification of Disease Ontology"
"In the ontology of International Classification of Disease, which of the following definitions best describes 'multiple myeloma DP'?","A. cancerous tumor of the eye

B. A malignancy of mature plasma cells engaging in monoclonal immunoglobulin production.

C. cancerous tumor of the brain

D. a malignant lung tumor characterized by uncontrolled cell growth in tissues of the lung.",B,1_1,multiple myeloma DP,http://purl.obolibrary.org/obo/ICDO_0000337,8,"Health & Medicine, International Classification of Disease Ontology"
"In the ontology of International Classification of Disease, which of the following definitions best describes 'retinal disorders in diseases classified elsewhere'?","A. a common eye disorder among people over 50. It causes blurred or reduced central vision, due to thinning of the macula

B. The viral hemorrhagic (or haemorrhagic) fevers (VHFs) are a diverse group of animal and human illnesses in which fever and hemorrhage are caused by a viral infection.

C. A disease characterized by the growth of inflammatory cells (granulomas) in a specific part of your body (most commonly liver, lungs, skin, and lymph nodes)

D. damage in the eyes due to diabetes",D,1_1,retinal disorders in diseases classified elsewhere,http://purl.obolibrary.org/obo/ICDO_0000340,9,"Health & Medicine, International Classification of Disease Ontology"
"In the ontology of International Classification of Disease, which of the following definitions best describes 'unspecified glaucoma'?","A. no symptoms, but HIV was found in patient's bloodstream

B. when your temperature rises above its normal range

C. A disorder characterized by an increase in pressure in the eyeball due to obstruction of the aqueous humor outflow.

D. A condition characterized by a dry, waxy type of swelling (edema) with abnormal deposits of mucopolysaccharides in the skin and other tissues. It is caused by a deficiency of thyroid hormones.",C,1_1,unspecified glaucoma,http://purl.obolibrary.org/obo/ICDO_0000341,9,"Health & Medicine, International Classification of Disease Ontology"
"In the ontology of International Classification of Disease, which of the following definitions best describes 'pressure ulcer of back'?","A. Injury to elbow skin and underlying tissue resulting from prolonged pressure on skin around elbow

B. Injury to hip skin and underlying tissue resulting from prolonged pressure on skin around hip

C. are injuries to skin and underlying tissue resulting from prolonged pressure on the skinv

D. injuries to skin on back and underlying tissue resulting from prolonged pressure on the skin.",C,1_1,pressure ulcer of back,http://purl.obolibrary.org/obo/ICDO_0000343,10,"Health & Medicine, International Classification of Disease Ontology"
"In the ontology of International Classification of Disease, which of the following definitions best describes 'pressure ulcer'?","A. injuries to skin on back and underlying tissue resulting from prolonged pressure on the skin.

B. are injuries to skin and underlying tissue resulting from prolonged pressure on the skinv

C. Injury to elbow skin and underlying tissue resulting from prolonged pressure on skin around elbow

D. An ulceration caused by prolonged pressure on the skin and tissues when one stays in one position for a long period of time, such as lying in bed.",D,1_1,pressure ulcer,http://purl.obolibrary.org/obo/ICDO_0000360,9,"Health & Medicine, International Classification of Disease Ontology"
"In the ontology of International Classification of Disease, which of the following definitions best describes 'non-pressure chronic ulcer of lower limb, not elsewhere classified'?","A. A chronic lung disorder characterized by deposition of coal dust in the lung parenchyma leading to the formation of black nodules and emphysema. It occurs in coal miners.

B. a defect in the skin below the level of knee persisting for more than six weeks and shows no tendency to heal after three or more months.

C. Coronary artery disease (CAD) is a group of diseases that includes: stable angina, unstable angina, myocardial infarction, and sudden coronary death.

D. Diseases and conditions affecting the skin and subcutaneous tissue",B,1_1,"non-pressure chronic ulcer of lower limb, not elsewhere classified",http://purl.obolibrary.org/obo/ICDO_0000344,8,"Health & Medicine, International Classification of Disease Ontology"
"In the ontology of International Classification of Disease, which of the following definitions best describes 'low back pain DP'?","A. Acute or chronic pain in the lumbar or sacral regions

B. a fatigue-induced fracture of the bone caused by repeated stress over time.

C. Osteoporosis is the most common bone disease and is caused by the thinning of the bones

D. Osteolysis is an active resorption of bone matrix by osteoclasts during the natural formation of healthy bones",A,1_1,low back pain DP,http://purl.obolibrary.org/obo/ICDO_0000346,8,"Health & Medicine, International Classification of Disease Ontology"
"In the ontology of International Classification of Disease, which of the following definitions best describes 'other specified disorders of muscle'?","A. fracture in the anatomical portions of the femur which serve as the attachment sites for several muscles.

B. Muscle disorders that cause weakness, pain or even paralysis

C. fracture or break in the upper end of the humerus

D. Spondyloarthropathy or spondyloarthrosis refers to any joint disease of the vertebral column.",B,1_1,other specified disorders of muscle,http://purl.obolibrary.org/obo/ICDO_0000347,8,"Health & Medicine, International Classification of Disease Ontology"
"In the ontology of International Classification of Disease, which of the following definitions best describes 'myalgia DP'?","A. Childhood arthritis is any form of arthritis or arthritis-related conditions which affects individuals under the age of 16.

B. A chronic disorder of unknown etiology characterized by pain, stiffness, and tenderness in the muscles

C. Osteonecrosis occurs when your bones lose their blood supply. The bones die and eventually collapse, leading to pain and arthritis. You can have osteonecrosis in one or several bones. It is most common in the upper leg.

D. A chronic condition in which both the breakdown and regrowth of bone are increased.",B,1_1,myalgia DP,http://purl.obolibrary.org/obo/ICDO_0000348,8,"Health & Medicine, International Classification of Disease Ontology"
"In the ontology of International Classification of Disease, which of the following definitions best describes 'age-related osteoporosis with current pathological fracture'?","A. Osteoporosis is the most common bone disease and is caused by the thinning of the bones

B. A disorder characterized by marked pain in the back region.

C. Osteoarthritis (OA) is a type of joint disease that results from breakdown of joint cartilage and underlying bone.

D. Osteolysis is an active resorption of bone matrix by osteoclasts during the natural formation of healthy bones",A,1_1,age-related osteoporosis with current pathological fracture,http://purl.obolibrary.org/obo/ICDO_0000350,8,"Health & Medicine, International Classification of Disease Ontology"
"In the ontology of International Classification of Disease, which of the following definitions best describes 'severe acute respiratory syndrome, unspecified'?","A. Respiratory disorders, or lung diseases, are disorders such as asthma, cystic fibrosis, emphysema, lung cancer, mesothelioma, pulmonary hypertension, and tuberculosis.

B. an acute bleeding from the lung, from the upper respiratory tract and the trachea, and the alveoli

C. a viral respiratory illness caused by a coronavirus called SARS-associated coronavirus (SARS-CoV).

D. conditions affecting the respiratory system",C,1_1,"severe acute respiratory syndrome, unspecified",http://purl.obolibrary.org/obo/ICDO_0000351,9,"Health & Medicine, International Classification of Disease Ontology"
"In the ontology of International Classification of Disease, which of the following definitions best describes 'injury, poisoning and certain other consequences of external causes '?","A. Abnormal increase in the volume of circulating fluid (plasma) in the body.

B. injury/other consequences caused by external sources

C. fracture or break on ribs, sternum and thoracic spine

D. disorders caused by organisms — such as bacteria, viruses, fungi or parasites.",B,1_1,"injury, poisoning and certain other consequences of external causes ",http://purl.obolibrary.org/obo/ICDO_0000353,7,"Health & Medicine, International Classification of Disease Ontology"
"In the ontology of International Classification of Disease, which of the following definitions best describes 'concussion DP'?","A. occur when the bony block or vertebral body in the spine collapses, which can lead to severe pain, deformity and loss of height.

B. other complications due to implementation of cardiac/vascular devices, implaces, grafts

C. A type of permanent damage to muscles and nerves that results from prolonged lack blood flow to those tissues. It is characterized by shortening and stiffening of the muscles.

D. A violent jar or shock, or the condition which results from such an injury.",D,1_1,concussion DP,http://purl.obolibrary.org/obo/ICDO_0000354,8,"Health & Medicine, International Classification of Disease Ontology"
"In the ontology of International Classification of Disease, which of the following definitions best describes 'fracture of head and neck of femur DP'?","A. A network of ligaments holds them in place and allows them to move. A tear in any of these ligaments can result in two or more of your carpal bones being pushed out of their usual position

B. an injury involving an external or internal break in body tissue, usually involving the skin

C. Fractures of the short, constricted portion of the thigh bone between the femur head and the trochanters.

D. wound on head that is open",C,1_1,fracture of head and neck of femur DP,http://purl.obolibrary.org/obo/ICDO_0000355,8,"Health & Medicine, International Classification of Disease Ontology"
"In the ontology of International Classification of Disease, which of the following definitions best describes 'slipping, tripping, stumbling and falls'?","A. Death in circumstances where the body of the deceased was found and no cause could be discovered

B. Diseases and conditions affecting the eyes

C. an event which results in a person coming to rest inadvertently on the ground or floor or other lower level

D. Actions done to prevent a disease or to relieve a symptom i.e.: Surgery to remove blood clots",C,1_1,"slipping, tripping, stumbling and falls",http://purl.obolibrary.org/obo/ICDO_0000357,7,"Health & Medicine, International Classification of Disease Ontology"
"In the ontology of International Classification of Disease, which of the following definitions best describes 'alcoholic cirrhosis DP of liver'?","A. any disturbance of liver function that causes illness.

B. liver is damaged which makes it hard to digest food.

C. liver failure

D. Unspecified late stage scarring of the liver",C,1_1,alcoholic cirrhosis DP of liver,http://purl.obolibrary.org/obo/ICDO_0000359,9,"Health & Medicine, International Classification of Disease Ontology"
"In the ontology of International Classification of Disease, which of the following definitions best describes 'traumatic ischemia DP of muscle'?","A. A type of permanent damage to muscles and nerves that results from prolonged lack blood flow to those tissues. It is characterized by shortening and stiffening of the muscles.

B. A cervical fracture, commonly called a broken neck, is a catastrophic fracture of any of the seven cervical vertebrae in the neck

C. an injury involving an external or internal break in body tissue, usually involving the skin

D. a complete or incomplete break in one of the five metatarsal bones in each foot.",A,1_1,traumatic ischemia DP of muscle,http://purl.obolibrary.org/obo/ICDO_0000361,8,"Health & Medicine, International Classification of Disease Ontology"
"In the ontology of International Classification of Disease, which of the following definitions best describes 'symptoms, signs and abnormal clinical and laboratory findings'?","A. any health problem that occurs in the digestive tract.

B. Actions done to prevent a disease or to relieve a symptom i.e.: Surgery to remove blood clots

C. symptoms, signs, abnormal results of clinical or other investigative procedures, and ill-defined conditions regarding which no diagnosis classifiable elsewhere is recorded.

D. An inability to experience pleasure from activities usually found enjoyable.",C,1_1,"symptoms, signs and abnormal clinical and laboratory findings",http://purl.obolibrary.org/obo/ICDO_0000364,7,"Health & Medicine, International Classification of Disease Ontology"
"In the ontology of International Classification of Disease, which of the following definitions best describes 'anosmia DP'?","A. Loss of sense of smell

B. symptoms, signs, abnormal results of clinical or other investigative procedures, and ill-defined conditions regarding which no diagnosis classifiable elsewhere is recorded.

C. signs such as jaw pain or chills that help identify the disease

D. A disorder characterized by the reflexive act of ejecting the contents of the stomach through the mouth.",A,1_1,anosmia DP,http://purl.obolibrary.org/obo/ICDO_0000366,8,"Health & Medicine, International Classification of Disease Ontology"
"In the ontology of International Classification of Disease, which of the following definitions best describes 'factors influencing health status and contact with health services'?","A. Persons encountering health services for examinations, Genetic carrier and genetic susceptibility to disease, Resistance to antimicrobial drugs, etc

B. when immune system reacts to a foreign substance or food that doesn't cause a reaction in most people

C. other specified health condition/status not coded for

D. removal of organ (surgery/injury)",A,1_1,factors influencing health status and contact with health services,http://purl.obolibrary.org/obo/ICDO_0000368,7,"Health & Medicine, International Classification of Disease Ontology"
"In the ontology of International Classification of Disease, which of the following definitions best describes 'encounter for general adult medical examination'?","A. other problems related to health care

B. other specified health condition/status not coded for

C. Encounter for general adult medical examination

D. Persons encountering health services for examinations, Genetic carrier and genetic susceptibility to disease, Resistance to antimicrobial drugs, etc",C,1_1,encounter for general adult medical examination,http://purl.obolibrary.org/obo/ICDO_0000369,8,"Health & Medicine, International Classification of Disease Ontology"
"In the ontology of International Classification of Disease, which of the following definitions best describes 'problem related to social environment'?","A. when immune system reacts to a foreign substance or food that doesn't cause a reaction in most people

B. patient has vascular implants/grafts

C. Problem related to social environment

D. financial problems related to housing or general economic standing",C,1_1,problem related to social environment,http://purl.obolibrary.org/obo/ICDO_0000371,8,"Health & Medicine, International Classification of Disease Ontology"
"In the ontology of International Classification of Disease, which of the following definitions best describes 'long term (current) use of aspirin'?","A. long term use of asipirin

B. observation by doctors of suspected myocardial infarction (heart attack)

C. Encounter for general adult medical examination

D. financial problems related to housing or general economic standing",A,1_1,long term (current) use of aspirin,http://purl.obolibrary.org/obo/ICDO_0000372,8,"Health & Medicine, International Classification of Disease Ontology"
"In the ontology of International Classification of Disease, which of the following definitions best describes 'allergy status to other antibiotic agents status'?","A. patient has vascular implants/grafts

B. low amount of income (financial)

C. removal of organ (surgery/injury)

D. when immune system reacts to a foreign substance or food that doesn't cause a reaction in most people",D,1_1,allergy status to other antibiotic agents status,http://purl.obolibrary.org/obo/ICDO_0000373,8,"Health & Medicine, International Classification of Disease Ontology"
"In the ontology of International Classification of Disease, which of the following definitions best describes 'dementia in Alzheimer’s disease, atypical or mixed type'?","A. Loss of memory, language, problem-solving and other thinking abilities in an Alzheimer's patient

B. Unspecified loss of memory, language,and other thinking abilities in a patient with Alzheimer's

C. A degenerative disease of the brain characterized by the insidious onset of dementia. Impairment of memory, judgment, attention span, and problem solving skills are followed by severe apraxias and a global loss of cognitive abilities.

D. characterized by clinical symptoms and signs of AD that become apparent after the age of 60.",A,1_1,"dementia in Alzheimer’s disease, atypical or mixed type",http://purl.obolibrary.org/obo/ICDO_0000382,9,"Health & Medicine, International Classification of Disease Ontology"
"In the ontology of International Classification of Disease, which of the following definitions best describes 'hypertensive chronic kidney disease with stage 5 chronic kidney disease or end stage renal disease'?","A. Chronic, irreversible renal failure.

B. A disease that causes moderate kidney damage. A person is more likely to develop complications of kidney disease such as high blood pressure, anemia, and/or early bone disease.

C. Hypertension (Elevated blood pressure) in patients with stage 5 kidney disease or end stage renal disease

D. Chronic, irreversible renal failure.",C,1_1,hypertensive chronic kidney disease with stage 5 chronic kidney disease or end stage renal disease,http://purl.obolibrary.org/obo/ICDO_0000385,10,"Health & Medicine, International Classification of Disease Ontology"
"In the ontology of International Classification of Disease, which of the following definitions best describes 'pulmonary embolism with acute cor pulmonale'?","A. the enlargement and failure of the right ventricle of the heart as a response to increased vascular resistance or high blood pressure in the lungs.

B. Pulmonary hypertension (PH) is an increase of blood pressure in the pulmonary artery, pulmonary vein, or pulmonary capillaries, together known as the lung vasculature, leading to shortness of breath, dizziness, fainting, leg swelling and other symptoms.

C. A blockage of an artery in the lungs by a foreign substance

D. Presence of a blockage in one of the pulmonary arteries in the lungs in patients with acute cor pulmonale (acute right heart failure)",D,1_1,pulmonary embolism with acute cor pulmonale,http://purl.obolibrary.org/obo/ICDO_0000386,9,"Health & Medicine, International Classification of Disease Ontology"
"In the ontology of International Classification of Disease, which of the following definitions best describes 'acute upper respiratory infections of multiple sites'?","A. A continuant that is dependent on one or other independent continuant bearers. For every instance of A requires some instance of (an independent continuant type) B but which instance of B serves can change from time to time.

B. An acute URI is a contagious infection of your upper respiratory tract. Your upper respiratory tract includes the nose, throat, pharynx, larynx, and bronchi.

C. upper respiratory system is infected in multiple sites and parts will become inflamed or damaged.

D. Diseases and conditions affecting the eyes",C,1_1,acute upper respiratory infections of multiple sites,http://purl.obolibrary.org/obo/ICDO_0000388,11,"Health & Medicine, International Classification of Disease Ontology"
"In the ontology of International Classification of Disease, which of the following definitions best describes '*Acute upper respiratory infections of multiple and unspecified sites'?","A. Inflammation of the pharynx, which is in the back of the throat. Commonly referred to as ""sore throat""

B. An acute URI is a contagious infection of your upper respiratory tract. Your upper respiratory tract includes the nose, throat, pharynx, larynx, and bronchi.

C. A condition in which the cavities around the nasal passages become inflamed.

D. Laryngitis may cause sore throat and hoarse voice but can also be associated with tracheitis and even bronchiolitis as the pathogen, infection, and host responses move further down the respiratory tree.",B,1_1,*Acute upper respiratory infections of multiple and unspecified sites,http://purl.obolibrary.org/obo/icdo.owl/ICDO_0000180,10,"Health & Medicine, International Classification of Disease Ontology"
"In the ontology of International Classification of Disease, which of the following definitions best describes 'pneumonia due to Pseudomonas'?","A. An infection that inflames the air sacs in one or both lungs caused by Escherichia coli bacteria

B. pneumonia caused by bacteria

C. inflammation of the lung that is caused by bacterial infections

D. Pneumonia (infection that inflames the air sacs in the lungs) caused by Pseudomonas bacteria",D,1_1,pneumonia due to Pseudomonas,http://purl.obolibrary.org/obo/ICDO_0000390,10,"Health & Medicine, International Classification of Disease Ontology"
"In the ontology of International Classification of Disease, which of the following definitions best describes 'pressure ulcer of elbow'?","A. Injury to hip skin and underlying tissue resulting from prolonged pressure on skin around hip

B. Injury to elbow skin and underlying tissue resulting from prolonged pressure on skin around elbow

C. injuries to skin on back and underlying tissue resulting from prolonged pressure on the skin.

D. are injuries to skin and underlying tissue resulting from prolonged pressure on the skinv",B,1_1,pressure ulcer of elbow,http://purl.obolibrary.org/obo/ICDO_0000392,10,"Health & Medicine, International Classification of Disease Ontology"
"In the ontology of International Classification of Disease, which of the following definitions best describes 'pre-existing type 2 diabetes mellitus, in pregnancy, childbirth and the puerperium'?","A. The existence of type 2 diabetes mellitus in pregnant patients or patients who had a child within the last 6 weeks

B. symptoms that are related to being pregnant, pregnancy is in the first trimester

C. symptoms that are related to being pregnant, pregnancy is in the third trimester

D. symptoms that are related to being pregnant, pregnancy is in the second trimester",A,1_1,"pre-existing type 2 diabetes mellitus, in pregnancy, childbirth and the puerperium",http://purl.obolibrary.org/obo/ICDO_0000393,9,"Health & Medicine, International Classification of Disease Ontology"
"In the ontology of International Classification of Disease, which of the following definitions best describes 'localized enlarged lymph nodes'?","A. Diseases of the lymphatic system, a network of tissues and organs.

B. a condition that occurs when the venous wall and/or valves in the leg veins are not working effectively, making it difficult for blood to return to the heart from the legs.

C. when a blood clot develops in a blood vessel of the lower extremities and becomes stuck, obstructing blood flow

D. Lymph nodes in one particular area of the body swell up",D,1_1,localized enlarged lymph nodes,http://purl.obolibrary.org/obo/ICDO_0000394,9,"Health & Medicine, International Classification of Disease Ontology"
"In the ontology of International Classification of Disease, which of the following definitions best describes 'epistaxis'?","A. when the alveoli (helps exchange oxygen in air for CO2), don't fill with air

B. Respiratory disorders, or lung diseases, are disorders such as asthma, cystic fibrosis, emphysema, lung cancer, mesothelioma, pulmonary hypertension, and tuberculosis.

C. A disorder characterized by bleeding from the nose

D. a malignant lung tumor characterized by uncontrolled cell growth in tissues of the lung.",C,1_1,epistaxis,http://purl.obolibrary.org/obo/ICDO_0000395,9,"Health & Medicine, International Classification of Disease Ontology"
"In the ontology of International Classification of Disease, which of the following definitions best describes 'ascites'?","A. a decrease in your normal sensations in the skin such as touch or temperature

B. A disorder characterized by the reflexive act of ejecting the contents of the stomach through the mouth.

C. Abnormal buildup of fluid in the abdomen

D. an acute bleeding from the lung, from the upper respiratory tract and the trachea, and the alveoli",C,1_1,ascites,http://purl.obolibrary.org/obo/ICDO_0000396,9,"Health & Medicine, International Classification of Disease Ontology"
"In the ontology of International Classification of Disease, which of the following definitions best describes 'presence of urogenital implants'?","A. Presence of implant into the urethra to help control urine leakage (foley catheter, ureteral stent, pessary, etc).

B. Therapeutic drug induced immunosuppression, long term use

C. person is disabled physically or mentally, so they are in need of medical services

D. Has bone/tendon implants in body",A,1_1,presence of urogenital implants,http://purl.obolibrary.org/obo/ICDO_0000399,9,"Health & Medicine, International Classification of Disease Ontology"
"In the ontology of International Classification of Disease, which of the following definitions best describes 'chronic viral hepatitis C'?","A. Inflammation of the liver in humans caused by hepatitis b virus lasting six months or more.

B. Hepatitis (not hepatitis A or hepatitis B); inflammation of the liver

C. Inflammation of the liver caused by hepatitis c virus lasting six months or more

D. liver is damaged which makes it hard to digest food.",C,1_1,chronic viral hepatitis C,http://purl.obolibrary.org/obo/ICDO_0000401,9,"Health & Medicine, International Classification of Disease Ontology"
"In the ontology of International Classification of Disease, which of the following definitions best describes 'secondary malignant neoplasm of lung'?","A. Cancer that has spread from the original tumor to the lung

B. Secondary abnormal growth of cells in the pleural space (the cavity between the lungs and chest wall that contains pleural fluid)

C. An aggressive (fast-growing) type of leukemia (blood cancer) in which too many lymphoblasts (immature white blood cells) are found in the blood and bone marrow; no remission

D. Evans syndrome is an autoimmune disease in which an individual's antibodies attack their own red blood cells and platelets.",A,1_1,secondary malignant neoplasm of lung,http://purl.obolibrary.org/obo/ICDO_0000403,8,"Health & Medicine, International Classification of Disease Ontology"
"In the ontology of International Classification of Disease, which of the following definitions best describes 'iron deficiency anemia secondary to blood loss (chronic)'?","A. Iron deficiency anemia is a common type of anemia — a condition in which blood lacks adequate healthy red blood cells.

B. caused by a shortage of iron in your body.

C. Anemia caused by low iron intake, inefficient iron absorption in the gastrointestinal tract, or chronic blood loss.

D. Iron deficiency anemia (a condition in which blood lacks adequate healthy blood cells) caused by chronic blood loss",D,1_1,iron deficiency anemia secondary to blood loss (chronic),http://purl.obolibrary.org/obo/ICDO_0000404,9,"Health & Medicine, International Classification of Disease Ontology"
"In the ontology of International Classification of Disease, which of the following definitions best describes 'type 1 diabetes mellitus with ketoacidosis'?","A. The prescense of diabetic ketoacidosis (body produces high levels of ketones and not enough insulin) in type 1 diabetic patients

B. Anemia (a condition in which you lack enough healthy red blood cells to carry adequate oxygen to your body's tissues) in patients with neoplasm (tumors)

C. The prescense of diabetic ketoacidosis (body produces high levels of ketones and not enough insulin) in type 1 diabetic patients, resulting in a coma

D. Other eye diseases caused by type 2 diabetes",A,1_1,type 1 diabetes mellitus with ketoacidosis,http://purl.obolibrary.org/obo/ICDO_0000405,9,"Health & Medicine, International Classification of Disease Ontology"
"In the ontology of International Classification of Disease, which of the following definitions best describes 'other obesity'?","A. Overweight and obesity caused by miscellaneous disorders

B. an abnormally high, unhealthy amount of body fat

C. a condition marked by an abnormally high, unhealthy amount of body fat.

D. A condition marked by an abnormally high, unhealthy amount of body fat.",A,1_1,other obesity,http://purl.obolibrary.org/obo/ICDO_0000406,10,"Health & Medicine, International Classification of Disease Ontology"
"In the ontology of International Classification of Disease, which of the following definitions best describes 'overweight and obesity'?","A. when a patient uses or loses more fluid than they take in

B. having more weight than the average human

C. A disease where the blood clots throughout the body and increases the risk of bleeding

D. Conditions with excess lipids in the blood.",B,1_1,overweight and obesity,http://purl.obolibrary.org/obo/icdo.owl#ICDO_0000477,9,"Health & Medicine, International Classification of Disease Ontology"
"In the ontology of International Classification of Disease, which of the following definitions best describes 'other dilirum'?","A. Dementia that is gradual in onset, following a number of transient ischaemic episodes which produce an accumulation of infarcts in the cerebral parenchyma

B. A condition characterized by pain radiating from the back into the buttock and posterior/lateral aspects of the leg

C. Delirium of mixed origin, postoperative delirium

D. An abrupt change in the brain that causes mental confusion and emotional disruption with unspecified cause",C,1_1,other dilirum,http://purl.obolibrary.org/obo/ICDO_0000407,8,"Health & Medicine, International Classification of Disease Ontology"
"In the ontology of International Classification of Disease, which of the following definitions best describes 'delirium, unspecified'?","A. unspecified disorder of the brain

B. a small class of medical conditions affecting the nervous system.

C. Flaccid paralysis is a clinical manifestation characterized by weakness or paralysis and reduced muscle tone without other obvious cause (e.g., trauma).

D. An abrupt change in the brain that causes mental confusion and emotional disruption with unspecified cause",D,1_1,"delirium, unspecified",http://purl.obolibrary.org/obo/ICDO_0000408,8,"Health & Medicine, International Classification of Disease Ontology"
"In the ontology of International Classification of Disease, which of the following definitions best describes 'other personality and behavioral disorders due to known physiological condition'?","A. effects a persons mental health and emotional state

B. Personality/behavioral disorders caused by physiological disorder

C. A condition that affects the way your brain processes information and causes you to lose touch with reality. In this case, not caused by substance abuse or a known physiological condition

D. general changes in brain function, such as confusion, amnesia (memory loss), loss of alertness, disorientation (not cognizant of self, time, or place), defects in judgment or thought, unusual or strange behavior, poor regulation of emotions, and disruptions in perception",B,1_1,other personality and behavioral disorders due to known physiological condition,http://purl.obolibrary.org/obo/ICDO_0000409,8,"Health & Medicine, International Classification of Disease Ontology"
"In the ontology of International Classification of Disease, which of the following definitions best describes 'schizophrenia, unspecified'?","A. Anarthria is a severe form of dysarthria. Dysarthria is a motor speech disorder that occurs when someone can't coordinate or control the muscles used for speaking.

B. A mental disorder in which a person has trouble telling the difference between real and unreal experiences, thinking logically, and behaving normally in social situations.

C. Unspecified vascular dementia (problems with reasoning, planning, judgement, memory, and other thought processes caused by brain damage from impaired blood blow to your brain)

D. Bleeding into one or both cerebral hemispheres including the basal ganglia and the cerebral cortex. It is often associated with hypertension and craniocerebral trauma.",B,1_1,"schizophrenia, unspecified",http://purl.obolibrary.org/obo/ICDO_0000410,8,"Health & Medicine, International Classification of Disease Ontology"
"In the ontology of International Classification of Disease, which of the following definitions best describes 'multiple sclerosis'?","A. A disorder of the nervous system marked by weakness, numbness, a loss of muscle coordination, and problems with vision, speech, and bladder control

B. Epilepsy with simple partial seizures and focal EEG abnoralities

C. Bleeding into one or both cerebral hemispheres including the basal ganglia and the cerebral cortex. It is often associated with hypertension and craniocerebral trauma.

D. bleeding into the space between the surface of the brain, or pia mater, and the arachnoid, one of three coverings of the brain",A,1_1,multiple sclerosis,http://purl.obolibrary.org/obo/ICDO_0000411,8,"Health & Medicine, International Classification of Disease Ontology"
"In the ontology of International Classification of Disease, which of the following definitions best describes 'hemiplegia, unspecified'?","A. Paralysis of one side of the body with unspecified cause

B. A disorder of the nervous system marked by weakness, numbness, a loss of muscle coordination, and problems with vision, speech, and bladder control

C. a brain disorder that leads to shaking, stiffness, and difficulty with walking, balance, and coordination.

D. A mental disorder in which a person has trouble telling the difference between real and unreal experiences, thinking logically, and behaving normally in social situations.",A,1_1,"hemiplegia, unspecified",http://purl.obolibrary.org/obo/ICDO_0000412,8,"Health & Medicine, International Classification of Disease Ontology"
"In the ontology of International Classification of Disease, which of the following definitions best describes 'pneumonia due to Escherichia coli'?","A. Pneumonia (infection that inflames the air sacs in the lungs) caused by Pseudomonas bacteria

B. an infection that inflames the air sacs in one or both lungs. Caused by Streptococcus pneumoniae bacteria

C. pneumonia caused by bacteria

D. An infection that inflames the air sacs in one or both lungs caused by Escherichia coli bacteria",D,1_1,pneumonia due to Escherichia coli,http://purl.obolibrary.org/obo/ICDO_0000413,10,"Health & Medicine, International Classification of Disease Ontology"
"In the ontology of International Classification of Disease, which of the following definitions best describes 'nonallergic asthma'?","A. Asthma symptoms (airway swelling) occuring fewer than three times a week

B. Bronchial airways in the lungs become narrowed and swollen, making it hard to breathe

C. a chronic disease in which the bronchial airways in the lungs become narrowed and swollen, making it difficult to breathe

D. Nonallergic asthma (a condition in which your airways narrow and swell)",D,1_1,nonallergic asthma,http://purl.obolibrary.org/obo/ICDO_0000414,10,"Health & Medicine, International Classification of Disease Ontology"
"In the ontology of International Classification of Disease, which of the following definitions best describes 'mild intermittent asthma, uncomplicated'?","A. Asthma symptoms (airway swelling) occuring fewer than three times a week

B. Bronchial airways in the lungs become narrowed and swollen, making it hard to breathe

C. a chronic disease in which the bronchial airways in the lungs become narrowed and swollen, making it difficult to breathe

D. when you have symptoms of both asthma and chronic obstructive pulmonary disease",A,1_1,"mild intermittent asthma, uncomplicated",http://purl.obolibrary.org/obo/ICDO_0000415,10,"Health & Medicine, International Classification of Disease Ontology"
"In the ontology of International Classification of Disease, which of the following definitions best describes 'other and unspecified cirrhosis of liver'?","A. Unspecified late stage scarring of the liver

B. liver is damaged which makes it hard to digest food.

C. any disturbance of liver function that causes illness.

D. A disorder characterized by the inability of the liver to metabolize chemicals in the body.",A,1_1,other and unspecified cirrhosis of liver,http://purl.obolibrary.org/obo/ICDO_0000416,9,"Health & Medicine, International Classification of Disease Ontology"
"In the ontology of International Classification of Disease, which of the following definitions best describes 'sicca syndrome [Sjögren]'?","A. an immune system disease process that undergoes an inflammation process and has output of an inflammatory anatomical entity.

B. A disease characterized by the growth of inflammatory cells (granulomas) in a specific part of your body (most commonly liver, lungs, skin, and lymph nodes)

C. A disease characterized by the growth of tiny collections of inflammatory cells (granulomas) in any part of your body

D. A chronic inflammation of the tear and salivary glands, often accompanied by rheumatoid arthritis and the presence of autoantibodies in the blood",D,1_1,sicca syndrome [Sjögren],http://purl.obolibrary.org/obo/ICDO_0000417,9,"Health & Medicine, International Classification of Disease Ontology"
"In the ontology of International Classification of Disease, which of the following definitions best describes 'muscle wasting and atrophy, not elsewhere classified, unspecified site'?","A. a fatigue-induced fracture of the bone caused by repeated stress over time.

B. Acute or chronic pain in the lumbar or sacral regions

C. Childhood arthritis is any form of arthritis or arthritis-related conditions which affects individuals under the age of 16.

D. Wasting or thinning of muscle tissue",D,1_1,"muscle wasting and atrophy, not elsewhere classified, unspecified site",http://purl.obolibrary.org/obo/ICDO_0000418,8,"Health & Medicine, International Classification of Disease Ontology"
"In the ontology of International Classification of Disease, which of the following definitions best describes 'other chest pain'?","A. pain in the chest, unspecified cause

B. pain in the chest not caused by heart disease or heart attack

C. Usually a symptom of a disease or caused by physical damage

D. Unspecified anterior chest-wall pain",D,1_1,other chest pain,http://purl.obolibrary.org/obo/ICDO_0000420,11,"Health & Medicine, International Classification of Disease Ontology"
"In the ontology of International Classification of Disease, which of the following definitions best describes 'chest pain'?","A. pain in the chest not caused by heart disease or heart attack

B. a disorder characterized by a sensation of marked discomfort in the head

C. stomach pain or a stomachache

D. pain that lasts from 3-6 months related to soft tissue",A,1_1,chest pain,http://purl.obolibrary.org/obo/icdo.owl#ICDO_0000448,10,"Health & Medicine, International Classification of Disease Ontology"
"In the ontology of International Classification of Disease, which of the following definitions best describes 'encounter for prophylactic immunotherapy'?","A. Administration of immunotherapy

B. medications used to treat cancer

C. Cancer that occurs in the stomach.

D. someone that lives alone is more keen to become stressed, bored, or other mental states",A,1_1,encounter for prophylactic immunotherapy,http://purl.obolibrary.org/obo/ICDO_0000422,8,"Health & Medicine, International Classification of Disease Ontology"
"In the ontology of International Classification of Disease, which of the following definitions best describes 'inadequate family support'?","A. patient whose mobility is reduced

B. patient needs assisstance with personal care

C. problems related to dependency on health care providers

D. Lack of familial support",D,1_1,inadequate family support,http://purl.obolibrary.org/obo/ICDO_0000423,9,"Health & Medicine, International Classification of Disease Ontology"
"In the ontology of International Classification of Disease, which of the following definitions best describes 'contact with and (suspected) exposure to other communicable diseases'?","A. Patient is thought to have been exposed to the virus in question

B. screening is done to prevent a disease or to help identify the disease.

C. Cancer that occurs in the stomach.

D. describes the circumstance causing an injury",A,1_1,contact with and (suspected) exposure to other communicable diseases,http://purl.obolibrary.org/obo/icdo.owl#ICDO_0000380,8,"Health & Medicine, International Classification of Disease Ontology"
"In the ontology of International Classification of Disease, which of the following definitions best describes 'sarcoidosis of other sites'?","A. A disease characterized by the growth of tiny collections of inflammatory cells (granulomas) in any part of your body

B. an immune system disease process that undergoes an inflammation process and has output of an inflammatory anatomical entity.

C. A disease characterized by the growth of inflammatory cells (granulomas) in a specific part of your body (most commonly liver, lungs, skin, and lymph nodes)

D. A chronic inflammation of the tear and salivary glands, often accompanied by rheumatoid arthritis and the presence of autoantibodies in the blood",A,1_1,sarcoidosis of other sites,http://purl.obolibrary.org/obo/ICDO_0000430,9,"Health & Medicine, International Classification of Disease Ontology"
"In the ontology of International Classification of Disease, which of the following definitions best describes 'other and unspecified adrenocortical insufficiency'?","A. Anemia (a condition in which you lack enough healthy red blood cells to carry adequate oxygen to your body's tissues) in patients with neoplasm (tumors)

B. A disorder characterized by laboratory test results that indicate a low concentration of potassium in the blood.

C. An unspecified condition in which the adrenal glands do not produce adequate amounts of steroid hormones (cortisol)

D. Type 2 diabetes with diabetic retinopathy (vision loss and blindness) without macular edema (swelling in the macula cause by fluid leaking from the retina)",C,1_1,other and unspecified adrenocortical insufficiency,http://purl.obolibrary.org/obo/ICDO_0000431,9,"Health & Medicine, International Classification of Disease Ontology"
"In the ontology of International Classification of Disease, which of the following definitions best describes 'deficiency of other specified B group vitamins'?","A. A condition characterized by a dry, waxy type of swelling (edema) with abnormal deposits of mucopolysaccharides in the skin and other tissues. It is caused by a deficiency of thyroid hormones.

B. A pathological constriction that can occur above (supravalvular stenosis), below (subvalvular stenosis), or at the aortic valve. It is characterized by restricted outflow from the left ventricle into the aorta.

C. body does not have enough nutrition to sustain itself

D. A nutritional condition produced by a deficiency of B group vitamins (folic acid, B-12) in the diet",D,1_1,deficiency of other specified B group vitamins,http://purl.obolibrary.org/obo/ICDO_0000433,9,"Health & Medicine, International Classification of Disease Ontology"
"In the ontology of International Classification of Disease, which of the following definitions best describes 'disorders of phosphorus metabolism and phosphatases'?","A. Disorders in the processing, absorption, transport, storage, and utilization of phosphorus in the body

B. Abnormally decreased volume of circulating fluid (plasma) in body.

C. having more weight than the average human

D. Abnormal increase in the volume of circulating fluid (plasma) in the body.",A,1_1,disorders of phosphorus metabolism and phosphatases,http://purl.obolibrary.org/obo/ICDO_0000434,9,"Health & Medicine, International Classification of Disease Ontology"
"In the ontology of International Classification of Disease, which of the following definitions best describes 'dementia in Alzheimer disease, unspecified'?","A. A degenerative disease of the brain characterized by the insidious onset of dementia. Impairment of memory, judgment, attention span, and problem solving skills are followed by severe apraxias and a global loss of cognitive abilities.

B. Unspecified loss of memory, language,and other thinking abilities in a patient with Alzheimer's

C. characterized by clinical symptoms and signs of AD that become apparent after the age of 60.

D. Other form of Alzheimer's disease (diseases where dementia symptoms gradually worsen over time)",B,1_1,"dementia in Alzheimer disease, unspecified",http://purl.obolibrary.org/obo/ICDO_0000435,9,"Health & Medicine, International Classification of Disease Ontology"
"In the ontology of International Classification of Disease, which of the following definitions best describes 'major depressive disorder, single episode, moderate'?","A. Single major depressive disorder episode (a depressed mood for two weeks or more)

B. A disorder characterized by melancholic feelings of grief or unhappiness.

C. feelings of stress or fear that the patient cannot understand

D. Single episode of major depressive disorder (persistent feeling of sadness and loss of interest)",A,1_1,"major depressive disorder, single episode, moderate",http://purl.obolibrary.org/obo/ICDO_0000436,9,"Health & Medicine, International Classification of Disease Ontology"
"In the ontology of International Classification of Disease, which of the following definitions best describes 'major depressive disorder, recurrent, unspecified'?","A. A disorder characterized by the development either of a single delusion or of a set of related delusions that are usually persistent and sometimes lifelong.

B. Recurrent major depressive disorder episodes (a depressed mood for two weeks or more)

C. An acutely disturbed state of mind that occurs in fever, intoxication, and other disorders and is characterized by restlessness, illusions, and incoherence of thought and speech

D. patients falls into depression, one episode",B,1_1,"major depressive disorder, recurrent, unspecified",http://purl.obolibrary.org/obo/ICDO_0000437,9,"Health & Medicine, International Classification of Disease Ontology"
"In the ontology of International Classification of Disease, which of the following definitions best describes 'transient cerebral ischemic attack, unspecified'?","A. bleeding into the space between the surface of the brain, or pia mater, and the arachnoid, one of three coverings of the brain

B. Paralysis of one side of the body with unspecified cause

C. A brief stroke (from a few minutes to an hour) of cerebral dysfunction when the blood supply to this part of the brain is blocked

D. a brain disorder that leads to shaking, stiffness, and difficulty with walking, balance, and coordination.",C,1_1,"transient cerebral ischemic attack, unspecified",http://purl.obolibrary.org/obo/ICDO_0000438,8,"Health & Medicine, International Classification of Disease Ontology"
"In the ontology of International Classification of Disease, which of the following definitions best describes 'left ventricular failure, unspecified'?","A. A disorder characterized by the inability of the heart to pump blood at an adequate volume to meet tissue metabolic requirements, or, the ability to do so only at an elevation in the filling pressure.

B. A disorder characterized by the inability of the heart to pump blood at an adequate volume to meet tissue metabolic requirements, or, the ability to do so only at an elevation in the filling pressure.

C. Failure of adequate output by the left ventricle

D. Anatomical system that consists of all blood and lymph vessels.",C,1_1,"left ventricular failure, unspecified",http://purl.obolibrary.org/obo/ICDO_0000440,9,"Health & Medicine, International Classification of Disease Ontology"
"In the ontology of International Classification of Disease, which of the following definitions best describes 'parainfluenza virus pneumonia'?","A. a highly contagious viral infection of the respiratory passages causing fever and severe aching, often occuring in epidemics.

B. An infection that inflames the air sacs in one or both lungs caused by Parainfluenza virus

C. An exocrine gland which secretes bile and functions in metabolism of protein and carbohydrate and fat, synthesizes substances involved in the clotting of the blood, synthesizes vitamin A, detoxifies poisonous substances, stores glycogen, and breaks down worn-out erythrocytes[GO].

D. a common sickness combined with a lung infection caused by an unspecified pathogen.",B,1_1,parainfluenza virus pneumonia,http://purl.obolibrary.org/obo/ICDO_0000442,11,"Health & Medicine, International Classification of Disease Ontology"
"In the ontology of International Classification of Disease, which of the following definitions best describes 'pressure ulcer of hip'?","A. are injuries to skin and underlying tissue resulting from prolonged pressure on the skinv

B. Injury to hip skin and underlying tissue resulting from prolonged pressure on skin around hip

C. Injury to elbow skin and underlying tissue resulting from prolonged pressure on skin around elbow

D. An ulceration caused by prolonged pressure on the skin and tissues when one stays in one position for a long period of time, such as lying in bed.",B,1_1,pressure ulcer of hip,http://purl.obolibrary.org/obo/ICDO_0000444,10,"Health & Medicine, International Classification of Disease Ontology"
"In the ontology of International Classification of Disease, which of the following definitions best describes 'polyosteoarthritis, unspecified'?","A. Childhood arthritis is any form of arthritis or arthritis-related conditions which affects individuals under the age of 16.

B. infection and inflammation of the bone or bone marrow

C. When water content of the body cartilage increases and the protein makeup of cartilage degenerates

D. Osteolysis is an active resorption of bone matrix by osteoclasts during the natural formation of healthy bones",C,1_1,"polyosteoarthritis, unspecified",http://purl.obolibrary.org/obo/ICDO_0000445,8,"Health & Medicine, International Classification of Disease Ontology"
"In the ontology of International Classification of Disease, which of the following definitions best describes 'irritability and anger'?","A. The feeling of being anger or irritated

B. Examples: fever >38 degrees c or hypothermia <36 degrees c; tachycardia >90 beat/minute; tachypnea >24 breaths/minute; (4) leukocytosis >12,000 cells/cubic mm or 10% immature forms.

C. A condition of frequent and watery bowel movements. Causes of diarrhea include bacteria, viruses or parasites, certain medicines, food intolerances and diseases that affect the stomach, small intestine or colon.

D. A profound state of unconsciousness associated with depressed cerebral activity from which the individual cannot be aroused.",A,1_1,irritability and anger,http://purl.obolibrary.org/obo/ICDO_0000446,9,"Health & Medicine, International Classification of Disease Ontology"
"In the ontology of International Classification of Disease, which of the following definitions best describes 'general symptoms'?","A. A disorder characterized by a queasy sensation and/or the urge to vomit

B. symptoms, signs, abnormal results of clinical or other investigative procedures, and ill-defined conditions regarding which no diagnosis classifiable elsewhere is recorded.

C. signs such as jaw pain or chills that help identify the disease

D. Loss of sense of smell",C,1_1,general symptoms,http://purl.obolibrary.org/obo/icdo.owl#ICDO_0000408,8,"Health & Medicine, International Classification of Disease Ontology"
"In the ontology of International Classification of Disease, which of the following definitions best describes 'dysarthria and anarthria'?","A. Delirium of mixed origin, postoperative delirium

B. Anarthria is a severe form of dysarthria. Dysarthria is a motor speech disorder that occurs when someone can't coordinate or control the muscles used for speaking.

C. A disorder characterized by lack of coordination of muscle movements

D. a neurological disorder marked by sudden recurrent episodes of sensory disturbance, loss of consciousness, or convulsions, associated with abnormal electrical activity in the brain.",B,1_1,dysarthria and anarthria,http://purl.obolibrary.org/obo/ICDO_0000447,8,"Health & Medicine, International Classification of Disease Ontology"
"In the ontology of International Classification of Disease, which of the following definitions best describes 'abnormal weight loss'?","A. A condition characterized by alterations of the sense of taste which may range from mild to severe, including gross distortions of taste quality.

B. Uncommon severe weight loss for an unspecified cause

C. Abnormal findings on diagnostic imaging of lung

D. Excessive slowness in the action of the heart",B,1_1,abnormal weight loss,http://purl.obolibrary.org/obo/ICDO_0000448,9,"Health & Medicine, International Classification of Disease Ontology"
"In the ontology of International Classification of Disease, which of the following definitions best describes 'nonadministration of surgical and medical care'?","A. Fractures of the short, constricted portion of the thigh bone between the femur head and the trochanters.

B. complication in mechanical design.function of internal and external prosthetic devices, implants and grafts

C. This describes the circumstance causing an injury, not the nature of the injury. The injury in this case is caused by the lack of administration of surgical or medical care.

D. A cervical fracture, commonly called a broken neck, is a catastrophic fracture of any of the seven cervical vertebrae in the neck",C,1_1,nonadministration of surgical and medical care,http://purl.obolibrary.org/obo/ICDO_0000449,8,"Health & Medicine, International Classification of Disease Ontology"
"In the ontology of International Classification of Disease, which of the following definitions best describes 'anemia in neoplastic disease'?","A. Conditions with excess lipids in the blood.

B. A disorder characterized by laboratory test results that indicate a low concentration of potassium in the blood.

C. A benign condition in which there is a higher-than-normal level of a protein called m protein in the blood.

D. Anemia (a condition in which you lack enough healthy red blood cells to carry adequate oxygen to your body's tissues) in patients with neoplasm (tumors)",D,1_1,anemia in neoplastic disease,http://purl.obolibrary.org/obo/ICDO_0000450,9,"Health & Medicine, International Classification of Disease Ontology"
"In the ontology of International Classification of Disease, which of the following definitions best describes 'encounter for screening for other viral diseases'?","A. screening for respiratory condition

B. screening is done to prevent a disease or to help identify the disease.

C. Anatomical group that has its parts adjacent to one another.

D. Patient had a viral disease screening done",D,1_1,encounter for screening for other viral diseases,http://purl.obolibrary.org/obo/ICDO_0000451,9,"Health & Medicine, International Classification of Disease Ontology"
"In the ontology of International Classification of Disease, which of the following definitions best describes 'encounter for screening, unspecified'?","A. Administration of immunotherapy

B. encounter for observation due to suspected exposure to biological agents

C. screening is done to prevent a disease or to help identify the disease.

D. Care involving use of other rehabilitation procedures",C,1_1,"encounter for screening, unspecified",http://purl.obolibrary.org/obo/icdo.owl#ICDO_0000393,8,"Health & Medicine, International Classification of Disease Ontology"
"In the ontology of International Classification of Disease, which of the following definitions best describes 'encounter for adjustment and management of other implanted devices'?","A. an occurance that requires attention to a tracheostomy procedure

B. Encounter for other specified aftercare

C. an occurance that requires attention to a gastrostomy procedure

D. Patient had implanted devices managed and adjusted",D,1_1,encounter for adjustment and management of other implanted devices,http://purl.obolibrary.org/obo/ICDO_0000453,9,"Health & Medicine, International Classification of Disease Ontology"
"In the ontology of International Classification of Disease, which of the following definitions best describes 'chronic viral hepatitis B without delta-agent'?","A. any disturbance of liver function that causes illness.

B. Inflammation of the liver in humans caused by hepatitis b virus lasting six months or more.

C. Cancer that has spread from the original (primary) tumor to the liver.

D. liver failure",B,1_1,chronic viral hepatitis B without delta-agent,http://purl.obolibrary.org/obo/ICDO_0000455,9,"Health & Medicine, International Classification of Disease Ontology"
"In the ontology of International Classification of Disease, which of the following definitions best describes 'Enterococcus as the cause of diseases classified elsewhere'?","A. bacteria that infect the body cause diseases

B. Sepsis (when the body's response to an infection is out of balance) caused by a staph infection. Could lead to organ damage or failure

C. diseases with bacteria (Streptococcus, Staphylococcus, and Enterococcus ) as the cause

D. Diseases in the body caused by enterococcus genus",D,1_1,Enterococcus as the cause of diseases classified elsewhere,http://purl.obolibrary.org/obo/ICDO_0000457,9,"Health & Medicine, International Classification of Disease Ontology"
"In the ontology of International Classification of Disease, which of the following definitions best describes 'Klebsiella pneumoniae [K. pneumoniae] as the cause of diseases classified elsewhere'?","A. Diseases in the body caused by enterococcus genus

B. bacteria that infect the body cause diseases

C. diseases with bacteria (Streptococcus, Staphylococcus, and Enterococcus ) as the cause

D. Diseases in the body caused by Klebsiella pneumoniae bacteria",D,1_1,Klebsiella pneumoniae [K. pneumoniae] as the cause of diseases classified elsewhere,http://purl.obolibrary.org/obo/ICDO_0000458,9,"Health & Medicine, International Classification of Disease Ontology"
"In the ontology of International Classification of Disease, which of the following definitions best describes 'malignant neoplasm of colon, unspecified'?","A. Primary cancerous tumor of the colon

B. A rare condition in which chronic lymphocytic leukemia (cll) changes into a fast-growing type of lymphoma. Symptoms of richter syndrome include fever, loss of weight and muscle mass, and other health problems.

C. cancerous tumor of the brain

D. A neoplasm without malignant characteristics arising from the lip.",A,1_1,"malignant neoplasm of colon, unspecified",http://purl.obolibrary.org/obo/ICDO_0000459,8,"Health & Medicine, International Classification of Disease Ontology"
"In the ontology of International Classification of Disease, which of the following definitions best describes 'other specified acute viral hepatitis'?","A. Cancer that has spread from the original (primary) tumor to the liver.

B. any disturbance of liver function that causes illness.

C. Hepatitis (not hepatitis A or hepatitis B); inflammation of the liver

D. Unspecified late stage scarring of the liver",C,1_1,other specified acute viral hepatitis,http://purl.obolibrary.org/obo/ICDO_0000463,9,"Health & Medicine, International Classification of Disease Ontology"
"In the ontology of International Classification of Disease, which of the following definitions best describes 'intrahepatic bile duct carcionoma'?","A. Tumor of the connective tissues of the bile ducts

B. a brain tumor that is currently benign but has characteristics that make it possible for the tumor to become malignant (cancerous)

C. Bladder cancer is any of several types of cancer arising from the epithelial lining of the urinary bladder.

D. A neoplasm without malignant characteristics arising from the lip.",A,1_1,intrahepatic bile duct carcionoma,http://purl.obolibrary.org/obo/ICDO_0000465,9,"Health & Medicine, International Classification of Disease Ontology"
"In the ontology of International Classification of Disease, which of the following definitions best describes 'malignant neoplasm of upper lobe, bronchus or lung'?","A. Evans syndrome is an autoimmune disease in which an individual's antibodies attack their own red blood cells and platelets.

B. a brain tumor that is currently benign but has characteristics that make it possible for the tumor to become malignant (cancerous)

C. Cancer of the endometrium

D. Cancerous tumor of a respiratory organ (upper lobe, bronchus, or lung)",D,1_1,"malignant neoplasm of upper lobe, bronchus or lung",http://purl.obolibrary.org/obo/ICDO_0000466,8,"Health & Medicine, International Classification of Disease Ontology"
"In the ontology of International Classification of Disease, which of the following definitions best describes 'malignant neoplasm of endometrium'?","A. Cancer of the endometrium

B. cancerous tumors within parts of the nervous system

C. cancerous tumor of the eye

D. A malignancy of mature plasma cells engaging in monoclonal immunoglobulin production.",A,1_1,malignant neoplasm of endometrium,http://purl.obolibrary.org/obo/ICDO_0000467,8,"Health & Medicine, International Classification of Disease Ontology"
"In the ontology of International Classification of Disease, which of the following definitions best describes 'sarcoidosis of lung'?","A. A lung disease characterized by the growth of inflammatory cells (granulomas) in the lungs

B. disease of the bronchus

C. diseases affecting the respiratory system

D. an acute bleeding from the lung, from the upper respiratory tract and the trachea, and the alveoli",A,1_1,sarcoidosis of lung,http://purl.obolibrary.org/obo/ICDO_0000468,9,"Health & Medicine, International Classification of Disease Ontology"
"In the ontology of International Classification of Disease, which of the following definitions best describes 'polyclonal hypergammaglobulinemia'?","A. A condition characterized by a dry, waxy type of swelling (edema) with abnormal deposits of mucopolysaccharides in the skin and other tissues. It is caused by a deficiency of thyroid hormones.

B. An unspecified condition in which the adrenal glands do not produce adequate amounts of steroid hormones (cortisol)

C. blood sugar (glucose) levels are abnormally high because the body does not produce enough insulin to meet its needs.

D. An uncommon condition characterized by elevated levels of immunoglobulins in your blood",D,1_1,polyclonal hypergammaglobulinemia,http://purl.obolibrary.org/obo/ICDO_0000470,9,"Health & Medicine, International Classification of Disease Ontology"
"In the ontology of International Classification of Disease, which of the following definitions best describes 'thyrotoxicosis with diffuse goiter'?","A. an underactive thyroid gland.

B. high blood potassium levels

C. A common form of hyperthyroidism affecting the entire thyroid gland and causing the gland to become enlarged

D. Abnormally decreased volume of circulating fluid (plasma) in body.",C,1_1,thyrotoxicosis with diffuse goiter,http://purl.obolibrary.org/obo/ICDO_0000471,9,"Health & Medicine, International Classification of Disease Ontology"
"In the ontology of International Classification of Disease, which of the following definitions best describes 'type 1 diabetes mellitus with ketoacidosis with coma'?","A. The prescense of diabetic ketoacidosis (body produces high levels of ketones and not enough insulin) in type 1 diabetic patients, resulting in a coma

B. A benign condition in which there is a higher-than-normal level of a protein called m protein in the blood.

C. A disorder of lipoprotein metabolism characterized by high levels of cholesterol and triglycerides in the blood. It is caused by elevation of low density and very low density lipoproteins.

D. high blood sugar because body cannot break down the sugar being taken in",A,1_1,type 1 diabetes mellitus with ketoacidosis with coma,http://purl.obolibrary.org/obo/ICDO_0000472,9,"Health & Medicine, International Classification of Disease Ontology"
"In the ontology of International Classification of Disease, which of the following definitions best describes 'type 1 diabetes mellitus with unspecified complications'?","A. poorly controlled diabetes can lead to problems within the kidneys

B. Conditions with excess lipids in the blood.

C. A nutritional condition produced by a deficiency of B group vitamins (folic acid, B-12) in the diet

D. Type 1 diabetes (body cannot break down sugars very easily) with unspecified complications",D,1_1,type 1 diabetes mellitus with unspecified complications,http://purl.obolibrary.org/obo/ICDO_0000473,9,"Health & Medicine, International Classification of Disease Ontology"
"In the ontology of International Classification of Disease, which of the following definitions best describes 'type 2 diabetes mellitus with unspecified diabetic retinopathy with macular edema'?","A. Type 2 diabetes with diabetic macular edema (when blood vessels in the eye retina leak fluid, causing swelling in the macula)

B. Conditions with excess lipids in the blood.

C. A nutritional condition produced by a deficiency of vitamin d in the diet, insufficient production of vitamin d in the skin, inadequate absorption of vitamin d from the diet, or abnormal conversion of vitamin d to its bioactive metabolites.

D. An unspecified condition in which the adrenal glands do not produce adequate amounts of steroid hormones (cortisol)",A,1_1,type 2 diabetes mellitus with unspecified diabetic retinopathy with macular edema,http://purl.obolibrary.org/obo/ICDO_0000474,9,"Health & Medicine, International Classification of Disease Ontology"
"In the ontology of International Classification of Disease, which of the following definitions best describes 'type 2 diabetes mellitus with unspecified diabetic retinopathy without macular edema'?","A. A pathological constriction that can occur above (supravalvular stenosis), below (subvalvular stenosis), or at the aortic valve. It is characterized by restricted outflow from the left ventricle into the aorta.

B. A condition in which the blood is too acidic.

C. A disease where the blood clots throughout the body and increases the risk of bleeding

D. Type 2 diabetes with diabetic retinopathy (vision loss and blindness) without macular edema (swelling in the macula cause by fluid leaking from the retina)",D,1_1,type 2 diabetes mellitus with unspecified diabetic retinopathy without macular edema,http://purl.obolibrary.org/obo/ICDO_0000475,9,"Health & Medicine, International Classification of Disease Ontology"
"In the ontology of International Classification of Disease, which of the following definitions best describes 'type 2 diabetes mellitus with diabetic cataract'?","A. Cataracts (cloudy area in the lens of your eye) caused by type 2 diabetes

B. Type 2 diabetes with diabetic retinopathy (vision loss and blindness) without macular edema (swelling in the macula cause by fluid leaking from the retina)

C. Conditions with excess lipids in the blood.

D. Type 1 diabetes (body cannot break down sugars very easily) with unspecified complications",A,1_1,type 2 diabetes mellitus with diabetic cataract,http://purl.obolibrary.org/obo/ICDO_0000476,9,"Health & Medicine, International Classification of Disease Ontology"
"In the ontology of International Classification of Disease, which of the following definitions best describes 'type 2 diabetes mellitus with other diabetic ophthalmic complication'?","A. genetic anomaly that causes high cholesterol levels

B. A disorder characterized by laboratory test results that indicate a low concentration of potassium in the blood.

C. The prescense of diabetic ketoacidosis (body produces high levels of ketones and not enough insulin) in type 1 diabetic patients

D. Other eye diseases caused by type 2 diabetes",D,1_1,type 2 diabetes mellitus with other diabetic ophthalmic complication,http://purl.obolibrary.org/obo/ICDO_0000477,9,"Health & Medicine, International Classification of Disease Ontology"
"In the ontology of International Classification of Disease, which of the following definitions best describes 'mixed disorder of acid-base balance'?","A. an elevated uric acid level in the blood without symptoms of inflammatory arthritis and tophaceous disease

B. The coexistences of 2 or more primary acid-base disorders in the same patient

C. diabetes is usually an inherited disease that makes people obese and have problems with daily life

D. Abnormally decreased volume of circulating fluid (plasma) in body.",B,1_1,mixed disorder of acid-base balance,http://purl.obolibrary.org/obo/ICDO_0000478,9,"Health & Medicine, International Classification of Disease Ontology"
"In the ontology of International Classification of Disease, which of the following definitions best describes 'postprocedural hypothyroidism'?","A. heart muscle's pump function is reduced following heart surgery

B. Development of hypothyroidism (when the thyroid gland doesn't produce enough of crucial hormones) following surgery

C. Pathologic process consisting of a partial or complete disruption of the layers of a surgical wound.

D. complication occurs during procedure",B,1_1,postprocedural hypothyroidism,http://purl.obolibrary.org/obo/ICDO_0000479,9,"Health & Medicine, International Classification of Disease Ontology"
"In the ontology of International Classification of Disease, which of the following definitions best describes 'multi-infarct dementia'?","A. Dementia that is gradual in onset, following a number of transient ischaemic episodes which produce an accumulation of infarcts in the cerebral parenchyma

B. bleeding into the space between the surface of the brain, or pia mater, and the arachnoid, one of three coverings of the brain

C. A disorder of the nervous system marked by weakness, numbness, a loss of muscle coordination, and problems with vision, speech, and bladder control

D. Epilepsy with complex partial seizures and focal EEG abnoralities",A,1_1,multi-infarct dementia,http://purl.obolibrary.org/obo/ICDO_0000480,8,"Health & Medicine, International Classification of Disease Ontology"
"In the ontology of International Classification of Disease, which of the following definitions best describes 'vascular dementia, unspecified'?","A. A slight paralysis or weakness of both legs.

B. A disorder of the nervous system marked by weakness, numbness, a loss of muscle coordination, and problems with vision, speech, and bladder control

C. Unspecified vascular dementia (problems with reasoning, planning, judgement, memory, and other thought processes caused by brain damage from impaired blood blow to your brain)

D. Bleeding into one or both cerebral hemispheres including the basal ganglia and the cerebral cortex. It is often associated with hypertension and craniocerebral trauma.",C,1_1,"vascular dementia, unspecified",http://purl.obolibrary.org/obo/ICDO_0000482,8,"Health & Medicine, International Classification of Disease Ontology"
"In the ontology of International Classification of Disease, which of the following definitions best describes 'delusional disorder'?","A. A disorder characterized by the development either of a single delusion or of a set of related delusions that are usually persistent and sometimes lifelong.

B. someone has drank alcohol so much, that they depend on it to function

C. nicotine gives temprorary pleasure effects in your brain

D. A disorder characterized by melancholic feelings of grief or unhappiness.",A,1_1,delusional disorder,http://purl.obolibrary.org/obo/ICDO_0000483,9,"Health & Medicine, International Classification of Disease Ontology"
"In the ontology of International Classification of Disease, which of the following definitions best describes 'unspecified psychosis not due to a substance or known physiological condition'?","A. Personality/behavioral disorders caused by physiological disorder

B. general changes in brain function, such as confusion, amnesia (memory loss), loss of alertness, disorientation (not cognizant of self, time, or place), defects in judgment or thought, unusual or strange behavior, poor regulation of emotions, and disruptions in perception

C. effects a persons mental health and emotional state

D. A condition that affects the way your brain processes information and causes you to lose touch with reality. In this case, not caused by substance abuse or a known physiological condition",D,1_1,unspecified psychosis not due to a substance or known physiological condition,http://purl.obolibrary.org/obo/ICDO_0000484,8,"Health & Medicine, International Classification of Disease Ontology"
"In the ontology of International Classification of Disease, which of the following definitions best describes 'post-traumatic stress disorder'?","A. feelings of severe despondency and dejection, a feeling of worry, nervousness, or unease, typically about an imminent event or something with an uncertain outcome

B. feelings of stress or fear that the patient cannot understand

C. A category of psychiatric disorders which are characterized by anxious feelings or fear often accompanied by physical symptoms associated with anxiety.

D. A class of traumatic stress disorders with symptoms that last more than one month. There are various forms of post-traumatic stress disorder, depending on the time of onset and the duration of these stress symptoms. In the acute form, the duration of the symptoms is between 1 to 3 months. In the chronic form, symptoms last more than 3 months. With delayed onset, symptoms develop more than 6 months after the traumatic event.",D,1_1,post-traumatic stress disorder,http://purl.obolibrary.org/obo/ICDO_0000486,10,"Health & Medicine, International Classification of Disease Ontology"
"In the ontology of International Classification of Disease, which of the following definitions best describes 'generalized anxiety disorder'?","A. feelings of stress or fear that the patient cannot understand

B. this code must be sequenced as the second code, since it specifies that the disease has dementia in other diseases

C. effects a persons mental health and emotional state

D. feelings of severe despondency and dejection, a feeling of worry, nervousness, or unease, typically about an imminent event or something with an uncertain outcome",A,1_1,generalized anxiety disorder,http://purl.obolibrary.org/obo/icdo.owl#ICDO_0000508,9,"Health & Medicine, International Classification of Disease Ontology"
"In the ontology of International Classification of Disease, which of the following definitions best describes 'other Alzheimer's disease'?","A. Loss of memory, language, problem-solving and other thinking abilities in an Alzheimer's patient

B. A degenerative disease of the brain characterized by the insidious onset of dementia. Impairment of memory, judgment, attention span, and problem solving skills are followed by severe apraxias and a global loss of cognitive abilities.

C. Other form of Alzheimer's disease (diseases where dementia symptoms gradually worsen over time)

D. A degenerative disease of the brain characterized by the insidious onset of dementia. Impairment of memory, judgment, attention span, and problem solving skills are followed by severe apraxias and a global loss of cognitive abilities.",C,1_1,other Alzheimer's disease,http://purl.obolibrary.org/obo/ICDO_0000487,9,"Health & Medicine, International Classification of Disease Ontology"
"In the ontology of International Classification of Disease, which of the following definitions best describes 'localization-related (focal) (partial) symptomatic epilepsy and epileptic syndromes with simple partial seizures'?","A. a brain disorder that leads to shaking, stiffness, and difficulty with walking, balance, and coordination.

B. Epilepsy with simple partial seizures and focal EEG abnoralities

C. The result of thickening and hardening of the walls of the arteries in the brain

D. Dementia that is gradual in onset, following a number of transient ischaemic episodes which produce an accumulation of infarcts in the cerebral parenchyma",B,1_1,localization-related (focal) (partial) symptomatic epilepsy and epileptic syndromes with simple partial seizures,http://purl.obolibrary.org/obo/ICDO_0000488,8,"Health & Medicine, International Classification of Disease Ontology"
"In the ontology of International Classification of Disease, which of the following definitions best describes 'atherosclerotic heart disease of native coronary artery with angina pectoris'?","A. When plaque (fatty deposits) clogs your arteries

B. occur when the bony block or vertebral body in the spine collapses, which can lead to severe pain, deformity and loss of height.

C. A thickening and loss of elasticity of the walls of arteries that occurs with formation of atherosclerotic plaques within the arterial intima.

D. A condition in which arteries become narrower and slow down the flow of blood accompanied with chest pain",D,1_1,atherosclerotic heart disease of native coronary artery with angina pectoris,http://purl.obolibrary.org/obo/ICDO_0000496,9,"Health & Medicine, International Classification of Disease Ontology"
"In the ontology of International Classification of Disease, which of the following definitions best describes 'aortic aneurysm and dissection'?","A. a chronic metabolic disease characterized by structural and functional alterations and interstitial fibrosis without coronary artery disease or hypertension

B. A balloon-like buldge like causes a dissection (a tear in the lining of the aorta)

C. Also called coronary artery disease, describes heart problems caused by narrowed arteries that supply blood to the heart.

D. In atrial fibrillation, the atria beat irregularly. In atrial flutter, the atria beat regularly, but faster than usual and more often than the ventricles",B,1_1,aortic aneurysm and dissection,http://purl.obolibrary.org/obo/ICDO_0000499,8,"Health & Medicine, International Classification of Disease Ontology"
"In the ontology of International Classification of Disease, which of the following definitions best describes 'influenza due to certain identified influenza viruses'?","A. A contagious respiratory illness that can cause mild to severe illness (fever, chills, aches)

B. Influenza, commonly known as ""the flu"", is an infectious disease caused by an influenza virus.

C. Infection that inflames air sacs in one or both lungs, which may fill with fluid.

D. Bronchopneumonia, bronchial pneumonia or bronchogenic pneumonia (not to be confused with lobar pneumonia) is the acute inflammation of the walls of the bronchioles.",A,1_1,influenza due to certain identified influenza viruses,http://purl.obolibrary.org/obo/ICDO_0000500,10,"Health & Medicine, International Classification of Disease Ontology"
"In the ontology of International Classification of Disease, which of the following definitions best describes 'acute bronchitis due to rhinovirus'?","A. acute infection that affects the lower respiratory tract.

B. Bronchitis is an inflammation of the bronchial tubes, the airways that carry air to your lungs. It causes a cough that often brings up mucus, as well as shortness of breath, wheezing, and chest tightness.

C. contagious viral infection caused by rhinovirus that causes inflammation of the bronchial tubes

D. lower respiratoy tract infection that causes reversible bronchia inflammation",C,1_1,acute bronchitis due to rhinovirus,http://purl.obolibrary.org/obo/ICDO_0000502,10,"Health & Medicine, International Classification of Disease Ontology"
"In the ontology of International Classification of Disease, which of the following definitions best describes 'unspecified chronic gastritis'?","A. A chronic disorder characterized by reflux of the gastric and/or duodenal contents into the distal esophagus. It is usually caused by incompetence of the lower esophageal sphincter.

B. Abnormal buildup of fluid in the abdomen

C. inflammation of the stomach lining

D. Mucositis is painful inflammation or ulceration of the mucous membranes anywhere along the gastrointestinal tract. Stomatitis (oral mucositis) refers to inflammation and ulceration that occur in the mouth.",C,1_1,unspecified chronic gastritis,http://purl.obolibrary.org/obo/ICDO_0000503,9,"Health & Medicine, International Classification of Disease Ontology"
"In the ontology of International Classification of Disease, which of the following definitions best describes 'hepatic failure, unspecified'?","A. A disorder characterized by the inability of the liver to metabolize chemicals in the body.

B. Cancer that has spread from the original (primary) tumor to the liver.

C. Carcinoma (cancerous tumor) of the liver

D. liver failure",A,1_1,"hepatic failure, unspecified",http://purl.obolibrary.org/obo/ICDO_0000506,9,"Health & Medicine, International Classification of Disease Ontology"
"In the ontology of International Classification of Disease, which of the following definitions best describes 'Other specified inflammatory liver diseases'?","A. A disorder characterized by the inability of the liver to metabolize chemicals in the body.

B. Disease resulting in the inflammation of the liver

C. Inflammation of the liver in humans caused by hepatitis b virus lasting six months or more.

D. Cancer that has spread from the original (primary) tumor to the liver.",B,1_1,Other specified inflammatory liver diseases,http://purl.obolibrary.org/obo/ICDO_0000507,9,"Health & Medicine, International Classification of Disease Ontology"
"In the ontology of International Classification of Disease, which of the following definitions best describes 'calculus of gallbladder without cholecystitis'?","A. a blockage in the tubes that carry bile from the liver to the gallbladder and small intestine.

B. Gallstones without inflammation of the gallbladder wall

C. Tumor of the connective tissues of the bile ducts

D. is an area of fibrous tissue that replaces normal skin after an injury. Scars result from the biological process of wound repair in the skin, as well as in other organs and tissues of the body. Thus, scarring is a natural part of the healing process. With the exception of very minor lesions, every wound (e.g., after accident, disease, or surgery) results in some degree of scarring. An exception to this are animals with complete regeneration, which regrow tissue without scar formation.",B,1_1,calculus of gallbladder without cholecystitis,http://purl.obolibrary.org/obo/ICDO_0000508,9,"Health & Medicine, International Classification of Disease Ontology"
"In the ontology of International Classification of Disease, which of the following definitions best describes 'obstruction of bile duct'?","A. Gallstones without inflammation of the gallbladder wall

B. a blockage in the tubes that carry bile from the liver to the gallbladder and small intestine.

C. Tumor of the connective tissues of the bile ducts

D. nicotine gives temprorary pleasure effects in your brain",B,1_1,obstruction of bile duct,http://purl.obolibrary.org/obo/ICDO_0000509,9,"Health & Medicine, International Classification of Disease Ontology"
"In the ontology of International Classification of Disease, which of the following definitions best describes 'gastrointestinal hemorrhage, unspecified'?","A. Abnormally dark tarry feces containing blood (usually from gastrointestinal bleeding)

B. Loss of memory, language, problem-solving and other thinking abilities in an Alzheimer's patient

C. A stomach bug or stomach flu

D. Bleeding from the gastric wall.",D,1_1,"gastrointestinal hemorrhage, unspecified",http://purl.obolibrary.org/obo/ICDO_0000510,9,"Health & Medicine, International Classification of Disease Ontology"
"In the ontology of International Classification of Disease, which of the following definitions best describes 'Psoriasis, unspecified'?","A. cancerous tumor on skin of lip

B. A chronic disease of the skin marked by red patches covered with white scales.

C. a decrease in your normal sensations in the skin such as touch or temperature

D. a skin condition that causes a dark discoloration in body folds and creases. It typically affects the armpits, groin and neck.",B,1_1,"Psoriasis, unspecified",http://purl.obolibrary.org/obo/ICDO_0000511,9,"Health & Medicine, International Classification of Disease Ontology"
"In the ontology of International Classification of Disease, which of the following definitions best describes 'other chondrocalcinosis, knee'?","A. disease of the joints found in other diseases, multiple locations

B. fracture or break in the upper end of the humerus

C. Childhood arthritis is any form of arthritis or arthritis-related conditions which affects individuals under the age of 16.

D. a condition in which calcium pyrophosphate crystals build up in the knee",D,1_1,"other chondrocalcinosis, knee",http://purl.obolibrary.org/obo/ICDO_0000512,8,"Health & Medicine, International Classification of Disease Ontology"
"In the ontology of International Classification of Disease, which of the following definitions best describes 'Sciatica'?","A. A condition characterized by pain radiating from the back into the buttock and posterior/lateral aspects of the leg

B. The result of thickening and hardening of the walls of the arteries in the brain

C. a brain disorder that leads to shaking, stiffness, and difficulty with walking, balance, and coordination.

D. A degenerative disease of the brain characterized by the insidious onset of dementia. Impairment of memory, judgment, attention span, and problem solving skills are followed by severe apraxias and a global loss of cognitive abilities.",A,1_1,Sciatica,http://purl.obolibrary.org/obo/ICDO_0000514,8,"Health & Medicine, International Classification of Disease Ontology"
"In the ontology of International Classification of Disease, which of the following definitions best describes 'Nontraumatic compartment syndrome'?","A. a fatigue-induced fracture of the bone caused by repeated stress over time.

B. Osteoarthritis (OA) is a type of joint disease that results from breakdown of joint cartilage and underlying bone.

C. a painful condition that occurs when pressure within the muscles builds to dangerous levels. This pressure can decrease blood flow, which prevents nourishment and oxygen from reaching nerve and muscle cells

D. Acute or chronic pain in the lumbar or sacral regions",C,1_1,Nontraumatic compartment syndrome,http://purl.obolibrary.org/obo/ICDO_0000515,8,"Health & Medicine, International Classification of Disease Ontology"
"In the ontology of International Classification of Disease, which of the following definitions best describes 'Tubulo-interstitial nephritis, not specified as acute or chronic'?","A. A disorder characterized by the acute loss of renal function

B. An acute or chronic inflammatory process affecting the kidney.

C. A disorder characterized by gradual and usually permanent loss of kidney function resulting in renal failure.

D. A disorder characterized by the acute loss of renal function",B,1_1,"Tubulo-interstitial nephritis, not specified as acute or chronic",http://purl.obolibrary.org/obo/ICDO_0000516,9,"Health & Medicine, International Classification of Disease Ontology"
"In the ontology of International Classification of Disease, which of the following definitions best describes 'Gestational diabetes mellitus'?","A. symptoms during pregnancy and the puerperium (after the pregnancy)

B. preexisting anemia in a pregnant woman that complicates pregnancy and childbirth

C. Gestational diabetes is diabetes that happens for the first time when a woman is pregnant. Gestational diabetes goes away when you have your baby, but it does increase your risk for having diabetes later.

D. supervision of a pregnancy in a woman who has delivered 5 or more infants who has achieved a gestational age of 24+ weeks",C,1_1,Gestational diabetes mellitus,http://purl.obolibrary.org/obo/ICDO_0000517,8,"Health & Medicine, International Classification of Disease Ontology"
"In the ontology of International Classification of Disease, which of the following definitions best describes 'False labor before 37 completed weeks of gestation'?","A. irregular uterine contractions before the 37th week of pregnancy that mimick real labor

B. Gestational diabetes is diabetes that happens for the first time when a woman is pregnant. Gestational diabetes goes away when you have your baby, but it does increase your risk for having diabetes later.

C. symptoms during pregnancy and the puerperium (after the pregnancy)

D. supervision of a pregnancy in a woman who has delivered 5 or more infants who has achieved a gestational age of 24+ weeks",A,1_1,False labor before 37 completed weeks of gestation,http://purl.obolibrary.org/obo/ICDO_0000518,8,"Health & Medicine, International Classification of Disease Ontology"
"In the ontology of International Classification of Disease, which of the following definitions best describes 'Anemia complicating pregnancy, childbirth and the puerperium'?","A. preexisting anemia in a pregnant woman that complicates pregnancy and childbirth

B. irregular uterine contractions before the 37th week of pregnancy that mimick real labor

C. supervision of a pregnancy in a woman who has delivered 5 or more infants who has achieved a gestational age of 24+ weeks

D. symptoms during pregnancy and the puerperium (after the pregnancy)",A,1_1,"Anemia complicating pregnancy, childbirth and the puerperium",http://purl.obolibrary.org/obo/ICDO_0000519,8,"Health & Medicine, International Classification of Disease Ontology"
"In the ontology of International Classification of Disease, which of the following definitions best describes 'Palpitations'?","A. A disorder characterized by an unpleasant sensation of irregular and/or forceful beating of the heart.

B. this is a symptom of many diseases that attack the respiratory system

C. signs such as jaw pain or chills that help identify the disease

D. physical suffering or discomfort caused by illness or injury",A,1_1,Palpitations,http://purl.obolibrary.org/obo/ICDO_0000520,9,"Health & Medicine, International Classification of Disease Ontology"
"In the ontology of International Classification of Disease, which of the following definitions best describes 'Hemorrhage from respiratory passages'?","A. disease of the bronchus

B. an acute bleeding from the lung, from the upper respiratory tract and the trachea, and the alveoli

C. signs such as jaw pain or chills that help identify the disease

D. Sepsis associated with organ dysfunction distant from the site of infection.",B,1_1,Hemorrhage from respiratory passages,http://purl.obolibrary.org/obo/ICDO_0000521,9,"Health & Medicine, International Classification of Disease Ontology"
"In the ontology of International Classification of Disease, which of the following definitions best describes 'ataxia, unspecified'?","A. A disorder characterized by lack of coordination of muscle movements

B. cancerous tumor of the brain

C. unspecified disorder of the brain

D. a small class of medical conditions affecting the nervous system.",A,1_1,"ataxia, unspecified",http://purl.obolibrary.org/obo/ICDO_0000523,8,"Health & Medicine, International Classification of Disease Ontology"
"In the ontology of International Classification of Disease, which of the following definitions best describes 'Generalized edema'?","A. an acute bleeding from the lung, from the upper respiratory tract and the trachea, and the alveoli

B. signs such as jaw pain or chills that help identify the disease

C. An inability to experience pleasure from activities usually found enjoyable.

D. fluid accumulation that affects the whole body rather than particular organs or body areas.",D,1_1,Generalized edema,http://purl.obolibrary.org/obo/ICDO_0000525,8,"Health & Medicine, International Classification of Disease Ontology"
"In the ontology of International Classification of Disease, which of the following definitions best describes 'unspecified fracture of upper end of humerus'?","A. Osteolysis is an active resorption of bone matrix by osteoclasts during the natural formation of healthy bones

B. Osteoporosis is the most common bone disease and is caused by the thinning of the bones

C. fracture or break in the upper end of the humerus

D. Osteoarthritis (OA) is a type of joint disease that results from breakdown of joint cartilage and underlying bone.",C,1_1,unspecified fracture of upper end of humerus,http://purl.obolibrary.org/obo/ICDO_0000526,8,"Health & Medicine, International Classification of Disease Ontology"
"In the ontology of International Classification of Disease, which of the following definitions best describes 'fracture of greater trochanter of femur'?","A. Childhood arthritis is any form of arthritis or arthritis-related conditions which affects individuals under the age of 16.

B. fracture in the anatomical portions of the femur which serve as the attachment sites for several muscles.

C. a fatigue-induced fracture of the bone caused by repeated stress over time.

D. Unspecified fracture of the proximal femur between the cervical region and the shaft",B,1_1,fracture of greater trochanter of femur,http://purl.obolibrary.org/obo/ICDO_0000527,8,"Health & Medicine, International Classification of Disease Ontology"
"In the ontology of International Classification of Disease, which of the following definitions best describes 'other complications of procedures, not elsewhere classified'?","A. Infection in the body found after a procedure

B. complication occurs during procedure

C. heart failure following heart surgery

D. Pathologic process consisting of a partial or complete disruption of the layers of a surgical wound.",B,1_1,"other complications of procedures, not elsewhere classified",http://purl.obolibrary.org/obo/ICDO_0000528,9,"Health & Medicine, International Classification of Disease Ontology"
"In the ontology of International Classification of Disease, which of the following definitions best describes 'glucocorticoids and synthetic analogues'?","A. application of an analog drug of cortisol that is used for its anti-inflammatory, immunosuppressive & antiproliferative effects

B. other specified health condition/status not coded for

C. removal of organ (surgery/injury)

D. when immune system reacts to a foreign substance or food that doesn't cause a reaction in most people",A,1_1,glucocorticoids and synthetic analogues,http://purl.obolibrary.org/obo/ICDO_0000530,8,"Health & Medicine, International Classification of Disease Ontology"
"In the ontology of International Classification of Disease, which of the following definitions best describes 'encounter for attention to tracheostomy'?","A. an occurance that requires attention to a tracheostomy procedure

B. improves the quality of life of patients and their families facing the problem associated with life-threatening illness

C. Encounter for other specified aftercare

D. Patient had implanted devices managed and adjusted",A,1_1,encounter for attention to tracheostomy,http://purl.obolibrary.org/obo/ICDO_0000531,9,"Health & Medicine, International Classification of Disease Ontology"
"In the ontology of International Classification of Disease, which of the following definitions best describes 'encounter for attention to gastrostomy'?","A. Follow-up examination after other treatment for other conditions

B. an occurance that requires attention to a gastrostomy procedure

C. Encounter for other specified aftercare

D. improves the quality of life of patients and their families facing the problem associated with life-threatening illness",B,1_1,encounter for attention to gastrostomy,http://purl.obolibrary.org/obo/ICDO_0000532,9,"Health & Medicine, International Classification of Disease Ontology"
"In the ontology of International Classification of Disease, which of the following definitions best describes 'low income'?","A. Persons encountering health services for examinations, Genetic carrier and genetic susceptibility to disease, Resistance to antimicrobial drugs, etc

B. presence of breast implant

C. Encounter for general adult medical examination

D. low amount of income (financial)",D,1_1,low income,http://purl.obolibrary.org/obo/ICDO_0000538,8,"Health & Medicine, International Classification of Disease Ontology"
"In the ontology of International Classification of Disease, which of the following definitions best describes 'problem related to housing and economic circumstances, unspecified'?","A. Persons encountering health services for examinations, Genetic carrier and genetic susceptibility to disease, Resistance to antimicrobial drugs, etc

B. when immune system reacts to a foreign substance or food that doesn't cause a reaction in most people

C. financial problems related to housing or general economic standing

D. Problem related to social environment",C,1_1,"problem related to housing and economic circumstances, unspecified",http://purl.obolibrary.org/obo/ICDO_0000539,8,"Health & Medicine, International Classification of Disease Ontology"
"In the ontology of International Classification of Disease, which of the following definitions best describes 'problems related to care provider dependency'?","A. patient whose mobility is reduced

B. problems related to dependency on health care providers

C. Continous supervision needed, problems related to care provider dependency

D. Lack of familial support",B,1_1,problems related to care provider dependency,http://purl.obolibrary.org/obo/ICDO_0000540,9,"Health & Medicine, International Classification of Disease Ontology"
"In the ontology of International Classification of Disease, which of the following definitions best describes 'other problems related to medical facilities and other health care'?","A. normal doctors appointment to ensure healthy supervised pregnancy

B. Encounter for general adult medical examination

C. other problems related to health care

D. long term use of asipirin",C,1_1,other problems related to medical facilities and other health care,http://purl.obolibrary.org/obo/ICDO_0000541,8,"Health & Medicine, International Classification of Disease Ontology"
"In the ontology of International Classification of Disease, which of the following definitions best describes 'personal history of malignant neoplasm of digestive organs'?","A. history of cancerous tumors of the digestive organs

B. Personal history of exposure to radiation

C. history of cancerous tumors of the lymphoid, hematopoietic and related tissues

D. history of infectious or parasitic diseases",A,1_1,personal history of malignant neoplasm of digestive organs,http://purl.obolibrary.org/obo/ICDO_0000542,9,"Health & Medicine, International Classification of Disease Ontology"
"In the ontology of International Classification of Disease, which of the following definitions best describes 'patient's noncompliance with medical treatment and regimen'?","A. patient has vascular implants/grafts

B. Encounter for general adult medical examination

C. other problems related to health care

D. patient refuses to follow medical treatment/regimen",D,1_1,patient's noncompliance with medical treatment and regimen,http://purl.obolibrary.org/obo/ICDO_0000544,8,"Health & Medicine, International Classification of Disease Ontology"
"In the ontology of International Classification of Disease, which of the following definitions best describes 'streptococcal sepsis'?","A. An acute infectious disorder of an unspecified site caused by gram positive or gram negative bacteria.

B. an infection in the bloodstream that may travel to different body organs.

C. An unspecified acute infectious disorder caused by gram positive or gram negative bacteria.

D. Erysipelas is a relatively common bacterial infection of the superficial layer of the skin (upper dermis), extending to the superficial lymphatic vessels within the skin, characterized by a raised, well-defined, tender, bright red rash, typically on the face or legs, but which can occur anywhere on the skin. It is a form of cellulitis and is potentially serious. Erysipelas is usually caused by the bacteria Streptococcus pyogenes.",B,1_1,streptococcal sepsis,http://purl.obolibrary.org/obo/ICDO_0000545,9,"Health & Medicine, International Classification of Disease Ontology"
"In the ontology of International Classification of Disease, which of the following definitions best describes 'bacterial infection of unspecified site'?","A. an infection in the bloodstream that may travel to different body organs.

B. An acute infectious disorder of an unspecified site caused by gram positive or gram negative bacteria.

C. Erysipelas is a relatively common bacterial infection of the superficial layer of the skin (upper dermis), extending to the superficial lymphatic vessels within the skin, characterized by a raised, well-defined, tender, bright red rash, typically on the face or legs, but which can occur anywhere on the skin. It is a form of cellulitis and is potentially serious. Erysipelas is usually caused by the bacteria Streptococcus pyogenes.

D. An unspecified acute infectious disorder caused by gram positive or gram negative bacteria.",B,1_1,bacterial infection of unspecified site,http://purl.obolibrary.org/obo/ICDO_0000546,9,"Health & Medicine, International Classification of Disease Ontology"
"In the ontology of International Classification of Disease, which of the following definitions best describes 'bacterial infection, unspecified'?","A. An unspecified acute infectious disorder caused by gram positive or gram negative bacteria.

B. An acute infectious disorder of an unspecified site caused by gram positive or gram negative bacteria.

C. an infection in the bloodstream that may travel to different body organs.

D. Erysipelas is a relatively common bacterial infection of the superficial layer of the skin (upper dermis), extending to the superficial lymphatic vessels within the skin, characterized by a raised, well-defined, tender, bright red rash, typically on the face or legs, but which can occur anywhere on the skin. It is a form of cellulitis and is potentially serious. Erysipelas is usually caused by the bacteria Streptococcus pyogenes.",A,1_1,"bacterial infection, unspecified",http://purl.obolibrary.org/obo/ICDO_0000547,9,"Health & Medicine, International Classification of Disease Ontology"
"In the ontology of International Classification of Disease, which of the following definitions best describes 'candidiasis'?","A. The viral hemorrhagic (or haemorrhagic) fevers (VHFs) are a diverse group of animal and human illnesses in which fever and hemorrhage are caused by a viral infection.

B. Infectious diseases are disorders caused by organisms — such as bacteria, viruses, fungi or parasites.

C. A viral or bacterial infectious process affecting the large intestine.

D. A condition in which candida albicans, a type of yeast, grows out of control in moist skin areas of the body",D,1_1,candidiasis,http://purl.obolibrary.org/obo/ICDO_0000548,8,"Health & Medicine, International Classification of Disease Ontology"
"In the ontology of International Classification of Disease, which of the following definitions best describes 'invasive pulmonary aspergillosis'?","A. A disorder characterized by bleeding from the nose

B. Lung infections with the invasive forms of aspergillus

C. The aftereffect of respiratory disease and tuberculosis

D. a viral respiratory illness caused by a coronavirus called SARS-associated coronavirus (SARS-CoV).",B,1_1,invasive pulmonary aspergillosis,http://purl.obolibrary.org/obo/ICDO_0000549,9,"Health & Medicine, International Classification of Disease Ontology"
"In the ontology of International Classification of Disease, which of the following definitions best describes 'acute lymphoblastic leukemia not having achieved remission'?","A. The coexistences of 2 or more primary acid-base disorders in the same patient

B. A benign condition in which there is a higher-than-normal level of a protein called m protein in the blood.

C. An immune disorder is a dysfunction of the immune system.

D. An aggressive (fast-growing) type of leukemia (blood cancer) in which too many lymphoblasts (immature white blood cells) are found in the blood and bone marrow; no remission",D,1_1,acute lymphoblastic leukemia not having achieved remission,http://purl.obolibrary.org/obo/ICDO_0000553,9,"Health & Medicine, International Classification of Disease Ontology"
"In the ontology of International Classification of Disease, which of the following definitions best describes 'disseminated intravascular coagulation [defibrination syndrome]'?","A. an underactive thyroid gland.

B. A pathological constriction that can occur above (supravalvular stenosis), below (subvalvular stenosis), or at the aortic valve. It is characterized by restricted outflow from the left ventricle into the aorta.

C. occur when the body has too little or too much calcium.

D. A disease where the blood clots throughout the body and increases the risk of bleeding",D,1_1,disseminated intravascular coagulation [defibrination syndrome],http://purl.obolibrary.org/obo/ICDO_0000555,9,"Health & Medicine, International Classification of Disease Ontology"
"In the ontology of International Classification of Disease, which of the following definitions best describes 'hyperuricemia without signs of inflammatory arthritis and tophaceous disease'?","A. body does not have enough nutrition to sustain itself

B. An aggressive (fast-growing) type of leukemia (blood cancer) in which too many lymphoblasts (immature white blood cells) are found in the blood and bone marrow; no remission

C. an elevated uric acid level in the blood without symptoms of inflammatory arthritis and tophaceous disease

D. genetic anomaly that causes high cholesterol levels",C,1_1,hyperuricemia without signs of inflammatory arthritis and tophaceous disease,http://purl.obolibrary.org/obo/ICDO_0000556,9,"Health & Medicine, International Classification of Disease Ontology"
"In the ontology of International Classification of Disease, which of the following definitions best describes 'fluid overload'?","A. Abnormal increase in the volume of circulating fluid (plasma) in the body.

B. A condition in which the blood is too acidic.

C. symptoms, signs, abnormal results of clinical or other investigative procedures, and ill-defined conditions regarding which no diagnosis classifiable elsewhere is recorded.

D. Disorders in the processing, absorption, transport, storage, and utilization of phosphorus in the body",A,1_1,fluid overload,http://purl.obolibrary.org/obo/ICDO_0000557,9,"Health & Medicine, International Classification of Disease Ontology"
"In the ontology of International Classification of Disease, which of the following definitions best describes 'nicotine dependence'?","A. dependence on nicotine

B. feelings of stress or fear that the patient cannot understand

C. An acutely disturbed state of mind that occurs in fever, intoxication, and other disorders and is characterized by restlessness, illusions, and incoherence of thought and speech

D. A disorder characterized by melancholic feelings of grief or unhappiness.",A,1_1,nicotine dependence,http://purl.obolibrary.org/obo/ICDO_0000558,9,"Health & Medicine, International Classification of Disease Ontology"
"In the ontology of International Classification of Disease, which of the following definitions best describes 'high altitude periodic breathing'?","A. Muscle tissue is a contractile tissue made up of actin and myosin fibers[GO].

B. A genetic or acquired polyuric disorder characterized by persistent hypotonic urine and hypokalemia. ~ an inability to concentrate urine due to impaired renal tubule response to vasopressin (ADH), which leads to excretion of large amounts of dilute urine.

C. stopping breathing for a period of time (apnea) due to high altitude

D. A disorder characterized by cessation of breathing for short periods during sleep.",C,1_1,high altitude periodic breathing,http://purl.obolibrary.org/obo/ICDO_0000561,9,"Health & Medicine, International Classification of Disease Ontology"
"In the ontology of International Classification of Disease, which of the following definitions best describes 'other disorders of brain'?","A. Bleeding into one or both cerebral hemispheres including the basal ganglia and the cerebral cortex. It is often associated with hypertension and craniocerebral trauma.

B. Anarthria is a severe form of dysarthria. Dysarthria is a motor speech disorder that occurs when someone can't coordinate or control the muscles used for speaking.

C. unspecified disorder of the brain

D. A brief stroke (from a few minutes to an hour) of cerebral dysfunction when the blood supply to this part of the brain is blocked",C,1_1,other disorders of brain,http://purl.obolibrary.org/obo/ICDO_0000562,8,"Health & Medicine, International Classification of Disease Ontology"
"In the ontology of International Classification of Disease, which of the following definitions best describes 'cardiomyopathy'?","A. A disease of the heart muscle or myocardium proper. Cardiomyopathies may be classified as either primary or secondary, on the basis of etiology, or on the pathophysiology of the lesion: hypertrophic, dilated, or restrictive.

B. residual effects or conditions produced after the acute phase of a stroke

C. A disorder characterized by cessation of the pumping function of the heart.

D. heart muscle's pump function is reduced following heart surgery",A,1_1,cardiomyopathy,http://purl.obolibrary.org/obo/ICDO_0000563,8,"Health & Medicine, International Classification of Disease Ontology"
"In the ontology of International Classification of Disease, which of the following definitions best describes 'nontraumatic intracerebral hemorrhage'?","A. Bleeding into one or both cerebral hemispheres including the basal ganglia and the cerebral cortex. It is often associated with hypertension and craniocerebral trauma.

B. bleeding into the space between the surface of the brain, or pia mater, and the arachnoid, one of three coverings of the brain

C. Epilepsy with complex partial seizures and focal EEG abnoralities

D. a neurological disorder marked by sudden recurrent episodes of sensory disturbance, loss of consciousness, or convulsions, associated with abnormal electrical activity in the brain.",A,1_1,nontraumatic intracerebral hemorrhage,http://purl.obolibrary.org/obo/ICDO_0000564,9,"Health & Medicine, International Classification of Disease Ontology"
"In the ontology of International Classification of Disease, which of the following definitions best describes 'other specified cerebrovascular diseases'?","A. diseases of the blood vessels in the brain

B. Bleeding into one or both cerebral hemispheres including the basal ganglia and the cerebral cortex. It is often associated with hypertension and craniocerebral trauma.

C. A disorder characterized by a decrease or absence of blood supply to the brain

D. rare conditions that result in obstruction of one or more arteries that supply blood to the brain",A,1_1,other specified cerebrovascular diseases,http://purl.obolibrary.org/obo/ICDO_0000565,9,"Health & Medicine, International Classification of Disease Ontology"
"In the ontology of International Classification of Disease, which of the following definitions best describes 'cerebral ischemia'?","A. Bleeding into one or both cerebral hemispheres including the basal ganglia and the cerebral cortex. It is often associated with hypertension and craniocerebral trauma.

B. A disorder characterized by a decrease or absence of blood supply to the brain

C. diseases of the blood vessels in the brain

D. rare conditions that result in obstruction of one or more arteries that supply blood to the brain",B,1_1,cerebral ischemia,http://purl.obolibrary.org/obo/ICDO_0000568,9,"Health & Medicine, International Classification of Disease Ontology"
"In the ontology of International Classification of Disease, which of the following definitions best describes 'embolism and thrombosis of superficial veins of lower extremities'?","A. Diseases of the lymphatic system, a network of tissues and organs.

B. Lymph nodes in one particular area of the body swell up

C. a condition that occurs when the venous wall and/or valves in the leg veins are not working effectively, making it difficult for blood to return to the heart from the legs.

D. when a blood clot develops in a blood vessel of the lower extremities and becomes stuck, obstructing blood flow",D,1_1,embolism and thrombosis of superficial veins of lower extremities,http://purl.obolibrary.org/obo/ICDO_0000569,9,"Health & Medicine, International Classification of Disease Ontology"
"In the ontology of International Classification of Disease, which of the following definitions best describes 'acute bronchiolitis, unspecified'?","A. Bronchitis is an inflammation of the bronchial tubes, the airways that carry air to your lungs. It causes a cough that often brings up mucus, as well as shortness of breath, wheezing, and chest tightness.

B. an acute inflammatory injury of the bronchioles that is usually caused by a viral infection

C. Bronchiolitis is an acute inflammatory injury of the bronchioles that is usually caused by a viral infection (most commonly respiratory syncytial virus)

D. acute infection that affects the lower respiratory tract.",B,1_1,"acute bronchiolitis, unspecified",http://purl.obolibrary.org/obo/ICDO_0000570,10,"Health & Medicine, International Classification of Disease Ontology"
"In the ontology of International Classification of Disease, which of the following definitions best describes 'respiratory disorders in other diseases classified elsewhere'?","A. a malignant lung tumor characterized by uncontrolled cell growth in tissues of the lung.

B. respiratory disorder as a result of another disorder found elsewhere in the body

C. a viral respiratory illness caused by a coronavirus called SARS-associated coronavirus (SARS-CoV).

D. disease of the bronchus",B,1_1,respiratory disorders in other diseases classified elsewhere,http://purl.obolibrary.org/obo/ICDO_0000573,9,"Health & Medicine, International Classification of Disease Ontology"
"In the ontology of International Classification of Disease, which of the following definitions best describes 'liver disease, unspecified'?","A. liver is damaged which makes it hard to digest food.

B. any disturbance of liver function that causes illness.

C. liver failure

D. Disease resulting in the inflammation of the liver",B,1_1,"liver disease, unspecified",http://purl.obolibrary.org/obo/ICDO_0000574,9,"Health & Medicine, International Classification of Disease Ontology"
"In the ontology of International Classification of Disease, which of the following definitions best describes 'pain in throat and chest'?","A. fainting or passing out

B. a symptom that makes one feel weakness, discomfort, or illness

C. signs such as jaw pain or chills that help identify the disease

D. pain occuring in the throat and chest of the patient",D,1_1,pain in throat and chest,http://purl.obolibrary.org/obo/ICDO_0000578,9,"Health & Medicine, International Classification of Disease Ontology"
"In the ontology of International Classification of Disease, which of the following definitions best describes 'aphagia'?","A. a symptom that makes one feel weakness, discomfort, or illness

B. seeing things that aren't there

C. physical suffering or discomfort caused by illness or injury

D. inability or refusal to swallow.",D,1_1,aphagia,http://purl.obolibrary.org/obo/ICDO_0000579,9,"Health & Medicine, International Classification of Disease Ontology"
"In the ontology of International Classification of Disease, which of the following definitions best describes 'symptoms and signs concerning food and fluid intake'?","A. An inability to experience pleasure from activities usually found enjoyable.

B. symptoms that have to do with food/fluid intake

C. a life-threatening lung injury that allows fluid to leak into the lungs. Breathing becomes difficult and oxygen cannot get into the body.

D. A disorder characterized by the reflexive act of ejecting the contents of the stomach through the mouth.",B,1_1,symptoms and signs concerning food and fluid intake,http://purl.obolibrary.org/obo/ICDO_0000580,8,"Health & Medicine, International Classification of Disease Ontology"
"In the ontology of International Classification of Disease, which of the following definitions best describes 'fracture of rib(s), sternum and thoracic spine'?","A. A cervical fracture, commonly called a broken neck, is a catastrophic fracture of any of the seven cervical vertebrae in the neck

B. fracture or break on shoulder or upper arm

C. fracture or break on ribs, sternum and thoracic spine

D. This describes the circumstance causing an injury, not the nature of the injury. The injury in this case is caused by the lack of administration of surgical or medical care.",C,1_1,"fracture of rib(s), sternum and thoracic spine",http://purl.obolibrary.org/obo/ICDO_0000583,8,"Health & Medicine, International Classification of Disease Ontology"
"In the ontology of International Classification of Disease, which of the following definitions best describes 'other specified complications of cardiac and vascular prosthetic devices, implants and grafts'?","A. Complications of gaining I.V. may include infiltration, hematoma, an air embolism, phlebitis, extravascular drug administration, and intraarterial injection. Intraarterial injection is more rare, but as threatening.

B. other complications due to implementation of cardiac/vascular devices, implaces, grafts

C. This describes the circumstance causing an injury, not the nature of the injury. The injury in this case is caused by the lack of administration of surgical or medical care.

D. injury/other consequences caused by external sources",B,1_1,"other specified complications of cardiac and vascular prosthetic devices, implants and grafts",http://purl.obolibrary.org/obo/ICDO_0000586,8,"Health & Medicine, International Classification of Disease Ontology"
"In the ontology of International Classification of Disease, which of the following definitions best describes 'observation for suspected myocardial infarction'?","A. removal of organ (surgery/injury)

B. observation by doctors of suspected myocardial infarction (heart attack)

C. presence of breast implant

D. patient refuses to follow medical treatment/regimen",B,1_1,observation for suspected myocardial infarction,http://purl.obolibrary.org/obo/ICDO_0000587,8,"Health & Medicine, International Classification of Disease Ontology"
"In the ontology of International Classification of Disease, which of the following definitions best describes 'other specified health status'?","A. healthy person (family, friend) staying with a sick patient

B. Problem related to social environment

C. other specified health condition/status not coded for

D. other problems related to health care",C,1_1,other specified health status,http://purl.obolibrary.org/obo/ICDO_0000590,8,"Health & Medicine, International Classification of Disease Ontology"
"In the ontology of International Classification of Disease, which of the following definitions best describes 'acquired absence of organs, not elsewhere classified'?","A. Encounter for general adult medical examination

B. removal of organ (surgery/injury)

C. a procedure in which blood is collected, part of the blood such as platelets or white blood cells is taken out, and the rest of the blood is returned to the donor.

D. financial problems related to housing or general economic standing",B,1_1,"acquired absence of organs, not elsewhere classified",http://purl.obolibrary.org/obo/ICDO_0000592,8,"Health & Medicine, International Classification of Disease Ontology"
"In the ontology of International Classification of Disease, which of the following definitions best describes 'presence of other vascular implants and grafts'?","A. patient has vascular implants/grafts

B. financial problems related to housing or general economic standing

C. Patient did not undergo treatment due to patients decision

D. long term use of asipirin",A,1_1,presence of other vascular implants and grafts,http://purl.obolibrary.org/obo/ICDO_0000593,8,"Health & Medicine, International Classification of Disease Ontology"
"In the ontology of International Classification of Disease, which of the following definitions best describes 'breast implant status'?","A. presence of breast implant

B. other specified health condition/status not coded for

C. long term use of asipirin

D. Persons encountering health services for examinations, Genetic carrier and genetic susceptibility to disease, Resistance to antimicrobial drugs, etc",A,1_1,breast implant status,http://purl.obolibrary.org/obo/ICDO_0000594,8,"Health & Medicine, International Classification of Disease Ontology"
"In the ontology of International Classification of Disease, which of the following definitions best describes 'other and unspecified malignant neoplasm of skin of lip'?","A. An immune disorder is a dysfunction of the immune system.

B. used to specify a diagnosis of secondary and unspecified malignant neoplasm of intrathoracic lymph nodes.

C. Cancer of the endometrium

D. cancerous tumor on skin of lip",D,1_1,other and unspecified malignant neoplasm of skin of lip,http://purl.obolibrary.org/obo/ICDO_0000595,9,"Health & Medicine, International Classification of Disease Ontology"
"In the ontology of International Classification of Disease, which of the following definitions best describes 'polyneuropathy, unspecified'?","A. A disorder affecting the cranial nerves or the peripheral nervous system.

B. Flaccid paralysis is a clinical manifestation characterized by weakness or paralysis and reduced muscle tone without other obvious cause (e.g., trauma).

C. A disorder characterized by lack of coordination of muscle movements

D. A degenerative disease of the brain characterized by the insidious onset of dementia. Impairment of memory, judgment, attention span, and problem solving skills are followed by severe apraxias and a global loss of cognitive abilities.",A,1_1,"polyneuropathy, unspecified",http://purl.obolibrary.org/obo/ICDO_0000596,8,"Health & Medicine, International Classification of Disease Ontology"
"In the ontology of International Classification of Disease, which of the following definitions best describes 'postprocedural cardiac insufficiency following cardiac surgery'?","A. a heart defect in which there are holes between the chambers of the right and left sides of the heart, and the valves that control the flow of blood between these chambers may not be formed correctly.

B. A disease of the heart muscle or myocardium proper. Cardiomyopathies may be classified as either primary or secondary, on the basis of etiology, or on the pathophysiology of the lesion: hypertrophic, dilated, or restrictive.

C. any cardiac complications occurring in the postanesthetic care unit (PACU)

D. heart muscle's pump function is reduced following heart surgery",D,1_1,postprocedural cardiac insufficiency following cardiac surgery,http://purl.obolibrary.org/obo/ICDO_0000599,9,"Health & Medicine, International Classification of Disease Ontology"
"In the ontology of International Classification of Disease, which of the following definitions best describes 'postprocedural heart failure following cardiac surgery'?","A. heart failure following heart surgery

B. Infection in the body found after a procedure

C. Also called coronary artery disease, describes heart problems caused by narrowed arteries that supply blood to the heart.

D. Pathologic process consisting of a partial or complete disruption of the layers of a surgical wound.",A,1_1,postprocedural heart failure following cardiac surgery,http://purl.obolibrary.org/obo/ICDO_0000600,9,"Health & Medicine, International Classification of Disease Ontology"
"In the ontology of International Classification of Disease, which of the following definitions best describes 'chronic respiratory failure, unspecified whether with hypoxia or hypercapnia'?","A. a condition that results in the inability to effectively exchange carbon dioxide and oxygen, and induces chronically low oxygen levels or chronically high carbon dioxide levels, unspecified which

B. Multicellular, connected anatomical structure that has multiple organs as parts and whose parts work together to achieve some shared function.

C. respiratory system is unable to function properly; is long-term (chronic) or short-term (acute)

D. respiratory system is unable to function properly; is long-term (chronic) or short-term (acute); can be with hypoxia (too little oxygen) or hypercapnia (too much CO2, normal/low oxygen)",A,1_1,"chronic respiratory failure, unspecified whether with hypoxia or hypercapnia",http://purl.obolibrary.org/obo/ICDO_0000602,10,"Health & Medicine, International Classification of Disease Ontology"
"In the ontology of International Classification of Disease, which of the following definitions best describes 'acanthosis nigricans'?","A. a skin condition that causes a dark discoloration in body folds and creases. It typically affects the armpits, groin and neck.

B. a decrease in your normal sensations in the skin such as touch or temperature

C. A chronic disease of the skin marked by red patches covered with white scales.

D. cancerous tumor on skin of lip",A,1_1,acanthosis nigricans,http://purl.obolibrary.org/obo/ICDO_0000603,9,"Health & Medicine, International Classification of Disease Ontology"
"In the ontology of International Classification of Disease, which of the following definitions best describes 'pressure ulcer of unspecified part of back'?","A. Injury to hip skin and underlying tissue resulting from prolonged pressure on skin around hip

B. Injury to elbow skin and underlying tissue resulting from prolonged pressure on skin around elbow

C. injuries to skin on back and underlying tissue resulting from prolonged pressure on the skin.

D. An ulceration caused by prolonged pressure on the skin and tissues when one stays in one position for a long period of time, such as lying in bed.",C,1_1,pressure ulcer of unspecified part of back,http://purl.obolibrary.org/obo/ICDO_0000604,10,"Health & Medicine, International Classification of Disease Ontology"
"In the ontology of International Classification of Disease, which of the following definitions best describes 'mechanical complication of other specified internal and external prosthetic devices, implants and grafts'?","A. complication in mechanical design.function of internal and external prosthetic devices, implants and grafts

B. A break in the bone connecting the breastbone and shoulder.

C. there is a need for specific instruction for the patient

D. Complications of gaining I.V. may include infiltration, hematoma, an air embolism, phlebitis, extravascular drug administration, and intraarterial injection. Intraarterial injection is more rare, but as threatening.",A,1_1,"mechanical complication of other specified internal and external prosthetic devices, implants and grafts",http://purl.obolibrary.org/obo/ICDO_0000607,8,"Health & Medicine, International Classification of Disease Ontology"
"In the ontology of International Classification of Disease, which of the following definitions best describes 'malignant neoplasm of eye'?","A. cancerous tumor of the eye

B. Renal cell carcinoma is a kidney cancer that originates in the lining of the proximal convoluted tubule, a part of the very small tubes in the kidney that transport waste molecules from the blood to the urine.

C. Primary cancerous tumor of the colon

D. Cancerous tumor of a respiratory organ (upper lobe, bronchus, or lung)",A,1_1,malignant neoplasm of eye,http://purl.obolibrary.org/obo/ICDO_0000608,9,"Health & Medicine, International Classification of Disease Ontology"
"In the ontology of International Classification of Disease, which of the following definitions best describes 'malignant neoplasm of other and unspecified parts of nervous system'?","A. Evans syndrome is an autoimmune disease in which an individual's antibodies attack their own red blood cells and platelets.

B. A primary or metastatic malignant tumor involving the prostate gland.

C. An aggressive (fast-growing) type of leukemia (blood cancer) in which too many lymphoblasts (immature white blood cells) are found in the blood and bone marrow; no remission

D. cancerous tumors within parts of the nervous system",D,1_1,malignant neoplasm of other and unspecified parts of nervous system,http://purl.obolibrary.org/obo/ICDO_0000609,8,"Health & Medicine, International Classification of Disease Ontology"
"In the ontology of International Classification of Disease, which of the following definitions best describes 'external ear biopsy (Biopsy of external ear)'?","A. allergy to opiate agonist

B. inflammatory anatomical entity that is located in skin

C. chronic infection of lower respiratory tract

D. a sample of tissue taken from the external ear in order to examine it more closely.",D,1_1,external ear biopsy (Biopsy of external ear),http://purl.obolibrary.org/obo/ICDO_0000610,9,"Health & Medicine, International Classification of Disease Ontology"
"In the ontology of International Classification of Disease, which of the following definitions best describes 'nutritional and metabolic cardiomyopathy'?","A. a chronic metabolic disease characterized by structural and functional alterations and interstitial fibrosis without coronary artery disease or hypertension

B. People with neutropenia have an unusually low number of cells called neutrophils. Neutrophils are cells in your immune system that attack bacteria and other organisms when they invade your body

C. Backflow of blood from the left ventricle into the left atrium due to imperfect closure of the mitral valve

D. A heart attack in the absence of observable q wave abnormalities in the ecg.",A,1_1,nutritional and metabolic cardiomyopathy,http://purl.obolibrary.org/obo/ICDO_0000611,8,"Health & Medicine, International Classification of Disease Ontology"
"In the ontology of International Classification of Disease, which of the following definitions best describes 'cerumen'?","A. Secretion produced by a sweat gland.

B. A condition of the lung characterized by increase beyond normal in the size of air spaces distal to the terminal bronchioles, either from dilatation of the alveoli or from destruction of their walls.

C. A zone of skin that is part of a craniocervical region.

D. The yellow or brown waxy secretions produced by vestigial apocrine sweat glands in the external ear canal[MESH].",D,1_1,cerumen,http://purl.obolibrary.org/obo/UBERON_0002297,10,"Health & Medicine, International Classification of Disease Ontology"
"In the ontology of International Classification of Disease, which of the following definitions best describes 'lobule of pinna'?","A. A zone of skin that is part of a external ear [Automatically generated definition].

B. The soft lower part of the external ear, projecting below the antitragus.

C. The upper ventral region of the torso of an organism.

D. An anatomical structure that has some part that develops from the neural crest.",B,1_1,lobule of pinna,http://purl.obolibrary.org/obo/UBERON_0001847,8,"Health & Medicine, International Classification of Disease Ontology"
"In the ontology of International Classification of Disease, which of the following definitions best describes 'contact'?","A. A structural quality inhering in a bearer by virtue of the bearer's touching another entity.

B. developed after birth : not congenital or hereditary

C. developed after birth : not congenital or hereditary

D. A process quality inhering in a bearer by virtue of the bearer's magnitude of the temporal extent between the starting and ending point.",A,1_1,contact,http://purl.obolibrary.org/obo/PATO_0001961,7,"Health & Medicine, International Classification of Disease Ontology"
"In the ontology of International Classification of Disease, which of the following definitions best describes 'helix of outer ear'?","A. A two-lobed endocrine gland found in all vertebrates, located in front of and on either side of the trachea in humans, and producing various hormones, such as triiodothyronine and calcitonin[BTO].

B. The helix is the prominent rim of the pinna.

C. A zone of skin that is part of a external ear [Automatically generated definition].

D. Anatomical structure that is part of the head consisting entirely of cranium and mandible[WP].",B,1_1,helix of outer ear,http://purl.obolibrary.org/obo/UBERON_0002488,9,"Health & Medicine, International Classification of Disease Ontology"
"In the ontology of International Classification of Disease, which of the following definitions best describes 'temporomandibular joint'?","A. Any structure that is placed on one side of the left-right axis of a bilaterian.

B. A synovial joint of the jaw that connects the mandible to the temporal bone.

C. The helix is the prominent rim of the pinna.

D. Synovial joint that articulates bones of upper and lower jaw.",B,1_1,temporomandibular joint,http://purl.obolibrary.org/obo/UBERON_0003700,12,"Health & Medicine, International Classification of Disease Ontology"
"In the ontology of International Classification of Disease, which of the following definitions best describes 'pathological transformation'?","A. A pathological bodily process in which matter is reorganized in such a way as to give rise to new pathological formations which take the place of entities existing earlier.

B. TODO: Define.

C. A bodily process that is clinically abnormal.

D. A pathological bodily process in which a canonical anatomical structure becomes a pathological anatomical structure.",D,1_1,pathological transformation,http://purl.obolibrary.org/obo/OGMS_0000080,6,"Health & Medicine, International Classification of Disease Ontology"
"In the ontology of International Classification of Disease, which of the following definitions best describes 'pathological derivation'?","A. A bodily process that is clinically abnormal.

B. Disease process is the progression disease in an individual over time. The process begins with the appropriate exposure to or accumulation of factors sufficient for the disease process to begin in a susceptible host. For an infectious disease, the exposure is a microorganism. For cancer, the exposure may be a factor that initiates the process, such as asbestos fibers or components in tobacco smoke (for lung cancer), or one that promotes the process, such as estrogen (for endometrial cancer).

C. TODO: Define.

D. A pathological bodily process in which matter is reorganized in such a way as to give rise to new pathological formations which take the place of entities existing earlier.",D,1_1,pathological derivation,http://purl.obolibrary.org/obo/OGMS_0000081,6,"Health & Medicine, International Classification of Disease Ontology"
"In the ontology of International Classification of Disease, which of the following definitions best describes 'duration'?","A. A process quality inhering in a bearer by virtue of the bearer's magnitude of the temporal extent between the starting and ending point.

B. developed after birth : not congenital or hereditary

C. A structural quality inhering in a bearer by virtue of the bearer's touching another entity.

D. developed after birth : not congenital or hereditary",A,1_1,duration,http://purl.obolibrary.org/obo/PATO_0001309,7,"Health & Medicine, International Classification of Disease Ontology"
"In the ontology of International Classification of Disease, which of the following definitions best describes 'process quality'?","A. Muscle structures are contractile cells, tissues or organs that are found in multicellular organisms[GO].

B. A quality which inheres in a continuant.

C. A quality which inheres in an process.

D. b is a relational quality = Def. for some independent continuants c, d and for some time t: b quality_of c at t & b quality_of d at t. (axiom label in BFO2 Reference: [057-001])",C,1_1,process quality,http://purl.obolibrary.org/obo/PATO_0001236,5,"Health & Medicine, International Classification of Disease Ontology"
"In the ontology of International Classification of Disease, which of the following definitions best describes 'neoplastic'?","A. A structural quality inhering in a bearer by virtue of the bearer's being drawn together, compressed or squeezed physically.

B. A disposition inhering in a tumour by virtue of the bearer's disposition to progress, invade surrounding tissues or metastasize.

C. A structural quality which is held by a bearer when the latter's disposition the presence of abnormally proliferating masses of cells.

D. A morphology quality inhering in a bearer by virtue of the bearer's relative position, shape, arrangements and connectivity of an organism's various parts; the pattern underlying its form.",C,1_1,neoplastic,http://purl.obolibrary.org/obo/PATO_0002011,8,"Health & Medicine, International Classification of Disease Ontology"
"In the ontology of International Classification of Disease, which of the following definitions best describes 'nose'?","A. The soft lower part of the external ear, projecting below the antitragus.

B. The olfactory organ of vertebrates, consisting of nares, olfactory epithelia and the structures and skeletal framework of the nasal cavity.

C. The brain is the center of the nervous system in all vertebrate, and most invertebrate, animals. Some primitive animals such as jellyfish and starfish have a decentralized nervous system without a brain, while sponges lack any nervous system at all. In vertebrates, the brain is located in the head, protected by the skull and close to the primary sensory apparatus of vision, hearing, balance, taste, and smell[WP].

D. A synovial joint of the jaw that connects the mandible to the temporal bone.",B,1_1,nose,http://purl.obolibrary.org/obo/UBERON_0000004,10,"Health & Medicine, International Classification of Disease Ontology"
"In the ontology of International Classification of Disease, which of the following definitions best describes 'olfactory organ'?","A. An organ that detects light.

B. An organ that is capable of transducing sensory stimulus to the nervous system.

C. The olfactory organ of vertebrates, consisting of nares, olfactory epithelia and the structures and skeletal framework of the nasal cavity.

D. An organ that houses olfactory neurons and is responsible for the sense of smell. Examples include the vertebrate nose and the Drosophila dorsal organ.",D,1_1,olfactory organ,http://purl.obolibrary.org/obo/UBERON_0002268,9,"Health & Medicine, International Classification of Disease Ontology"
"In the ontology of International Classification of Disease, which of the following definitions best describes 'tube'?","A. Any hollow cylindrical anatomical structure containing a lumen through which substances are transported.

B. An airway through which respiratory air passes in organisms.

C. Any tube, opening or passage that connects two distinct anatomical spaces.

D. A tubular structure that contains, conveys body fluid, such as blood or lymph.",A,1_1,tube,http://purl.obolibrary.org/obo/UBERON_0000025,8,"Health & Medicine, International Classification of Disease Ontology"
"In the ontology of International Classification of Disease, which of the following definitions best describes 'subdivision of organism along main body axis'?","A. Anatomical structure which is a subdivision of a whole organism, consisting of components of multiple anatomical systems, largely surrounded by a contiguous region of integument.

B. A major subdivision of an organism that divides an organism along its main body axis (typically anterio-posterior axis). In vertebrates, this is based on the vertebral column.

C. The head is the anterior-most division of the body [GO].

D. The olfactory organ of vertebrates, consisting of nares, olfactory epithelia and the structures and skeletal framework of the nasal cavity.",B,1_1,subdivision of organism along main body axis,http://purl.obolibrary.org/obo/UBERON_0011676,8,"Health & Medicine, International Classification of Disease Ontology"
"In the ontology of International Classification of Disease, which of the following definitions best describes 'serous membrane'?","A. multi-tissue structure that is comprised of a secretory epithelial layer (mesothelium) and a connective tissue layer.

B. Muscle tissue is a contractile tissue made up of actin and myosin fibers[GO].

C. Anatomical structure that has as its parts two or more portions of tissue of at least two different types and which through specific morphogenetic processes forms a single distinct structural unit demarcated by bona-fide boundaries from other distinct structural units of different types.

D. The invaginated serous membrane that surrounds the lungs (the visceral portion) and lines the walls of the pleural cavity (parietal portion).",A,1_1,serous membrane,http://purl.obolibrary.org/obo/UBERON_0000042,8,"Health & Medicine, International Classification of Disease Ontology"
"In the ontology of International Classification of Disease, which of the following definitions best describes 'multi-tissue structure'?","A. multi-tissue structure that is comprised of a secretory epithelial layer (mesothelium) and a connective tissue layer.

B. Anatomical structure that has as its parts two or more portions of tissue of at least two different types and which through specific morphogenetic processes forms a single distinct structural unit demarcated by bona-fide boundaries from other distinct structural units of different types.

C. Any tube, opening or passage that connects two distinct anatomical spaces.

D. Any anatomical structure that is part of the reproductive system.",B,1_1,multi-tissue structure,http://purl.obolibrary.org/obo/UBERON_0000481,7,"Health & Medicine, International Classification of Disease Ontology"
"In the ontology of International Classification of Disease, which of the following definitions best describes 'respiratory tract'?","A. An section of a respiratory tract.

B. An anatomical structure that develops from the endoderm and the mesoderm.

C. An anatomical structure that develops (entirely or partially) from the endoderm.

D. Anatomical structure that is part of the respiratory system. In mammals consists of upper and lower tracts",D,1_1,respiratory tract,http://purl.obolibrary.org/obo/UBERON_0000065,10,"Health & Medicine, International Classification of Disease Ontology"
"In the ontology of International Classification of Disease, which of the following definitions best describes 'endoderm-derived structure'?","A. An anatomical structure that develops (entirely or partially) from the ectoderm.

B. An anatomical structure that has some part that develops from the neural crest.

C. An anatomical structure that develops (entirely or partially) from the endoderm.

D. Respiration organ that develops as an outpocketing of the esophagus.",C,1_1,endoderm-derived structure,http://purl.obolibrary.org/obo/UBERON_0004119,6,"Health & Medicine, International Classification of Disease Ontology"
"In the ontology of International Classification of Disease, which of the following definitions best describes 'proximo-distal subdivision of respiratory tract'?","A. An anatomical structure that develops from the endoderm and the mesoderm.

B. Anatomical structure that is part of the respiratory system. In mammals consists of upper and lower tracts

C. An section of a respiratory tract.

D. A section through the tube or network of tubes that connects the ovaries to the outside of the body.",C,1_1,proximo-distal subdivision of respiratory tract,http://purl.obolibrary.org/obo/UBERON_0000072,9,"Health & Medicine, International Classification of Disease Ontology"
"In the ontology of International Classification of Disease, which of the following definitions best describes 'subdivision of skeletal system'?","A. Anatomical structure that is part of the head consisting entirely of cranium and mandible[WP].

B. Organ consisting of skeletal tissue. Encompasses whole bones, fused bones, cartilaginious elements, teeth, dermal denticles.

C. A subdivision of an anatomical system.

D. Anatomical cluster consisting of the skeletal elements and articular elements that are part of an individual subdivision of the organism.",D,1_1,subdivision of skeletal system,http://purl.obolibrary.org/obo/UBERON_0000075,8,"Health & Medicine, International Classification of Disease Ontology"
"In the ontology of International Classification of Disease, which of the following definitions best describes 'organ system subdivision'?","A. Anatomical structure which is a subdivision of a whole organism, consisting of components of multiple anatomical systems, largely surrounded by a contiguous region of integument.

B. An multicellular anatomical structure that has subparts of multiple organs as a part.

C. A subdivision of an anatomical system.

D. A region or zone on the surface of an organism that encompasses skin and any adnexa, down through muscles and bounded by underlying skeletal support structures.",C,1_1,organ system subdivision,http://purl.obolibrary.org/obo/UBERON_0011216,7,"Health & Medicine, International Classification of Disease Ontology"
"In the ontology of International Classification of Disease, which of the following definitions best describes 'mixed endoderm/mesoderm-derived structure'?","A. distensible musculomembranous organ situated in the anterior part of the pelvic cavity in which urine collects before excretion[MP].

B. An exocrine gland which secretes bile and functions in metabolism of protein and carbohydrate and fat, synthesizes substances involved in the clotting of the blood, synthesizes vitamin A, detoxifies poisonous substances, stores glycogen, and breaks down worn-out erythrocytes[GO].

C. An anatomical structure that develops (entirely or partially) from the mesoderm.

D. An anatomical structure that develops from the endoderm and the mesoderm.",D,1_1,mixed endoderm/mesoderm-derived structure,http://purl.obolibrary.org/obo/UBERON_0000077,7,"Health & Medicine, International Classification of Disease Ontology"
"In the ontology of International Classification of Disease, which of the following definitions best describes 'neuron projection bundle'?","A. A group of axons linking two or more neuropils and having a common origin, termination[FBbt].

B. A fasciculated bundle of neuron projections (GO:0043005), largely or completely lacking synapses.

C. A structure consisting of multiple cell components but which is not itself a cell and does not have (complete) cells as a part.

D. A multi cell part structure that is part of a central nervous system.",B,1_1,neuron projection bundle,http://purl.obolibrary.org/obo/UBERON_0000122,8,"Health & Medicine, International Classification of Disease Ontology"
"In the ontology of International Classification of Disease, which of the following definitions best describes 'pair of lungs'?","A. when your temperature rises above its normal range

B. is a condition in which an orifice or passage in the body is (usually abnormally) closed or absent. Examples of atresia include: Biliary atresia, a condition in newborns in which the common bile duct between the liver and the small intestine is blocked or absent.

C. A collection of anatomical structures that are alike in terms of their morphology or developmental origin.

D. The pair of anatomical structures comprised of a left lung and right lung.",D,1_1,pair of lungs,http://purl.obolibrary.org/obo/UBERON_0000170,8,"Health & Medicine, International Classification of Disease Ontology"
"In the ontology of International Classification of Disease, which of the following definitions best describes 'breast'?","A. In anatomy, the throat is the anterior part of the neck, in front of the vertebral column. It consists of the pharynx and larynx. An important feature of the throat is the epiglottis, a flap which separates the esophagus from the trachea and prevents inhalation of food or drink. The throat contains various blood vessels, various pharyngeal muscles, the trachea (windpipe) and the esophagus. The hyoid bone and the clavicle are the only bones located in the throat of mammals. It is sometimes considered a synonym for fauces. [WP,unvetted].

B. The soft lower part of the external ear, projecting below the antitragus.

C. The upper ventral region of the torso of an organism.

D. A region or zone on the surface of an organism that encompasses skin and any adnexa, down through muscles and bounded by underlying skeletal support structures.",C,1_1,breast,http://purl.obolibrary.org/obo/UBERON_0000310,8,"Health & Medicine, International Classification of Disease Ontology"
"In the ontology of International Classification of Disease, which of the following definitions best describes 'throat'?","A. The upper ventral region of the torso of an organism.

B. In anatomy, the throat is the anterior part of the neck, in front of the vertebral column. It consists of the pharynx and larynx. An important feature of the throat is the epiglottis, a flap which separates the esophagus from the trachea and prevents inhalation of food or drink. The throat contains various blood vessels, various pharyngeal muscles, the trachea (windpipe) and the esophagus. The hyoid bone and the clavicle are the only bones located in the throat of mammals. It is sometimes considered a synonym for fauces. [WP,unvetted].

C. The soft lower part of the external ear, projecting below the antitragus.

D. A region or zone on the surface of an organism that encompasses skin and any adnexa, down through muscles and bounded by underlying skeletal support structures.",B,1_1,throat,http://purl.obolibrary.org/obo/UBERON_0000341,8,"Health & Medicine, International Classification of Disease Ontology"
"In the ontology of International Classification of Disease, which of the following definitions best describes 'organism substance'?","A. A collection of anatomical structures that are alike in terms of their morphology or developmental origin.

B. A portion of organism substance that is produced by exocrine glands.

C. Anatomical entity that has mass.

D. Material anatomical entity in a gaseous, liquid, semisolid or solid state; produced by anatomical structures or derived from inhaled and ingested substances that have been modified by anatomical structures as they pass through the body.",D,1_1,organism substance,http://purl.obolibrary.org/obo/UBERON_0000463,7,"Health & Medicine, International Classification of Disease Ontology"
"In the ontology of International Classification of Disease, which of the following definitions best describes 'compound organ'?","A. An airway through which respiratory air passes in organisms.

B. An organ that is capable of transducing sensory stimulus to the nervous system.

C. Anatomical structure that performs a specific function or group of functions [WP].

D. Anatomical structure that has as its parts two or more multi-tissue structures of at least two different types and which through specific morphogenetic processes forms a single distinct structural unit demarcated by bona fide boundaries from other distinct anatomical structures of different types.",D,1_1,compound organ,http://purl.obolibrary.org/obo/UBERON_0003103,8,"Health & Medicine, International Classification of Disease Ontology"
"In the ontology of International Classification of Disease, which of the following definitions best describes 'food storage organ'?","A. An expanded region of the vertebrate alimentary tract that serves as a food storage compartment and digestive organ. A stomach is lined, in whole or in part by a glandular epithelium.

B. Any of the organs or elements that are part of the digestive system. Examples: tongue, esophagus, spleen, crop, lunge feeding organ, tooth elements.

C. An organ of the digestive tract that is capable of retaining and storing food

D. Subdivision of digestive tract that connects the stomach to the large intestine and is where much of the digestion and absorption of food takes place (with the exception of ruminants). The mammalian small intestine is long and coiled and can be differentiated histologically into: duodenum, jejunem, ileum[WP,cjm,Kardong].",C,1_1,food storage organ,http://purl.obolibrary.org/obo/UBERON_0010039,9,"Health & Medicine, International Classification of Disease Ontology"
"In the ontology of International Classification of Disease, which of the following definitions best describes 'heart'?","A. A myogenic muscular circulatory organ found in the vertebrate cardiovascular system composed of chambers of cardiac muscle. It is the primary circulatory organ.

B. A synovial joint of the jaw that connects the mandible to the temporal bone.

C. A cardiac chamber surrounds an enclosed cavity within the heart

D. The soft lower part of the external ear, projecting below the antitragus.",A,1_1,heart,http://purl.obolibrary.org/obo/UBERON_0000948,11,"Health & Medicine, International Classification of Disease Ontology"
"In the ontology of International Classification of Disease, which of the following definitions best describes 'thoracic segment organ'?","A. An organ or element that is part of the adbominal segment of the organism. This region can be further subdivided into the abdominal cavity and the pelvic region.

B. A myogenic muscular circulatory organ found in the vertebrate cardiovascular system composed of chambers of cardiac muscle. It is the primary circulatory organ.

C. An organ or element that part of the trunk region. The trunk region can be further subdividied into thoracic (including chest and thoracic cavity) and abdominal (including abdomen and pelbis) regions.

D. An organ that part of the thoracic segment region. This region can be further subdividied chest and thoracic cavity regions.",D,1_1,thoracic segment organ,http://purl.obolibrary.org/obo/UBERON_0005181,9,"Health & Medicine, International Classification of Disease Ontology"
"In the ontology of International Classification of Disease, which of the following definitions best describes 'primary circulatory organ'?","A. Abdominal pain, also known as stomach pain or stomachache, is a common symptom associated with both temporary, non-serious disorders and more serious conditions.

B. A myogenic muscular circulatory organ found in the vertebrate cardiovascular system composed of chambers of cardiac muscle. It is the primary circulatory organ.

C. A hollow, muscular organ, which, by contracting rhythmically, keeps up the circulation of the blood or analogs[GO,modified].

D. A hollow, muscular organ, which, by contracting rhythmically, contributes to the circulation of lymph, blood or analogs. Examples: a chambered vertebrate heart; the tubular peristaltic heart of ascidians; the dorsal vessel of an insect; the lymoh heart of a reptile.",C,1_1,primary circulatory organ,http://purl.obolibrary.org/obo/UBERON_0007100,10,"Health & Medicine, International Classification of Disease Ontology"
"In the ontology of International Classification of Disease, which of the following definitions best describes 'brain'?","A. A tube running from the outer ear to the middle ear. The human ear canal extends from the pinna to the eardrum and is about 26 mm in length and 7 mm in diameter.

B. The brain is the center of the nervous system in all vertebrate, and most invertebrate, animals. Some primitive animals such as jellyfish and starfish have a decentralized nervous system without a brain, while sponges lack any nervous system at all. In vertebrates, the brain is located in the head, protected by the skull and close to the primary sensory apparatus of vision, hearing, balance, taste, and smell[WP].

C. An organ that is capable of transducing sensory stimulus to the nervous system.

D. Any portion of the organ that covers that body and consists of a layer of epidermis and a layer of dermis.",B,1_1,brain,http://purl.obolibrary.org/obo/UBERON_0000955,8,"Health & Medicine, International Classification of Disease Ontology"
"In the ontology of International Classification of Disease, which of the following definitions best describes 'eye'?","A. Sense organ in vertebrates that is specialized for the detection of sound, and the maintenance of balance. Includes the outer ear and middle ear, which collect and transmit sound waves; and the inner ear, which contains the organs of balance and (except in fish) hearing. Also includes the pinna, the visible part of the outer ear, present in some mammals.

B. An organ that houses olfactory neurons and is responsible for the sense of smell. Examples include the vertebrate nose and the Drosophila dorsal organ.

C. An organ that is capable of transducing sensory stimulus to the nervous system.

D. An organ that detects light.",D,1_1,eye,http://purl.obolibrary.org/obo/UBERON_0000970,9,"Health & Medicine, International Classification of Disease Ontology"
"In the ontology of International Classification of Disease, which of the following definitions best describes 'pleura'?","A. The invaginated serous membrane that surrounds the lungs (the visceral portion) and lines the walls of the pleural cavity (parietal portion).

B. An anatomical structure that develops from the endoderm and the mesoderm.

C. The prostate gland is a partly muscular, partly glandular body that is situated near the base of the mammalian male urethra and secretes an alkaline viscid fluid which is a major constituent of the ejaculatory fluid.

D. multi-tissue structure that is comprised of a secretory epithelial layer (mesothelium) and a connective tissue layer.",A,1_1,pleura,http://purl.obolibrary.org/obo/UBERON_0000977,9,"Health & Medicine, International Classification of Disease Ontology"
"In the ontology of International Classification of Disease, which of the following definitions best describes 'leg'?","A. A collection of two or more connected limb segments. Examples: arm (comprising stylopod and zeugopod regions).

B. occur when the bony block or vertebral body in the spine collapses, which can lead to severe pain, deformity and loss of height.

C. A limb segment that is part of a hindlimb.

D. The portion of the hindlimb that contains both the stylopod and zeugopod.",D,1_1,leg,http://purl.obolibrary.org/obo/UBERON_0000978,12,"Health & Medicine, International Classification of Disease Ontology"
"In the ontology of International Classification of Disease, which of the following definitions best describes 'multi-limb segment region'?","A. A major subdivision of an organism that divides an organism along an axis perpedicular to the main body anterior-posterior axis. In vertebrates, this is typically a fin or limb segment. In insects, this includes segments of appendages such as antennae, as well as segments of the insect leg.

B. The portion of the hindlimb that contains both the stylopod and zeugopod.

C. A collection of two or more connected limb segments. Examples: arm (comprising stylopod and zeugopod regions).

D. An appendage segment that is part of a limb/fin.",C,1_1,multi-limb segment region,http://purl.obolibrary.org/obo/UBERON_0006058,9,"Health & Medicine, International Classification of Disease Ontology"
"In the ontology of International Classification of Disease, which of the following definitions best describes 'skeletal joint'?","A. Anatomical cluster that consists of two or more adjacent skeletal structures, which may be interconnected by various types of tissue[VSAO].

B. a condition marked by a deficiency of red blood cells or of hemoglobin in the blood

C. Anatomical cluster that connects two or more adjacent skeletal elements or hardened body parts.

D. Joint in which the articulating bones or cartilages are connected by an articular capsule which encloses a synovial membrane and a synovial cavity. Examples: Temporomandibular joint, knee joint.[FMA]",A,1_1,skeletal joint,http://purl.obolibrary.org/obo/UBERON_0000982,9,"Health & Medicine, International Classification of Disease Ontology"
"In the ontology of International Classification of Disease, which of the following definitions best describes 'uterus'?","A. An acute infectious disorder of an unspecified site caused by gram positive or gram negative bacteria.

B. the female muscular organ of gestation in which the developing embryo or fetus is nourished until birth

C. A section through the tube or network of tubes that connects the ovaries to the outside of the body.

D. complication in mechanical design.function of internal and external prosthetic devices, implants and grafts",B,1_1,uterus,http://purl.obolibrary.org/obo/UBERON_0000995,10,"Health & Medicine, International Classification of Disease Ontology"
"In the ontology of International Classification of Disease, which of the following definitions best describes 'digestive system'?","A. Anatomical system that has as its parts the organs devoted to the ingestion, digestion, and assimilation of food and the discharge of residual wastes.

B. Anatomical system that consists of the muscular and skeletal systems.

C. organ system that passes nutrients (such as amino acids and electrolytes), gases, hormones, blood cells, etc. to and from cells in the body to help fight diseases and help stabilize body temperature and pH to maintain homeostasis[WP].

D. Anatomical system that consists of all blood and lymph vessels.",A,1_1,digestive system,http://purl.obolibrary.org/obo/UBERON_0001007,7,"Health & Medicine, International Classification of Disease Ontology"
"In the ontology of International Classification of Disease, which of the following definitions best describes 'esophagus'?","A. Any of the organs or elements that are part of the digestive system. Examples: tongue, esophagus, spleen, crop, lunge feeding organ, tooth elements.

B. Tube that connects the pharynx to the stomach. In mammals, the oesophagus connects the buccal cavity with the stomach. The stratified squamous non-keratinised epithelium lining the buccal cavity is continued through the pharynx down into the oesophagus. The lowest part of the oesophagus (ca. 2 cm) is lined with gastric mucosa and covered by peritoneum. The main body of the oesophagus is lined with small, simple mucous glands. Each gland opens into the lumen by a long duct which pierces the muscularis mucosae (Wilson and Washington, 1989). A sphincter is situated at the point where the oesophagus enters the stomach to prevent gastro-oesophageal reflux, i.e. to prevent acidic gastric contents from reaching stratified epithelia of the oesophagus, where they can cause inflammation and irritation (Wilson and Washington, 1989; Brown et al., 1993).

C. An expanded region of the vertebrate alimentary tract that serves as a food storage compartment and digestive organ. A stomach is lined, in whole or in part by a glandular epithelium.

D. Any gland that is part of the digestive system.",B,1_1,esophagus,http://purl.obolibrary.org/obo/UBERON_0001043,11,"Health & Medicine, International Classification of Disease Ontology"
"In the ontology of International Classification of Disease, which of the following definitions best describes 'thoracic cavity element'?","A. An organ or element that is in the thoracic cavity. Examples: lung, heart, longus colli.

B. An endoderm derived structure that produces precursors of digestive enzymes and blood glucose regulating enzymes[GO].

C. An organ that is located within the body cavity (or in its extension, in the scrotum); it consists of organ parts that are embryologically derived from endoderm, splanchnic mesoderm or intermediate mesoderm; together with other organs, the viscus constitutes the respiratory, gastrointestinal, urinary, reproductive and immune systems, or is the central organ of the cardiovascular system. Examples: heart, lung, esophagus, kidney, ovary, spleen.

D. A myogenic muscular circulatory organ found in the vertebrate cardiovascular system composed of chambers of cardiac muscle. It is the primary circulatory organ.",A,1_1,thoracic cavity element,http://purl.obolibrary.org/obo/UBERON_0005178,10,"Health & Medicine, International Classification of Disease Ontology"
"In the ontology of International Classification of Disease, which of the following definitions best describes 'skin of head'?","A. A zone of skin that is part of a external ear [Automatically generated definition].

B. A zone of skin that is part of a head [Automatically generated definition].

C. A zone of skin that is part of a craniocervical region.

D. Respiratory disorders, or lung diseases, are disorders such as asthma, cystic fibrosis, emphysema, lung cancer, mesothelioma, pulmonary hypertension, and tuberculosis.",B,1_1,skin of head,http://purl.obolibrary.org/obo/UBERON_0001084,11,"Health & Medicine, International Classification of Disease Ontology"
"In the ontology of International Classification of Disease, which of the following definitions best describes 'smooth muscle tissue'?","A. A quality which inheres in a continuant.

B. smooth muscle found within, and composing the majority of the wall of blood vessels.

C. Muscle tissue is a contractile tissue made up of actin and myosin fibers[GO].

D. Muscle tissue which is unstriated, composed primarily of smooth muscle fibers surrounded by a reticulum of collagen and elastic fibers. Smooth muscle differs from striated muscle in the much higher actin/myosin ratio, the absence of conspicuous sarcomeres and the ability to contract to a much smaller fraction of its resting length[GO].",D,1_1,smooth muscle tissue,http://purl.obolibrary.org/obo/UBERON_0001135,9,"Health & Medicine, International Classification of Disease Ontology"
"In the ontology of International Classification of Disease, which of the following definitions best describes 'urinary bladder'?","A. distensible musculomembranous organ situated in the anterior part of the pelvic cavity in which urine collects before excretion[MP].

B. An organ that is located within the body cavity (or in its extension, in the scrotum); it consists of organ parts that are embryologically derived from endoderm, splanchnic mesoderm or intermediate mesoderm; together with other organs, the viscus constitutes the respiratory, gastrointestinal, urinary, reproductive and immune systems, or is the central organ of the cardiovascular system. Examples: heart, lung, esophagus, kidney, ovary, spleen.

C. multi-tissue structure that is comprised of a secretory epithelial layer (mesothelium) and a connective tissue layer.

D. A myogenic muscular circulatory organ found in the vertebrate cardiovascular system composed of chambers of cardiac muscle. It is the primary circulatory organ.",A,1_1,urinary bladder,http://purl.obolibrary.org/obo/UBERON_0001255,11,"Health & Medicine, International Classification of Disease Ontology"
"In the ontology of International Classification of Disease, which of the following definitions best describes 'bladder organ'?","A. A paired organ of the urinary tract which has the production of urine as its primary function.

B. distensible musculomembranous organ situated in the anterior part of the pelvic cavity in which urine collects before excretion[MP].

C. Compound organ that contains one or more macroscopic anatomical spaces.

D. A membranous sac in animals that serves as the receptacle of a liquid or contains gas.",D,1_1,bladder organ,http://purl.obolibrary.org/obo/UBERON_0018707,10,"Health & Medicine, International Classification of Disease Ontology"
"In the ontology of International Classification of Disease, which of the following definitions best describes 'epididymis'?","A. the elongated structure connected to the posterior surface of the testis that transports, stores, and matures spermatozoa between testis and vas deferens

B. An anatomical structure that develops (entirely or partially) from the mesoderm.

C. An anatomical structure that develops from the endoderm and the mesoderm.

D. Any hollow cylindrical anatomical structure containing a lumen through which substances are transported.",A,1_1,epididymis,http://purl.obolibrary.org/obo/UBERON_0001301,11,"Health & Medicine, International Classification of Disease Ontology"
"In the ontology of International Classification of Disease, which of the following definitions best describes 'duct of male reproductive system'?","A. A tubular structure that transports secreted or excreted substances.

B. Any of the organized aggregations of cells that function as secretory or excretory organs and are associated with reproduction.

C. the elongated structure connected to the posterior surface of the testis that transports, stores, and matures spermatozoa between testis and vas deferens

D. Any of the ducts that are part of a male reproductive system.",D,1_1,duct of male reproductive system,http://purl.obolibrary.org/obo/UBERON_0005904,10,"Health & Medicine, International Classification of Disease Ontology"
"In the ontology of International Classification of Disease, which of the following definitions best describes 'skin of external ear'?","A. A two-lobed endocrine gland found in all vertebrates, located in front of and on either side of the trachea in humans, and producing various hormones, such as triiodothyronine and calcitonin[BTO].

B. A synovial joint of the jaw that connects the mandible to the temporal bone.

C. The olfactory organ of vertebrates, consisting of nares, olfactory epithelia and the structures and skeletal framework of the nasal cavity.

D. A zone of skin that is part of a external ear [Automatically generated definition].",D,1_1,skin of external ear,http://purl.obolibrary.org/obo/UBERON_0001459,12,"Health & Medicine, International Classification of Disease Ontology"
"In the ontology of International Classification of Disease, which of the following definitions best describes 'skeletal element'?","A. Organ consisting of skeletal tissue. Encompasses whole bones, fused bones, cartilaginious elements, teeth, dermal denticles.

B. The brain is the center of the nervous system in all vertebrate, and most invertebrate, animals. Some primitive animals such as jellyfish and starfish have a decentralized nervous system without a brain, while sponges lack any nervous system at all. In vertebrates, the brain is located in the head, protected by the skull and close to the primary sensory apparatus of vision, hearing, balance, taste, and smell[WP].

C. An organ or element that part of the trunk region. The trunk region can be further subdividied into thoracic (including chest and thoracic cavity) and abdominal (including abdomen and pelbis) regions.

D. Anatomical structure that has as its parts two or more multi-tissue structures of at least two different types and which through specific morphogenetic processes forms a single distinct structural unit demarcated by bona fide boundaries from other distinct anatomical structures of different types.",A,1_1,skeletal element,http://purl.obolibrary.org/obo/UBERON_0004765,8,"Health & Medicine, International Classification of Disease Ontology"
"In the ontology of International Classification of Disease, which of the following definitions best describes 'lower respiratory tract'?","A. An section of a respiratory tract.

B. Deficiency of a coagulation factor (proteins in the blood that help control bleeding) that is not caused by genetic alterations. Causes include vitamin k deficiency, amyloidosis, and severe liver disease.

C. the presence of bacteria or their toxins in the blood or tissues.

D. The segment of the respiratory tract that starts proximally with the trachea and includes all distal structures including the lungs[WP,modified]",D,1_1,lower respiratory tract,http://purl.obolibrary.org/obo/UBERON_0001558,10,"Health & Medicine, International Classification of Disease Ontology"
"In the ontology of International Classification of Disease, which of the following definitions best describes 'coronary artery'?","A. An artery of the systemic circulation, which is the part of the cardiovascular system which carries oxygenated blood away from the heart, to the body, and returns deoxygenated blood back to the heart.

B. Problem related to social environment

C. A blood vessel that is part of a heart [Automatically generated definition].

D. An artery that supplies the myocardium.",D,1_1,coronary artery,http://purl.obolibrary.org/obo/UBERON_0001621,13,"Health & Medicine, International Classification of Disease Ontology"
"In the ontology of International Classification of Disease, which of the following definitions best describes 'artery'?","A. An epithelial tube or tree of tibes that transports blood away from the heart[modified from AEO definition].

B. A blood vessel that is part of the arterial system. Includes artery, arteriole and aorta.

C. An artery of the systemic circulation, which is the part of the cardiovascular system which carries oxygenated blood away from the heart, to the body, and returns deoxygenated blood back to the heart.

D. A quality of a process inhering in a bearer by virtue of the bearer's having a sudden onset, sharp rise, and short course.",A,1_1,artery,http://purl.obolibrary.org/obo/UBERON_0001637,11,"Health & Medicine, International Classification of Disease Ontology"
"In the ontology of International Classification of Disease, which of the following definitions best describes 'lateral structure'?","A. Part of the ear external to the tympanum (eardrum). It typically consists of a tube (the external auditory meatus) that directs sound waves on to the tympanum, and may also include the external pinna, which extends beyond the skull[GO].

B. An anatomical structure that has more than one cell as a part.

C. Respiration organ that develops as an outpocketing of the esophagus.

D. Any structure that is placed on one side of the left-right axis of a bilaterian.",D,1_1,lateral structure,http://purl.obolibrary.org/obo/UBERON_0015212,6,"Health & Medicine, International Classification of Disease Ontology"
"In the ontology of International Classification of Disease, which of the following definitions best describes 'blood vessel'?","A. distensible musculomembranous organ situated in the anterior part of the pelvic cavity in which urine collects before excretion[MP].

B. An anatomical structure that develops (entirely or partially) from the mesoderm.

C. A vessel through which blood circulates in the body.

D. multi-tissue structure that is comprised of a secretory epithelial layer (mesothelium) and a connective tissue layer.",C,1_1,blood vessel,http://purl.obolibrary.org/obo/UBERON_0001981,9,"Health & Medicine, International Classification of Disease Ontology"
"In the ontology of International Classification of Disease, which of the following definitions best describes 'thyroid gland'?","A. A synovial joint of the jaw that connects the mandible to the temporal bone.

B. An exocrine gland which secretes bile and functions in metabolism of protein and carbohydrate and fat, synthesizes substances involved in the clotting of the blood, synthesizes vitamin A, detoxifies poisonous substances, stores glycogen, and breaks down worn-out erythrocytes[GO].

C. Anatomical structure that is part of the respiratory system. In mammals consists of upper and lower tracts

D. A two-lobed endocrine gland found in all vertebrates, located in front of and on either side of the trachea in humans, and producing various hormones, such as triiodothyronine and calcitonin[BTO].",D,1_1,thyroid gland,http://purl.obolibrary.org/obo/UBERON_0002046,10,"Health & Medicine, International Classification of Disease Ontology"
"In the ontology of International Classification of Disease, which of the following definitions best describes 'trunk region element'?","A. Organ that functions in gaseous exchange between an organism and its environment. In plants, microorganisms, and many small animals, air or water makes direct contact with the organism's cells or tissue fluids, and the processes of diffusion supply the organism with dioxygen (O2) and remove carbon dioxide (CO2). In larger animals the efficiency of gaseous exchange is improved by specialized respiratory organs, such as lungs and gills, which are ventilated by breathing mechanisms.

B. An organ or element that part of the trunk region. The trunk region can be further subdividied into thoracic (including chest and thoracic cavity) and abdominal (including abdomen and pelbis) regions.

C. An organ or element that is part of the adbominal segment of the organism. This region can be further subdivided into the abdominal cavity and the pelvic region.

D. Anatomical structure that has as its parts two or more multi-tissue structures of at least two different types and which through specific morphogenetic processes forms a single distinct structural unit demarcated by bona fide boundaries from other distinct anatomical structures of different types.",B,1_1,trunk region element,http://purl.obolibrary.org/obo/UBERON_0005177,8,"Health & Medicine, International Classification of Disease Ontology"
"In the ontology of International Classification of Disease, which of the following definitions best describes 'cardiac atrium'?","A. Any chamber of the left side of the heart

B. A cardiac chamber surrounds an enclosed cavity within the heart

C. Cardiac chamber through which blood leaves the heart.

D. Cardiac chamber in which blood enters the heart.",D,1_1,cardiac atrium,http://purl.obolibrary.org/obo/UBERON_0002081,9,"Health & Medicine, International Classification of Disease Ontology"
"In the ontology of International Classification of Disease, which of the following definitions best describes 'cardiac ventricle'?","A. Cardiac chamber through which blood leaves the heart.

B. A cardiac chamber surrounds an enclosed cavity within the heart

C. Cardiac chamber in which blood enters the heart.

D. Any chamber of the left side of the heart",A,1_1,cardiac ventricle,http://purl.obolibrary.org/obo/UBERON_0002082,9,"Health & Medicine, International Classification of Disease Ontology"
"In the ontology of International Classification of Disease, which of the following definitions best describes 'heart left ventricle'?","A. A structural quality inhering in a bearer by virtue of the bearer's being drawn together, compressed or squeezed physically.

B. A cardiac ventricle that is in the left side of the heart.

C. Cardiac chamber through which blood leaves the heart.

D. Any chamber of the left side of the heart",B,1_1,heart left ventricle,http://purl.obolibrary.org/obo/UBERON_0002084,10,"Health & Medicine, International Classification of Disease Ontology"
"In the ontology of International Classification of Disease, which of the following definitions best describes 'left cardiac chamber'?","A. A cardiac chamber surrounds an enclosed cavity within the heart

B. A synovial joint of the jaw that connects the mandible to the temporal bone.

C. Any chamber of the left side of the heart

D. Cardiac chamber in which blood enters the heart.",C,1_1,left cardiac chamber,http://purl.obolibrary.org/obo/UBERON_0035553,9,"Health & Medicine, International Classification of Disease Ontology"
"In the ontology of International Classification of Disease, which of the following definitions best describes 'liver'?","A. An organ or element that is in the abdomen. Examples: spleen, intestine, kidney, abdominal mammary gland.

B. A tube running from the outer ear to the middle ear. The human ear canal extends from the pinna to the eardrum and is about 26 mm in length and 7 mm in diameter.

C. Anatomical structure that is part of the respiratory system. In mammals consists of upper and lower tracts

D. An exocrine gland which secretes bile and functions in metabolism of protein and carbohydrate and fat, synthesizes substances involved in the clotting of the blood, synthesizes vitamin A, detoxifies poisonous substances, stores glycogen, and breaks down worn-out erythrocytes[GO].",D,1_1,liver,http://purl.obolibrary.org/obo/UBERON_0002107,11,"Health & Medicine, International Classification of Disease Ontology"
"In the ontology of International Classification of Disease, which of the following definitions best describes 'digestive system gland'?","A. Any of the organs or elements that are part of the digestive system. Examples: tongue, esophagus, spleen, crop, lunge feeding organ, tooth elements.

B. Any gland that is part of the digestive system.

C. Subdivision of digestive tract that connects the stomach to the large intestine and is where much of the digestion and absorption of food takes place (with the exception of ruminants). The mammalian small intestine is long and coiled and can be differentiated histologically into: duodenum, jejunem, ileum[WP,cjm,Kardong].

D. Endocrine glands are glands of the endocrine system that secrete their products directly into the circulatory system rather than through a duct.[WP, modified].",B,1_1,digestive system gland,http://purl.obolibrary.org/obo/UBERON_0006925,10,"Health & Medicine, International Classification of Disease Ontology"
"In the ontology of International Classification of Disease, which of the following definitions best describes 'small intestine'?","A. Segment of the alimentary canal extending from the stomach to the anus and, in humans and other mammals, consists of two segments, the small intestine and the large intestine.

B. Any gland that is part of the digestive system.

C. Tube that connects the pharynx to the stomach. In mammals, the oesophagus connects the buccal cavity with the stomach. The stratified squamous non-keratinised epithelium lining the buccal cavity is continued through the pharynx down into the oesophagus. The lowest part of the oesophagus (ca. 2 cm) is lined with gastric mucosa and covered by peritoneum. The main body of the oesophagus is lined with small, simple mucous glands. Each gland opens into the lumen by a long duct which pierces the muscularis mucosae (Wilson and Washington, 1989). A sphincter is situated at the point where the oesophagus enters the stomach to prevent gastro-oesophageal reflux, i.e. to prevent acidic gastric contents from reaching stratified epithelia of the oesophagus, where they can cause inflammation and irritation (Wilson and Washington, 1989; Brown et al., 1993).

D. Subdivision of digestive tract that connects the stomach to the large intestine and is where much of the digestion and absorption of food takes place (with the exception of ruminants). The mammalian small intestine is long and coiled and can be differentiated histologically into: duodenum, jejunem, ileum[WP,cjm,Kardong].",D,1_1,small intestine,http://purl.obolibrary.org/obo/UBERON_0002108,10,"Health & Medicine, International Classification of Disease Ontology"
"In the ontology of International Classification of Disease, which of the following definitions best describes 'prostate gland'?","A. An anatomical structure that develops from the endoderm and the mesoderm.

B. Any gland, other than the gonad, associated with the genital tract, such as the ampulla of the ductus deferens and the bulbourethral, prostate and vesicular glands of the male.

C. The prostate gland is a partly muscular, partly glandular body that is situated near the base of the mammalian male urethra and secretes an alkaline viscid fluid which is a major constituent of the ejaculatory fluid.

D. The invaginated serous membrane that surrounds the lungs (the visceral portion) and lines the walls of the pleural cavity (parietal portion).",C,1_1,prostate gland,http://purl.obolibrary.org/obo/UBERON_0002367,12,"Health & Medicine, International Classification of Disease Ontology"
"In the ontology of International Classification of Disease, which of the following definitions best describes 'male accessory sex gland'?","A. Any gland, other than the gonad, associated with the genital tract, such as the ampulla of the ductus deferens and the bulbourethral, prostate and vesicular glands of the male.

B. A sex gland that is part of a male reproductive system.

C. low amount of income (financial)

D. The prostate gland is a partly muscular, partly glandular body that is situated near the base of the mammalian male urethra and secretes an alkaline viscid fluid which is a major constituent of the ejaculatory fluid.",A,1_1,male accessory sex gland,http://purl.obolibrary.org/obo/UBERON_0010147,11,"Health & Medicine, International Classification of Disease Ontology"
"In the ontology of International Classification of Disease, which of the following definitions best describes 'skeletal tissue'?","A. Skeletal tissue with a collagen-rich extracellular matrix vascularized, mineralized with hydroxyapatite and typically including osteocytes located in lacunae that communicate with one another by cell processes (in canaliculi). Bone is deposited by osteoblasts.

B. Tissue with cells that deposit non-polarized extracellular matrix including connective tissue fibers and ground substance.

C. Skeletal tissue that is avascular, rich in glycosaminoglycans (GAGs) and typically includes chondrocytes within isolated lacunae. Cartilage tissue is deposited by chondroblasts.

D. A specialized form of connective tissue in which the extracellular matrix is firm, providing the tissue with resilience, and/or mineralized and that functions in mechanical and structural support.[VSAO]",D,1_1,skeletal tissue,http://purl.obolibrary.org/obo/UBERON_0004755,9,"Health & Medicine, International Classification of Disease Ontology"
"In the ontology of International Classification of Disease, which of the following definitions best describes 'bone tissue'?","A. Skeletal tissue that is avascular, rich in glycosaminoglycans (GAGs) and typically includes chondrocytes within isolated lacunae. Cartilage tissue is deposited by chondroblasts.

B. A disorder characterized by cessation of the pumping function of the heart.

C. Skeletal tissue with a collagen-rich extracellular matrix vascularized, mineralized with hydroxyapatite and typically including osteocytes located in lacunae that communicate with one another by cell processes (in canaliculi). Bone is deposited by osteoblasts.

D. A specialized form of connective tissue in which the extracellular matrix is firm, providing the tissue with resilience, and/or mineralized and that functions in mechanical and structural support.[VSAO]",C,1_1,bone tissue,http://purl.obolibrary.org/obo/UBERON_0002481,10,"Health & Medicine, International Classification of Disease Ontology"
"In the ontology of International Classification of Disease, which of the following definitions best describes 'coronary vessel'?","A. An anatomical structure that develops from the endoderm and the mesoderm.

B. distensible musculomembranous organ situated in the anterior part of the pelvic cavity in which urine collects before excretion[MP].

C. Any of the arteries or veins that supply blood to the heart or return blood from the heart muscles to the circulation

D. The femur neck or neck of the femur is a flattened pyramidal process of bone, connecting the femoral head with the femoral shaft, and forming with the latter a wide angle opening medialward.",C,1_1,coronary vessel,http://purl.obolibrary.org/obo/UBERON_0005985,9,"Health & Medicine, International Classification of Disease Ontology"
"In the ontology of International Classification of Disease, which of the following definitions best describes 'trunk blood vessel'?","A. A blood vessel that is part of a thorax [Automatically generated definition].

B. A blood vessel that is part of the arterial system. Includes artery, arteriole and aorta.

C. A vessel through which blood circulates in the body.

D. A blood vessel that is part of a trunk [Automatically generated definition].",D,1_1,trunk blood vessel,http://purl.obolibrary.org/obo/UBERON_0003513,10,"Health & Medicine, International Classification of Disease Ontology"
"In the ontology of International Classification of Disease, which of the following definitions best describes 'reproductive gland'?","A. Any anatomical structure that is part of the reproductive system.

B. A sex gland that is part of a male reproductive system.

C. A section through the tube or network of tubes that connects the ovaries to the outside of the body.

D. Any of the organized aggregations of cells that function as secretory or excretory organs and are associated with reproduction.",D,1_1,reproductive gland,http://purl.obolibrary.org/obo/UBERON_0003937,9,"Health & Medicine, International Classification of Disease Ontology"
"In the ontology of International Classification of Disease, which of the following definitions best describes 'reproductive structure'?","A. Any anatomical structure that is part of the reproductive system.

B. A subdivision of an anatomical system.

C. Any of the organized aggregations of cells that function as secretory or excretory organs and are associated with reproduction.

D. Any of the ducts that are part of a male reproductive system.",A,1_1,reproductive structure,http://purl.obolibrary.org/obo/UBERON_0005156,7,"Health & Medicine, International Classification of Disease Ontology"
"In the ontology of International Classification of Disease, which of the following definitions best describes 'blood vessel smooth muscle'?","A. Muscle tissue which is unstriated, composed primarily of smooth muscle fibers surrounded by a reticulum of collagen and elastic fibers. Smooth muscle differs from striated muscle in the much higher actin/myosin ratio, the absence of conspicuous sarcomeres and the ability to contract to a much smaller fraction of its resting length[GO].

B. Disease process is the progression disease in an individual over time. The process begins with the appropriate exposure to or accumulation of factors sufficient for the disease process to begin in a susceptible host. For an infectious disease, the exposure is a microorganism. For cancer, the exposure may be a factor that initiates the process, such as asbestos fibers or components in tobacco smoke (for lung cancer), or one that promotes the process, such as estrogen (for endometrial cancer).

C. smooth muscle found within, and composing the majority of the wall of blood vessels.

D. The prescense of diabetic ketoacidosis (body produces high levels of ketones and not enough insulin) in type 1 diabetic patients, resulting in a coma",C,1_1,blood vessel smooth muscle,http://purl.obolibrary.org/obo/UBERON_0004237,10,"Health & Medicine, International Classification of Disease Ontology"
"In the ontology of International Classification of Disease, which of the following definitions best describes 'arterial system'?","A. The part of the cardiovascular system consisting of all arteries.

B. is an acute infection typically with a skin rash, usually on any of the legs and toes, face, arms, and fingers.[1] It is an infection of the upper dermis and superficial lymphatics, usually caused by beta-hemolytic group A Streptococcus bacteria on scratches or otherwise infected areas.[2] Erysipelas is more superficial than cellulitis, and is typically more raised and demarcated.[1] The term is from Greek ἐρυσίπελας, meaning ""red skin"".

C. observation by doctors of suspected myocardial infarction (heart attack)

D. Anatomical system that consists of all blood and lymph vessels.",A,1_1,arterial system,http://purl.obolibrary.org/obo/UBERON_0004572,8,"Health & Medicine, International Classification of Disease Ontology"
"In the ontology of International Classification of Disease, which of the following definitions best describes 'vascular system'?","A. The part of the cardiovascular system consisting of all arteries.

B. Anatomical system that consists of all blood and lymph vessels.

C. Functional system which consists of structures involved in respiration.

D. Multicellular, connected anatomical structure that has multiple organs as parts and whose parts work together to achieve some shared function.",B,1_1,vascular system,http://purl.obolibrary.org/obo/UBERON_0007798,7,"Health & Medicine, International Classification of Disease Ontology"
"In the ontology of International Classification of Disease, which of the following definitions best describes 'zone of long bone'?","A. The femur neck or neck of the femur is a flattened pyramidal process of bone, connecting the femoral head with the femoral shaft, and forming with the latter a wide angle opening medialward.

B. pneumonia caused by other diseases

C. An organ part that is part of a long bone [Automatically generated definition].

D. the neck region of a bone organ.",C,1_1,zone of long bone,http://purl.obolibrary.org/obo/UBERON_0005055,10,"Health & Medicine, International Classification of Disease Ontology"
"In the ontology of International Classification of Disease, which of the following definitions best describes 'alimentary part of gastrointestinal system'?","A. Anatomical system that consists of all blood and lymph vessels.

B. Anatomical system that consists of the muscular and skeletal systems.

C. organ system that passes nutrients (such as amino acids and electrolytes), gases, hormones, blood cells, etc. to and from cells in the body to help fight diseases and help stabilize body temperature and pH to maintain homeostasis[WP].

D. The part of the digestive system that excludes the hepatobiliary system.",D,1_1,alimentary part of gastrointestinal system,http://purl.obolibrary.org/obo/UBERON_0005409,7,"Health & Medicine, International Classification of Disease Ontology"
"In the ontology of International Classification of Disease, which of the following definitions best describes 'subdivision of organism along appendicular axis'?","A. A major subdivision of an organism that divides an organism along an axis perpedicular to the main body anterior-posterior axis. In vertebrates, this is typically a fin or limb segment. In insects, this includes segments of appendages such as antennae, as well as segments of the insect leg.

B. A collection of two or more connected limb segments. Examples: arm (comprising stylopod and zeugopod regions).

C. A major subdivision of an organism that divides an organism along its main body axis (typically anterio-posterior axis). In vertebrates, this is based on the vertebral column.

D. Anatomical structure which is a subdivision of a whole organism, consisting of components of multiple anatomical systems, largely surrounded by a contiguous region of integument.",A,1_1,subdivision of organism along appendicular axis,http://purl.obolibrary.org/obo/UBERON_0010758,8,"Health & Medicine, International Classification of Disease Ontology"
"In the ontology of International Classification of Disease, which of the following definitions best describes 'circulatory organ'?","A. A hollow, muscular organ, which, by contracting rhythmically, keeps up the circulation of the blood or analogs[GO,modified].

B. A hollow, muscular organ, which, by contracting rhythmically, contributes to the circulation of lymph, blood or analogs. Examples: a chambered vertebrate heart; the tubular peristaltic heart of ascidians; the dorsal vessel of an insect; the lymoh heart of a reptile.

C. Compound organ that contains one or more macroscopic anatomical spaces.

D. Anatomical structure that has as its parts two or more multi-tissue structures of at least two different types and which through specific morphogenetic processes forms a single distinct structural unit demarcated by bona fide boundaries from other distinct anatomical structures of different types.",B,1_1,circulatory organ,http://purl.obolibrary.org/obo/UBERON_0015228,9,"Health & Medicine, International Classification of Disease Ontology"
"In the ontology of International Classification of Disease, which of the following definitions best describes 'neck of bone element'?","A. the neck region of a bone organ.

B. An organ part that is part of a long bone [Automatically generated definition].

C. An anatomical structure that develops (entirely or partially) from the ectoderm.

D. The femur neck or neck of the femur is a flattened pyramidal process of bone, connecting the femoral head with the femoral shaft, and forming with the latter a wide angle opening medialward.",A,1_1,neck of bone element,http://purl.obolibrary.org/obo/UBERON_0018664,10,"Health & Medicine, International Classification of Disease Ontology"
"In the ontology of International Classification of Disease, which of the following definitions best describes 'arterial blood'?","A. A fluid that is composed of blood plasma and erythrocytes.

B. A condition characterized by a dry, waxy type of swelling (edema) with abnormal deposits of mucopolysaccharides in the skin and other tissues. It is caused by a deficiency of thyroid hormones.

C. degeneration of the tissues of the hip joint, including hyaline cartilage, fibrocartilage, bone, and synovium

D. A blood that is part of a artery.",D,1_1,arterial blood,http://purl.obolibrary.org/obo/UBERON_0013755,11,"Health & Medicine, International Classification of Disease Ontology"
"In the ontology of International Classification of Disease, which of the following definitions best describes 'acculturation difficulty'?","A. a condition or factor that serves as a reason to withhold a certain medical treatment due to the harm that it would cause the patient.

B. patient under observation for other suspected diseases and conditions

C. having problems or an inability adapting to a new environment or culture

D. places one among the people considered obese, but also fall in the higher end of this category, meaning that gaining even more weight would put one in the danger of classifying as extremely obese",C,1_1,acculturation difficulty,http://purl.obolibrary.org/obo/icdo.owl#ICDO_0000375,8,"Health & Medicine, International Classification of Disease Ontology"
"In the ontology of International Classification of Disease, which of the following definitions best describes 'asymptomatic human immunodeficiency virus [HIV] infection status'?","A. Cancer that occurs in the stomach.

B. places one among the people considered obese, but also fall in the higher end of this category, meaning that gaining even more weight would put one in the danger of classifying as extremely obese

C. no symptoms, but HIV was found in patient's bloodstream

D. Encounter for other specified aftercare",C,1_1,asymptomatic human immunodeficiency virus [HIV] infection status,http://purl.obolibrary.org/obo/icdo.owl#ICDO_0000376,8,"Health & Medicine, International Classification of Disease Ontology"
"In the ontology of International Classification of Disease, which of the following definitions best describes 'blood transfusion without reported diagnosis'?","A. Encounter for other specified aftercare

B. no symptoms, but HIV was found in patient's bloodstream

C. patient needs assisstance with personal care

D. code that can be used to indicate a diagnosis for reimbursement purposes.	code that can be used to indicate a diagnosis for reimbursement purposes.",D,1_1,blood transfusion without reported diagnosis,http://purl.obolibrary.org/obo/icdo.owl#ICDO_0000377,8,"Health & Medicine, International Classification of Disease Ontology"
"In the ontology of International Classification of Disease, which of the following definitions best describes 'care involving use of other rehabilitation procedures'?","A. Care involving use of other rehabilitation procedures

B. code that can be used to indicate a diagnosis for reimbursement purposes.	code that can be used to indicate a diagnosis for reimbursement purposes.

C. a condition or factor that serves as a reason to withhold a certain medical treatment due to the harm that it would cause the patient.

D. medications used to treat cancer",A,1_1,care involving use of other rehabilitation procedures,http://purl.obolibrary.org/obo/icdo.owl#ICDO_0000378,8,"Health & Medicine, International Classification of Disease Ontology"
"In the ontology of International Classification of Disease, which of the following definitions best describes 'observation for suspected disease or condition, unspecified'?","A. Patient is thought to have been exposed to the virus in question

B. patient kept under observation for suspected disease/condition

C. large number of infections of the bowels including: cholera, typhoid fever, paratyphoid fever, other types of salmonella infections, shigellosis, botulism, gastroenteritis, and amoebiasis among others.

D. Patient was exposed to SARS-associated coronavirus",B,1_1,"observation for suspected disease or condition, unspecified",http://purl.obolibrary.org/obo/icdo.owl#ICDO_0000381,9,"Health & Medicine, International Classification of Disease Ontology"
"In the ontology of International Classification of Disease, which of the following definitions best describes 'counseling, unspecified'?","A. person is disabled physically or mentally, so they are in need of medical services

B. help with diet means the person is not eating healthy.

C. the provision of assistance and guidance in resolving personal, social, or psychological problems and difficulties, especially by a professional.

D. Care involving use of other rehabilitation procedures",C,1_1,"counseling, unspecified",http://purl.obolibrary.org/obo/icdo.owl#ICDO_0000382,8,"Health & Medicine, International Classification of Disease Ontology"
"In the ontology of International Classification of Disease, which of the following definitions best describes 'other specified counseling'?","A. help with diet means the person is not eating healthy.

B. a medical diagnosis of other specified counseling

C. A cardiac chamber surrounds an enclosed cavity within the heart

D. the provision of assistance and guidance in resolving personal, social, or psychological problems and difficulties, especially by a professional.",B,1_1,other specified counseling,http://purl.obolibrary.org/obo/icdo.owl#ICDO_0000384,9,"Health & Medicine, International Classification of Disease Ontology"
"In the ontology of International Classification of Disease, which of the following definitions best describes 'encounter for observation for other suspected diseases and conditions ruled out'?","A. encounter for observation due to suspected exposure to biological agents

B. patient under observation for other suspected diseases and conditions

C. a medical procedure — either temporary or permanent — that involves creating an opening in the neck in order to place a tube into a person's windpipe.

D. a medical diagnosis of person with feared health complaint in whom no diagnosis is made.",B,1_1,encounter for observation for other suspected diseases and conditions ruled out,http://purl.obolibrary.org/obo/icdo.owl#ICDO_0000386,8,"Health & Medicine, International Classification of Disease Ontology"
"In the ontology of International Classification of Disease, which of the following definitions best describes 'encounter for observation for suspected exposure to other biological agents ruled out'?","A. encounter for observation due to suspected exposure to biological agents

B. Care involving use of other rehabilitation procedures

C. no symptoms, but HIV was found in patient's bloodstream

D. describes the circumstance causing an injury",A,1_1,encounter for observation for suspected exposure to other biological agents ruled out,http://purl.obolibrary.org/obo/icdo.owl#ICDO_0000387,8,"Health & Medicine, International Classification of Disease Ontology"
"In the ontology of International Classification of Disease, which of the following definitions best describes 'encounter for fitting and adjustment of extracorporeal dialysis catheter'?","A. Encounter for fitting and adjustment of extracorporeal dialysis catheter

B. improves the quality of life of patients and their families facing the problem associated with life-threatening illness

C. Encounter for other specified aftercare

D. an occurance that requires attention to a gastrostomy procedure",A,1_1,encounter for fitting and adjustment of extracorporeal dialysis catheter,http://purl.obolibrary.org/obo/icdo.owl#ICDO_0000389,9,"Health & Medicine, International Classification of Disease Ontology"
"In the ontology of International Classification of Disease, which of the following definitions best describes 'encounter for fitting and adjustment of urinary device'?","A. unirary device needs replacement

B. Encounter for fitting and adjustment of extracorporeal dialysis catheter

C. Follow-up examination after other treatment for other conditions

D. Patient had implanted devices managed and adjusted",A,1_1,encounter for fitting and adjustment of urinary device,http://purl.obolibrary.org/obo/icdo.owl#ICDO_0000390,9,"Health & Medicine, International Classification of Disease Ontology"
"In the ontology of International Classification of Disease, which of the following definitions best describes 'encounter for palliative care'?","A. unirary device needs replacement

B. improves the quality of life of patients and their families facing the problem associated with life-threatening illness

C. Encounter for other specified aftercare

D. an occurance that requires attention to a tracheostomy procedure",B,1_1,encounter for palliative care,http://purl.obolibrary.org/obo/icdo.owl#ICDO_0000391,9,"Health & Medicine, International Classification of Disease Ontology"
"In the ontology of International Classification of Disease, which of the following definitions best describes 'follow-up examination after other treatment for other conditions'?","A. unirary device needs replacement

B. Follow-up examination after other treatment for other conditions

C. Encounter for other specified aftercare

D. Encounter for fitting and adjustment of extracorporeal dialysis catheter",B,1_1,follow-up examination after other treatment for other conditions,http://purl.obolibrary.org/obo/icdo.owl#ICDO_0000392,9,"Health & Medicine, International Classification of Disease Ontology"
"In the ontology of International Classification of Disease, which of the following definitions best describes 'encounter for screening for respiratory disorder NEC'?","A. screening for respiratory condition

B. screening is done to prevent a disease or to help identify the disease.

C. Patient had a viral disease screening done

D. is inflammation (swelling and irritation) of the epididymis, a tube at the back of the testicle that carries sperm",A,1_1,encounter for screening for respiratory disorder NEC,http://purl.obolibrary.org/obo/icdo.owl#ICDO_0000394,9,"Health & Medicine, International Classification of Disease Ontology"
"In the ontology of International Classification of Disease, which of the following definitions best describes 'need for assistance at home and no other household member able to render care'?","A. the patient needs help living everyday life at home.

B. Lack of familial support

C. Continous supervision needed, problems related to care provider dependency

D. problems related to dependency on health care providers",A,1_1,need for assistance at home and no other household member able to render care,http://purl.obolibrary.org/obo/icdo.owl#ICDO_0000399,9,"Health & Medicine, International Classification of Disease Ontology"
"In the ontology of International Classification of Disease, which of the following definitions best describes 'reduced mobility'?","A. patient whose mobility is reduced

B. patient needs assisstance with personal care

C. the patient needs help living everyday life at home.

D. Lack of familial support",A,1_1,reduced mobility,http://purl.obolibrary.org/obo/icdo.owl#ICDO_0000400,9,"Health & Medicine, International Classification of Disease Ontology"
"In the ontology of International Classification of Disease, which of the following definitions best describes 'other long term (current) drug therapy'?","A. may be used to specify diseases

B. person is disabled physically or mentally, so they are in need of medical services

C. a procedure used to widen blocked or narrowed coronary arteries

D. Therapeutic drug induced immunosuppression, long term use",D,1_1,other long term (current) drug therapy,http://purl.obolibrary.org/obo/icdo.owl#ICDO_0000403,9,"Health & Medicine, International Classification of Disease Ontology"
"In the ontology of International Classification of Disease, which of the following definitions best describes 'presence of coronary angioplasty implant and graft'?","A. a procedure used to widen blocked or narrowed coronary arteries

B. may be used to specify diseases

C. Has bone/tendon implants in body

D. person is disabled physically or mentally, so they are in need of medical services",A,1_1,presence of coronary angioplasty implant and graft,http://purl.obolibrary.org/obo/icdo.owl#ICDO_0000404,9,"Health & Medicine, International Classification of Disease Ontology"
"In the ontology of International Classification of Disease, which of the following definitions best describes 'presence of orthopedic joint implants'?","A. Therapeutic drug induced immunosuppression, long term use

B. a procedure used to widen blocked or narrowed coronary arteries

C. Presence of implant into the urethra to help control urine leakage (foley catheter, ureteral stent, pessary, etc).

D. may be used to specify diseases",D,1_1,presence of orthopedic joint implants,http://purl.obolibrary.org/obo/icdo.owl#ICDO_0000405,9,"Health & Medicine, International Classification of Disease Ontology"
"In the ontology of International Classification of Disease, which of the following definitions best describes 'presence of other cardiac and vascular implants and grafts'?","A. Presence of implant into the urethra to help control urine leakage (foley catheter, ureteral stent, pessary, etc).

B. may be used to specify diseases

C. person is disabled physically or mentally, so they are in need of medical services

D. a surgical procedure that redirects blood flow from one area of the body to another by reconnecting the blood vessels",D,1_1,presence of other cardiac and vascular implants and grafts,http://purl.obolibrary.org/obo/icdo.owl#ICDO_0000406,9,"Health & Medicine, International Classification of Disease Ontology"
"In the ontology of International Classification of Disease, which of the following definitions best describes 'problems related to living alone'?","A. someone that lives alone is more keen to become stressed, bored, or other mental states

B. a medical procedure — either temporary or permanent — that involves creating an opening in the neck in order to place a tube into a person's windpipe.

C. patient under observation for other suspected diseases and conditions

D. no symptoms, but HIV was found in patient's bloodstream",A,1_1,problems related to living alone,http://purl.obolibrary.org/obo/icdo.owl#ICDO_0000407,8,"Health & Medicine, International Classification of Disease Ontology"
"In the ontology of International Classification of Disease, which of the following definitions best describes 'person with feared health complaint in whom no diagnosis is made'?","A. places one among the people considered obese, but also fall in the higher end of this category, meaning that gaining even more weight would put one in the danger of classifying as extremely obese

B. a medical diagnosis of person with feared health complaint in whom no diagnosis is made.

C. Actions done to prevent a disease or to relieve a symptom i.e.: Surgery to remove blood clots

D. describes the circumstance causing an injury",B,1_1,person with feared health complaint in whom no diagnosis is made,http://purl.obolibrary.org/obo/icdo.owl#ICDO_0000410,8,"Health & Medicine, International Classification of Disease Ontology"
"In the ontology of International Classification of Disease, which of the following definitions best describes 'nosocomial condition'?","A. encounter for observation due to suspected exposure to biological agents

B. describes the circumstance causing an injury

C. Patient is thought to have been exposed to the virus in question

D. the provision of assistance and guidance in resolving personal, social, or psychological problems and difficulties, especially by a professional.",B,1_1,nosocomial condition,http://purl.obolibrary.org/obo/icdo.owl#ICDO_0000411,8,"Health & Medicine, International Classification of Disease Ontology"
"In the ontology of International Classification of Disease, which of the following definitions best describes 'abnormal electrocardiogram'?","A. abnormal results from cardiogram

B. high LDH levels indicate tissue damage.

C. Abnormally rapid heartbeat, usually with a heart rate above 100 beats per minute for adults.

D. blood tests have found abnormalities of protiens in the blood which can indicate clues for a potential ilness",A,1_1,abnormal electrocardiogram,http://purl.obolibrary.org/obo/icdo.owl#ICDO_0000412,9,"Health & Medicine, International Classification of Disease Ontology"
"In the ontology of International Classification of Disease, which of the following definitions best describes 'abnormal levels of other serum enzymes'?","A. Uremia resulting not from primary renal disease but from disturbances in circulation, fluid balance, or metabolism arising in other parts of the body.

B. Oliguria is defined as a urine output that is less than 400 mL/24 h or less than 17 mL/h in adults. Anuria is defined as urine output that is less than 100 mL/24 h or 0 mL/12 h.

C. A disorder characterized by elevation of the body's temperature above the upper limit of normal

D. this abnormal level indicates damage to the liver",D,1_1,abnormal levels of other serum enzymes,http://purl.obolibrary.org/obo/icdo.owl#ICDO_0000415,9,"Health & Medicine, International Classification of Disease Ontology"
"In the ontology of International Classification of Disease, which of the following definitions best describes 'abnormal results of liver function studies'?","A. tests on the patients liver have given results that are abnormal

B. could be a sign of bowel cancer

C. blood tests have found abnormalities of protiens in the blood which can indicate clues for a potential ilness

D. blood pressure above 120/80 mm",A,1_1,abnormal results of liver function studies,http://purl.obolibrary.org/obo/icdo.owl#ICDO_0000416,9,"Health & Medicine, International Classification of Disease Ontology"
"In the ontology of International Classification of Disease, which of the following definitions best describes 'anuria and oliguria'?","A. chemistry tests are used to diagnose many conditions and diseases

B. Oliguria is defined as a urine output that is less than 400 mL/24 h or less than 17 mL/h in adults. Anuria is defined as urine output that is less than 100 mL/24 h or 0 mL/12 h.

C. blood pressure above 120/80 mm

D. Uncommon severe weight loss for an unspecified cause",B,1_1,anuria and oliguria,http://purl.obolibrary.org/obo/icdo.owl#ICDO_0000417,9,"Health & Medicine, International Classification of Disease Ontology"
"In the ontology of International Classification of Disease, which of the following definitions best describes 'bradycardia, unspecified'?","A. Oliguria is defined as a urine output that is less than 400 mL/24 h or less than 17 mL/h in adults. Anuria is defined as urine output that is less than 100 mL/24 h or 0 mL/12 h.

B. Uremia resulting not from primary renal disease but from disturbances in circulation, fluid balance, or metabolism arising in other parts of the body.

C. Excessive slowness in the action of the heart

D. this abnormal level indicates damage to the liver",C,1_1,"bradycardia, unspecified",http://purl.obolibrary.org/obo/icdo.owl#ICDO_0000418,9,"Health & Medicine, International Classification of Disease Ontology"
"In the ontology of International Classification of Disease, which of the following definitions best describes 'change in bowel habit'?","A. A condition characterized by alterations of the sense of taste which may range from mild to severe, including gross distortions of taste quality.

B. abnormal results from cardiogram

C. Abnormally rapid heartbeat, usually with a heart rate above 100 beats per minute for adults.

D. could be a sign of bowel cancer",D,1_1,change in bowel habit,http://purl.obolibrary.org/obo/icdo.owl#ICDO_0000419,9,"Health & Medicine, International Classification of Disease Ontology"
"In the ontology of International Classification of Disease, which of the following definitions best describes 'nonspecific elevation of levels of transaminase and lactic acid dehydrogenase'?","A. signs such as jaw pain or chills that help identify the disease

B. a deviation from normal walking (gait)

C. could be a sign of bowel cancer

D. high LDH levels indicate tissue damage.",D,1_1,nonspecific elevation of levels of transaminase and lactic acid dehydrogenase,http://purl.obolibrary.org/obo/icdo.owl#ICDO_0000421,9,"Health & Medicine, International Classification of Disease Ontology"
"In the ontology of International Classification of Disease, which of the following definitions best describes 'other abnormalities of gait and mobility'?","A. a deviation from normal walking (gait)

B. signs such as jaw pain or chills that help identify the disease

C. A disorder characterized by elevation of the body's temperature above the upper limit of normal

D. Uncommon severe weight loss for an unspecified cause",A,1_1,other abnormalities of gait and mobility,http://purl.obolibrary.org/obo/icdo.owl#ICDO_0000422,9,"Health & Medicine, International Classification of Disease Ontology"
"In the ontology of International Classification of Disease, which of the following definitions best describes 'other specified abnormalities of plasma proteins'?","A. this abnormal level indicates damage to the liver

B. Excessive slowness in the action of the heart

C. blood tests have found abnormalities of protiens in the blood which can indicate clues for a potential ilness

D. abnormal results from cardiogram",C,1_1,other specified abnormalities of plasma proteins,http://purl.obolibrary.org/obo/icdo.owl#ICDO_0000423,9,"Health & Medicine, International Classification of Disease Ontology"
"In the ontology of International Classification of Disease, which of the following definitions best describes 'parageusia'?","A. Abnormal findings on diagnostic imaging of lung

B. Uremia resulting not from primary renal disease but from disturbances in circulation, fluid balance, or metabolism arising in other parts of the body.

C. tests on the patients liver have given results that are abnormal

D. A condition characterized by alterations of the sense of taste which may range from mild to severe, including gross distortions of taste quality.",D,1_1,parageusia,http://purl.obolibrary.org/obo/icdo.owl#ICDO_0000424,9,"Health & Medicine, International Classification of Disease Ontology"
"In the ontology of International Classification of Disease, which of the following definitions best describes 'prediabetes'?","A. Abnormal findings on diagnostic imaging of lung

B. tests on the patients liver have given results that are abnormal

C. Prediabetes is when your blood sugar level is higher than it should be but not high enough for your doctor to diagnose diabetes

D. Uncommon severe weight loss for an unspecified cause",C,1_1,prediabetes,http://purl.obolibrary.org/obo/icdo.owl#ICDO_0000425,9,"Health & Medicine, International Classification of Disease Ontology"
"In the ontology of International Classification of Disease, which of the following definitions best describes 'tachycardia, unspecified'?","A. Abnormally rapid heartbeat, usually with a heart rate above 100 beats per minute for adults.

B. high LDH levels indicate tissue damage.

C. could be a sign of bowel cancer

D. blood pressure above 120/80 mm",A,1_1,"tachycardia, unspecified",http://purl.obolibrary.org/obo/icdo.owl#ICDO_0000426,9,"Health & Medicine, International Classification of Disease Ontology"
"In the ontology of International Classification of Disease, which of the following definitions best describes 'unspecified urinary incontinence'?","A. a person urinates when they do not want to

B. A disorder characterized by elevation of the body's temperature above the upper limit of normal

C. tests on the patients liver have given results that are abnormal

D. blood pressure above 120/80 mm",A,1_1,unspecified urinary incontinence,http://purl.obolibrary.org/obo/icdo.owl#ICDO_0000427,9,"Health & Medicine, International Classification of Disease Ontology"
"In the ontology of International Classification of Disease, which of the following definitions best describes 'coma'?","A. Coughing or spitting up blood from the respiratory tract.

B. A cough that lasts for at least eight weeks. Usually just a minor annoyance

C. A profound state of unconsciousness associated with depressed cerebral activity from which the individual cannot be aroused.

D. Examples: fever >38 degrees c or hypothermia <36 degrees c; tachycardia >90 beat/minute; tachypnea >24 breaths/minute; (4) leukocytosis >12,000 cells/cubic mm or 10% immature forms.",C,1_1,coma,http://purl.obolibrary.org/obo/icdo.owl#ICDO_0000428,9,"Health & Medicine, International Classification of Disease Ontology"
"In the ontology of International Classification of Disease, which of the following definitions best describes 'dyspnea'?","A. main symptom of dyspnea is labored breathing. It's definition as a word is ""labored breathing""

B. shortness of breath

C. A profound state of unconsciousness associated with depressed cerebral activity from which the individual cannot be aroused.

D. this is a symptom of many diseases that attack the respiratory system",A,1_1,dyspnea,http://purl.obolibrary.org/obo/icdo.owl#ICDO_0000429,9,"Health & Medicine, International Classification of Disease Ontology"
"In the ontology of International Classification of Disease, which of the following definitions best describes 'dyspnea, unspecified'?","A. shortness of breath

B. main symptom of dyspnea is labored breathing. It's definition as a word is ""labored breathing""

C. acute or chronic inflammation of the renal tubules and interstitium. Acute interstitial nephritis is commonly caused by allergic reactions to drugs, but infection or systemic disease may also precipitate the disease.

D. acute respiratory failure, unsure if it is hypoxemic (not enough oxygen, normal CO2 levels) or hypercapnic (too much CO2, oxygen normal or too low)",A,1_1,"dyspnea, unspecified",http://purl.obolibrary.org/obo/icdo.owl#ICDO_0000430,10,"Health & Medicine, International Classification of Disease Ontology"
"In the ontology of International Classification of Disease, which of the following definitions best describes 'fever, unspecified'?","A. Body temprature is raised to fight pathogens

B. A disorder characterized by a lack of clear and orderly thought and behavior.

C. signs such as jaw pain or chills that help identify the disease

D. decrease of strength in one or more muscles",A,1_1,"fever, unspecified",http://purl.obolibrary.org/obo/icdo.owl#ICDO_0000431,9,"Health & Medicine, International Classification of Disease Ontology"
"In the ontology of International Classification of Disease, which of the following definitions best describes 'malaise and fatigue'?","A. physical suffering or discomfort caused by illness or injury

B. a symptom that makes one feel weakness, discomfort, or illness

C. signs such as jaw pain or chills that help identify the disease

D. A disorder characterized by a queasy sensation and/or the urge to vomit",B,1_1,malaise and fatigue,http://purl.obolibrary.org/obo/icdo.owl#ICDO_0000435,9,"Health & Medicine, International Classification of Disease Ontology"
"In the ontology of International Classification of Disease, which of the following definitions best describes 'other malaise'?","A. a symptom that makes one feel weakness, discomfort, or illness

B. is a collection of pus that has built up within the tissue of the body.[1] Signs and symptoms of abscesses include redness, pain, warmth, and swelling.[1] The swelling may feel fluid-filled when pressed.[1] The area of redness often extends beyond the swelling.[6] Carbuncles and boils are types of abscess that often involve hair follicles, with carbuncles being larger.

C. feelings of tiredness/lack of energy

D. A disorder characterized by a feeling of general discomfort or uneasiness, an out-of-sorts feeling.",D,1_1,other malaise,http://purl.obolibrary.org/obo/icdo.owl#ICDO_0000437,10,"Health & Medicine, International Classification of Disease Ontology"
"In the ontology of International Classification of Disease, which of the following definitions best describes 'nausea'?","A. A disorder characterized by a queasy sensation and/or the urge to vomit

B. a symptom that makes one feel weakness, discomfort, or illness

C. A disorder characterized by an unpleasant sensation of irregular and/or forceful beating of the heart.

D. signs such as jaw pain or chills that help identify the disease",A,1_1,nausea,http://purl.obolibrary.org/obo/icdo.owl#ICDO_0000438,9,"Health & Medicine, International Classification of Disease Ontology"
"In the ontology of International Classification of Disease, which of the following definitions best describes 'nausea with vomiting'?","A. symptoms of dizziness and vomiting that can help find the disease the patient is under

B. symptoms that can help find the disease the patient is under

C. patient is unable to walk due to an unspecified reason

D. A disorder characterized by a queasy sensation and/or the urge to vomit",A,1_1,nausea with vomiting,http://purl.obolibrary.org/obo/icdo.owl#ICDO_0000439,10,"Health & Medicine, International Classification of Disease Ontology"
"In the ontology of International Classification of Disease, which of the following definitions best describes 'nausea with vomiting, unspecified'?","A. colitis (inflammation of the large intestine) resulting from infection with Clostridium difficile, a spore-forming bacterium.

B. A condition in which stool becomes hard, dry, and difficult to pass, and bowel movements don't happen very often.

C. symptoms of dizziness and vomiting that can help find the disease the patient is under

D. symptoms that can help find the disease the patient is under",D,1_1,"nausea with vomiting, unspecified",http://purl.obolibrary.org/obo/icdo.owl#ICDO_0000440,11,"Health & Medicine, International Classification of Disease Ontology"
"In the ontology of International Classification of Disease, which of the following definitions best describes 'other shock'?","A. Examples: fever >38 degrees c or hypothermia <36 degrees c; tachycardia >90 beat/minute; tachypnea >24 breaths/minute; (4) leukocytosis >12,000 cells/cubic mm or 10% immature forms.

B. a symptom that makes one feel weakness, discomfort, or illness

C. A cough that lasts for at least eight weeks. Usually just a minor annoyance

D. patient is traumatized to a point that they cannot send commands to body parts",D,1_1,other shock,http://purl.obolibrary.org/obo/icdo.owl#ICDO_0000441,9,"Health & Medicine, International Classification of Disease Ontology"
"In the ontology of International Classification of Disease, which of the following definitions best describes 'cardiogenic shock'?","A. severe and potentially fatal condition that occurs when sepsis leads to life-threatening low blood pressure.

B. patient is traumatized to a point that they cannot send commands to body parts

C. when a patient has lost more than 20% of their blood and he or she enter shock

D. Shock resulting from primary failure of the heart in its pumping function",D,1_1,cardiogenic shock,http://purl.obolibrary.org/obo/icdo.owl#ICDO_0000442,10,"Health & Medicine, International Classification of Disease Ontology"
"In the ontology of International Classification of Disease, which of the following definitions best describes 'septic shock'?","A. when a patient has lost more than 20% of their blood and he or she enter shock

B. patient is traumatized to a point that they cannot send commands to body parts

C. severe and potentially fatal condition that occurs when sepsis leads to life-threatening low blood pressure.

D. Shock resulting from primary failure of the heart in its pumping function",C,1_1,septic shock,http://purl.obolibrary.org/obo/icdo.owl#ICDO_0000444,10,"Health & Medicine, International Classification of Disease Ontology"
"In the ontology of International Classification of Disease, which of the following definitions best describes 'other symptoms and signs involving cognitive functions and awareness'?","A. A profound state of unconsciousness associated with depressed cerebral activity from which the individual cannot be aroused.

B. A category of mental health disorders that primarily affect cognitive abilities including learning, memory, perception, and problem solving.

C. main symptom of dyspnea is labored breathing. It's definition as a word is ""labored breathing""

D. A disorder characterized by a lack of clear and orderly thought and behavior.",B,1_1,other symptoms and signs involving cognitive functions and awareness,http://purl.obolibrary.org/obo/icdo.owl#ICDO_0000445,9,"Health & Medicine, International Classification of Disease Ontology"
"In the ontology of International Classification of Disease, which of the following definitions best describes 'pain'?","A. this is a symptom of many diseases that attack the respiratory system

B. physical suffering or discomfort caused by illness or injury

C. inability or refusal to swallow.

D. pain occuring in the throat and chest of the patient",B,1_1,pain,http://purl.obolibrary.org/obo/icdo.owl#ICDO_0000446,9,"Health & Medicine, International Classification of Disease Ontology"
"In the ontology of International Classification of Disease, which of the following definitions best describes 'chest pain, unspecified'?","A. Unspecified anterior chest-wall pain

B. pain in the chest, unspecified cause

C. Usually a symptom of a disease or caused by physical damage

D. pain in the chest not caused by heart disease or heart attack",B,1_1,"chest pain, unspecified",http://purl.obolibrary.org/obo/icdo.owl#ICDO_0000449,11,"Health & Medicine, International Classification of Disease Ontology"
"In the ontology of International Classification of Disease, which of the following definitions best describes 'other chest pain'?","A. Usually a symptom of a disease or caused by physical damage

B. Unspecified anterior chest-wall pain

C. pain in the chest, unspecified cause

D. pain in the chest not caused by heart disease or heart attack",A,1_1,other chest pain,http://purl.obolibrary.org/obo/icdo.owl#ICDO_0000450,11,"Health & Medicine, International Classification of Disease Ontology"
"In the ontology of International Classification of Disease, which of the following definitions best describes 'headache'?","A. pain that lasts more that half a year

B. stomach pain or a stomachache

C. pain that lasts from 3-6 months related to soft tissue

D. a disorder characterized by a sensation of marked discomfort in the head",D,1_1,headache,http://purl.obolibrary.org/obo/icdo.owl#ICDO_0000451,10,"Health & Medicine, International Classification of Disease Ontology"
"In the ontology of International Classification of Disease, which of the following definitions best describes 'repeated falls'?","A. A profound state of unconsciousness associated with depressed cerebral activity from which the individual cannot be aroused.

B. main symptom of dyspnea is labored breathing. It's definition as a word is ""labored breathing""

C. A disorder characterized by a queasy sensation and/or the urge to vomit

D. A sudden movement downward (fall), usually resulting in injury.",D,1_1,repeated falls,http://purl.obolibrary.org/obo/icdo.owl#ICDO_0000455,9,"Health & Medicine, International Classification of Disease Ontology"
"In the ontology of International Classification of Disease, which of the following definitions best describes 'shortness of breath'?","A. signs such as jaw pain or chills that help identify the disease

B. A disorder characterized by a queasy sensation and/or the urge to vomit

C. this is a symptom of many diseases that attack the respiratory system

D. A cough that lasts for at least eight weeks. Usually just a minor annoyance",C,1_1,shortness of breath,http://purl.obolibrary.org/obo/icdo.owl#ICDO_0000456,9,"Health & Medicine, International Classification of Disease Ontology"
"In the ontology of International Classification of Disease, which of the following definitions best describes 'symptoms specifically associated with systemic inflammation and infection'?","A. A sudden movement downward (fall), usually resulting in injury.

B. decrease of strength in one or more muscles

C. Examples: fever >38 degrees c or hypothermia <36 degrees c; tachycardia >90 beat/minute; tachypnea >24 breaths/minute; (4) leukocytosis >12,000 cells/cubic mm or 10% immature forms.

D. inability or refusal to swallow.",C,1_1,symptoms specifically associated with systemic inflammation and infection,http://purl.obolibrary.org/obo/icdo.owl#ICDO_0000457,9,"Health & Medicine, International Classification of Disease Ontology"
"In the ontology of International Classification of Disease, which of the following definitions best describes 'localized edema'?","A. Examples: fever >38 degrees c or hypothermia <36 degrees c; tachycardia >90 beat/minute; tachypnea >24 breaths/minute; (4) leukocytosis >12,000 cells/cubic mm or 10% immature forms.

B. A disorder characterized by swelling due to excessive fluid accumulation at a specific anatomic site

C. a serious condition related to systemic inflammation, organ dysfunction, and organ failure.

D. is inflammation (swelling and irritation) of the epididymis, a tube at the back of the testicle that carries sperm",B,1_1,localized edema,http://purl.obolibrary.org/obo/icdo.owl#ICDO_0000459,10,"Health & Medicine, International Classification of Disease Ontology"
"In the ontology of International Classification of Disease, which of the following definitions best describes 'systemic inflammatory response syndrome of non-infectious origin'?","A. a serious condition related to systemic inflammation, organ dysfunction, and organ failure.

B. Examples: fever >38 degrees c or hypothermia <36 degrees c; tachycardia >90 beat/minute; tachypnea >24 breaths/minute; (4) leukocytosis >12,000 cells/cubic mm or 10% immature forms.

C. A disorder characterized by swelling due to excessive fluid accumulation at a specific anatomic site

D. is inflammation (swelling and irritation) of the epididymis, a tube at the back of the testicle that carries sperm",A,1_1,systemic inflammatory response syndrome of non-infectious origin,http://purl.obolibrary.org/obo/icdo.owl#ICDO_0000460,10,"Health & Medicine, International Classification of Disease Ontology"
"In the ontology of International Classification of Disease, which of the following definitions best describes 'acidosis'?","A. Type 2 diabetes with diabetic retinopathy (vision loss and blindness) without macular edema (swelling in the macula cause by fluid leaking from the retina)

B. A condition in which the blood is too acidic.

C. blood glucose, or blood sugar, levels are too high. With type 2 diabetes, the more common type, your body does not make or use insulin well.

D. diabetes is usually an inherited disease that makes people obese and have problems with daily life",B,1_1,acidosis,http://purl.obolibrary.org/obo/icdo.owl#ICDO_0000464,9,"Health & Medicine, International Classification of Disease Ontology"
"In the ontology of International Classification of Disease, which of the following definitions best describes 'hyperlipidemia, unspecified'?","A. The coexistences of 2 or more primary acid-base disorders in the same patient

B. A disease where the blood clots throughout the body and increases the risk of bleeding

C. Conditions with excess lipids in the blood.

D. An uncommon condition characterized by elevated levels of immunoglobulins in your blood",C,1_1,"hyperlipidemia, unspecified",http://purl.obolibrary.org/obo/icdo.owl#ICDO_0000469,9,"Health & Medicine, International Classification of Disease Ontology"
"In the ontology of International Classification of Disease, which of the following definitions best describes 'hypo-osmolality and hyponatremia'?","A. A condition characterized by a dry, waxy type of swelling (edema) with abnormal deposits of mucopolysaccharides in the skin and other tissues. It is caused by a deficiency of thyroid hormones.

B. The coexistences of 2 or more primary acid-base disorders in the same patient

C. Disorders in the processing, absorption, transport, storage, and utilization of phosphorus in the body

D. An aggressive (fast-growing) type of leukemia (blood cancer) in which too many lymphoblasts (immature white blood cells) are found in the blood and bone marrow; no remission",A,1_1,hypo-osmolality and hyponatremia,http://purl.obolibrary.org/obo/icdo.owl#ICDO_0000470,9,"Health & Medicine, International Classification of Disease Ontology"
"In the ontology of International Classification of Disease, which of the following definitions best describes 'hypokalemia'?","A. high levels of sugar in the blood

B. A blood disorder characterized by the appearance of sickle-shaped red blood cells and anemia.

C. A disorder characterized by laboratory test results that indicate a low concentration of potassium in the blood.

D. an elevated uric acid level in the blood without symptoms of inflammatory arthritis and tophaceous disease",C,1_1,hypokalemia,http://purl.obolibrary.org/obo/icdo.owl#ICDO_0000471,9,"Health & Medicine, International Classification of Disease Ontology"
"In the ontology of International Classification of Disease, which of the following definitions best describes 'hypokalemia (unbillable)'?","A. A disorder characterized by laboratory test results that indicate a low concentration of potassium in the blood.

B. The prescense of diabetic ketoacidosis (body produces high levels of ketones and not enough insulin) in type 1 diabetic patients, resulting in a coma

C. A common form of hyperthyroidism affecting the entire thyroid gland and causing the gland to become enlarged

D. A nutritional condition produced by a deficiency of vitamin d in the diet, insufficient production of vitamin d in the skin, inadequate absorption of vitamin d from the diet, or abnormal conversion of vitamin d to its bioactive metabolites.",A,1_1,hypokalemia (unbillable),http://purl.obolibrary.org/obo/icdo.owl#ICDO_0000472,9,"Health & Medicine, International Classification of Disease Ontology"
"In the ontology of International Classification of Disease, which of the following definitions best describes 'hypothyroidism, unspecified'?","A. A nutritional condition produced by a deficiency of vitamin d in the diet, insufficient production of vitamin d in the skin, inadequate absorption of vitamin d from the diet, or abnormal conversion of vitamin d to its bioactive metabolites.

B. blood glucose, or blood sugar, levels are too high. With type 2 diabetes, the more common type, your body does not make or use insulin well.

C. A condition characterized by a dry, waxy type of swelling (edema) with abnormal deposits of mucopolysaccharides in the skin and other tissues. It is caused by a deficiency of thyroid hormones.

D. A condition characterized by a dry, waxy type of swelling (edema) with abnormal deposits of mucopolysaccharides in the skin and other tissues. It is caused by a deficiency of thyroid hormones.",D,1_1,"hypothyroidism, unspecified",http://purl.obolibrary.org/obo/icdo.owl#ICDO_0000473,9,"Health & Medicine, International Classification of Disease Ontology"
"In the ontology of International Classification of Disease, which of the following definitions best describes 'moderate protein-calorie malnutrition'?","A. Anemia (a condition in which you lack enough healthy red blood cells to carry adequate oxygen to your body's tissues) in patients with neoplasm (tumors)

B. high blood sugar because body cannot break down the sugar being taken in

C. Abnormally decreased volume of circulating fluid (plasma) in body.

D. an energy deficit due to chronic deficiency of all macronutrients",D,1_1,moderate protein-calorie malnutrition,http://purl.obolibrary.org/obo/icdo.owl#ICDO_0000475,9,"Health & Medicine, International Classification of Disease Ontology"
"In the ontology of International Classification of Disease, which of the following definitions best describes 'other specified hypothyroidism'?","A. an underactive thyroid gland.

B. An aggressive (fast-growing) type of leukemia (blood cancer) in which too many lymphoblasts (immature white blood cells) are found in the blood and bone marrow; no remission

C. Other eye diseases caused by type 2 diabetes

D. A condition characterized by a dry, waxy type of swelling (edema) with abnormal deposits of mucopolysaccharides in the skin and other tissues. It is caused by a deficiency of thyroid hormones.",A,1_1,other specified hypothyroidism,http://purl.obolibrary.org/obo/icdo.owl#ICDO_0000476,9,"Health & Medicine, International Classification of Disease Ontology"
"In the ontology of International Classification of Disease, which of the following definitions best describes 'morbid (severe) obesity due to excess calories'?","A. a condition marked by an abnormally high, unhealthy amount of body fat.

B. A condition marked by an abnormally high, unhealthy amount of body fat.

C. an abnormally high, unhealthy amount of body fat

D. having more weight than the average human",C,1_1,morbid (severe) obesity due to excess calories,http://purl.obolibrary.org/obo/icdo.owl#ICDO_0000478,10,"Health & Medicine, International Classification of Disease Ontology"
"In the ontology of International Classification of Disease, which of the following definitions best describes 'obesity, unspecified'?","A. Overweight and obesity caused by miscellaneous disorders

B. a condition marked by an abnormally high, unhealthy amount of body fat.

C. an abnormally high, unhealthy amount of body fat

D. A condition marked by an abnormally high, unhealthy amount of body fat.",D,1_1,"obesity, unspecified",http://purl.obolibrary.org/obo/icdo.owl#ICDO_0000480,10,"Health & Medicine, International Classification of Disease Ontology"
"In the ontology of International Classification of Disease, which of the following definitions best describes 'type 2 diabetes mellitus with circulatory complications'?","A. A disease where the blood clots throughout the body and increases the risk of bleeding

B. blood glucose, or blood sugar, levels are too high. With type 2 diabetes, the more common type, your body does not make or use insulin well.

C. Conditions with excess lipids in the blood.

D. diabetes is usually an inherited disease that makes people obese and have problems with daily life",B,1_1,type 2 diabetes mellitus with circulatory complications,http://purl.obolibrary.org/obo/icdo.owl#ICDO_0000481,9,"Health & Medicine, International Classification of Disease Ontology"
"In the ontology of International Classification of Disease, which of the following definitions best describes 'type 2 diabetes mellitus with diabetic chronic kidney disease'?","A. Type 1 diabetes (body cannot break down sugars very easily) with unspecified complications

B. a chronic medical condition in which sugar, or glucose, levels build up in your bloodstream. In type 2 diabetes, your body's cells aren't able to respond to insulin as well as they should.

C. blood glucose, or blood sugar, levels are too high. With type 2 diabetes, the more common type, your body does not make or use insulin well.

D. Cataracts (cloudy area in the lens of your eye) caused by type 2 diabetes",B,1_1,type 2 diabetes mellitus with diabetic chronic kidney disease,http://purl.obolibrary.org/obo/icdo.owl#ICDO_0000482,10,"Health & Medicine, International Classification of Disease Ontology"
"In the ontology of International Classification of Disease, which of the following definitions best describes 'type 2 diabetes mellitus with kidney complications'?","A. poorly controlled diabetes can lead to problems within the kidneys

B. Abnormally high blood glucose level, could be a sign of diabetes

C. iron deficiecy is due to insufficient iron

D. The prescense of diabetic ketoacidosis (body produces high levels of ketones and not enough insulin) in type 1 diabetic patients, resulting in a coma",A,1_1,type 2 diabetes mellitus with kidney complications,http://purl.obolibrary.org/obo/icdo.owl#ICDO_0000484,9,"Health & Medicine, International Classification of Disease Ontology"
"In the ontology of International Classification of Disease, which of the following definitions best describes 'type 2 diabetes mellitus with hyperglycemia'?","A. having more weight than the average human

B. an elevated uric acid level in the blood without symptoms of inflammatory arthritis and tophaceous disease

C. A chronic condition that affects the way the body processes blood sugar (glucose)

D. A nutritional condition produced by a deficiency of vitamin d in the diet, insufficient production of vitamin d in the skin, inadequate absorption of vitamin d from the diet, or abnormal conversion of vitamin d to its bioactive metabolites.",C,1_1,type 2 diabetes mellitus with hyperglycemia,http://purl.obolibrary.org/obo/icdo.owl#ICDO_0000483,9,"Health & Medicine, International Classification of Disease Ontology"
"In the ontology of International Classification of Disease, which of the following definitions best describes 'type 2 diabetes mellitus without complications'?","A. high levels of sugar in the blood

B. The prescense of diabetic ketoacidosis (body produces high levels of ketones and not enough insulin) in type 1 diabetic patients

C. a sudden blockage in a lung artery. The cause is usually a blood clot in the leg called a deep vein thrombosis that breaks loose and travels through the bloodstream to the lung

D. an elevated uric acid level in the blood without symptoms of inflammatory arthritis and tophaceous disease",A,1_1,type 2 diabetes mellitus without complications,http://purl.obolibrary.org/obo/icdo.owl#ICDO_0000485,9,"Health & Medicine, International Classification of Disease Ontology"
"In the ontology of International Classification of Disease, which of the following definitions best describes 'vitamin D deficiency, unspecified'?","A. Abnormally high blood glucose level, could be a sign of diabetes

B. high blood potassium levels

C. A nutritional condition produced by a deficiency of vitamin d in the diet, insufficient production of vitamin d in the skin, inadequate absorption of vitamin d from the diet, or abnormal conversion of vitamin d to its bioactive metabolites.

D. blood glucose, or blood sugar, levels are too high. With type 2 diabetes, the more common type, your body does not make or use insulin well.",C,1_1,"vitamin D deficiency, unspecified",http://purl.obolibrary.org/obo/icdo.owl#ICDO_0000487,9,"Health & Medicine, International Classification of Disease Ontology"
"In the ontology of International Classification of Disease, which of the following definitions best describes 'volume depletion'?","A. Anemia (a condition in which you lack enough healthy red blood cells to carry adequate oxygen to your body's tissues) in patients with neoplasm (tumors)

B. Abnormally decreased volume of circulating fluid (plasma) in body.

C. diabetes is usually an inherited disease that makes people obese and have problems with daily life

D. A condition characterized by a dry, waxy type of swelling (edema) with abnormal deposits of mucopolysaccharides in the skin and other tissues. It is caused by a deficiency of thyroid hormones.",B,1_1,volume depletion,http://purl.obolibrary.org/obo/icdo.owl#ICDO_0000488,9,"Health & Medicine, International Classification of Disease Ontology"
"In the ontology of International Classification of Disease, which of the following definitions best describes 'other specified pregnancy related conditions, first trimester'?","A. symptoms that are related to being pregnant, pregnancy is in the second trimester

B. symptoms that are related to being pregnant, pregnancy is in the first trimester

C. a rare, itchy skin eruption that usually happens in the second or third trimester of pregnancy. It often begins with the appearance of very itchy red bumps or blisters on your abdomen and trunk, though it can show up on other parts of your body

D. when a mother gains weight during pregnancy",B,1_1,"other specified pregnancy related conditions, first trimester",http://purl.obolibrary.org/obo/icdo.owl#ICDO_0000490,9,"Health & Medicine, International Classification of Disease Ontology"
"In the ontology of International Classification of Disease, which of the following definitions best describes 'herpes gestationis, first trimester'?","A. symptoms that are related to being pregnant, pregnancy is in the first trimester

B. a rare, itchy skin eruption that usually happens in the second or third trimester of pregnancy. It often begins with the appearance of very itchy red bumps or blisters on your abdomen and trunk, though it can show up on other parts of your body

C. when a mother becomes exhausted or fatigued during pregnancy

D. when a mother gains weight during pregnancy",B,1_1,"herpes gestationis, first trimester",http://purl.obolibrary.org/obo/icdo.owl#ICDO_0000491,10,"Health & Medicine, International Classification of Disease Ontology"
"In the ontology of International Classification of Disease, which of the following definitions best describes 'low weight gain in pregnancy, first trimester'?","A. when a mother becomes exhausted or fatigued during pregnancy

B. symptoms that are related to being pregnant, pregnancy is in the first trimester

C. when a mother gains weight during pregnancy

D. a rare, itchy skin eruption that usually happens in the second or third trimester of pregnancy. It often begins with the appearance of very itchy red bumps or blisters on your abdomen and trunk, though it can show up on other parts of your body",C,1_1,"low weight gain in pregnancy, first trimester",http://purl.obolibrary.org/obo/icdo.owl#ICDO_0000492,10,"Health & Medicine, International Classification of Disease Ontology"
"In the ontology of International Classification of Disease, which of the following definitions best describes 'pregnancy related exhaustion and fatigue, first trimester'?","A. when a mother becomes exhausted or fatigued during pregnancy

B. a rare, itchy skin eruption that usually happens in the second or third trimester of pregnancy. It often begins with the appearance of very itchy red bumps or blisters on your abdomen and trunk, though it can show up on other parts of your body

C. when a mother gains weight during pregnancy

D. symptoms that are related to being pregnant, pregnancy is in the first trimester",A,1_1,"pregnancy related exhaustion and fatigue, first trimester",http://purl.obolibrary.org/obo/icdo.owl#ICDO_0000493,10,"Health & Medicine, International Classification of Disease Ontology"
"In the ontology of International Classification of Disease, which of the following definitions best describes 'other specified pregnancy related conditions, second trimester'?","A. symptoms that are related to being pregnant, pregnancy is in the first trimester

B. Fatigue caused from being pregnant, pregnancy is in the second trimester

C. symptoms that are related to being pregnant, pregnancy is in the second trimester

D. symptoms during pregnancy and the puerperium (after the pregnancy)",C,1_1,"other specified pregnancy related conditions, second trimester",http://purl.obolibrary.org/obo/icdo.owl#ICDO_0000494,9,"Health & Medicine, International Classification of Disease Ontology"
"In the ontology of International Classification of Disease, which of the following definitions best describes 'herpes gestationis, second trimester'?","A. when a mother gains weight during pregnancy

B. Fatigue caused from being pregnant, pregnancy is in the second trimester

C. a rare, itchy skin eruption that usually happens in the second or third trimester of pregnancy. It often begins with the appearance of very itchy red bumps or blisters on your abdomen and trunk, though it can show up on other parts of your body

D. symptoms that are related to being pregnant, pregnancy is in the second trimester",C,1_1,"herpes gestationis, second trimester",http://purl.obolibrary.org/obo/icdo.owl#ICDO_0000495,10,"Health & Medicine, International Classification of Disease Ontology"
"In the ontology of International Classification of Disease, which of the following definitions best describes 'pregnancy related exhaustion and fatigue, second trimester'?","A. when a mother gains weight during pregnancy

B. a rare, itchy skin eruption that usually happens in the second or third trimester of pregnancy. It often begins with the appearance of very itchy red bumps or blisters on your abdomen and trunk, though it can show up on other parts of your body

C. symptoms that are related to being pregnant, pregnancy is in the second trimester

D. Fatigue caused from being pregnant, pregnancy is in the second trimester",D,1_1,"pregnancy related exhaustion and fatigue, second trimester",http://purl.obolibrary.org/obo/icdo.owl#ICDO_0000497,10,"Health & Medicine, International Classification of Disease Ontology"
"In the ontology of International Classification of Disease, which of the following definitions best describes 'other specified pregnancy related conditions, third trimester'?","A. symptoms that are related to being pregnant, pregnancy is in the second trimester

B. symptoms during pregnancy and the puerperium (after the pregnancy)

C. symptoms that are related to being pregnant, pregnancy is in the third trimester

D. Fatigue caused from being pregnant, pregnancy is in the third trimester",C,1_1,"other specified pregnancy related conditions, third trimester",http://purl.obolibrary.org/obo/icdo.owl#ICDO_0000498,9,"Health & Medicine, International Classification of Disease Ontology"
"In the ontology of International Classification of Disease, which of the following definitions best describes 'herpes gestationis, third trimester'?","A. when a mother gains weight during pregnancy

B. a rare, itchy skin eruption that usually happens in the second or third trimester of pregnancy. It often begins with the appearance of very itchy red bumps or blisters on your abdomen and trunk, though it can show up on other parts of your body

C. symptoms that are related to being pregnant, pregnancy is in the third trimester

D. Fatigue caused from being pregnant, pregnancy is in the third trimester",B,1_1,"herpes gestationis, third trimester",http://purl.obolibrary.org/obo/icdo.owl#ICDO_0000499,10,"Health & Medicine, International Classification of Disease Ontology"
"In the ontology of International Classification of Disease, which of the following definitions best describes 'low weight gain in pregnancy, third trimester'?","A. Fatigue caused from being pregnant, pregnancy is in the third trimester

B. symptoms that are related to being pregnant, pregnancy is in the third trimester

C. when a mother gains weight during pregnancy

D. a rare, itchy skin eruption that usually happens in the second or third trimester of pregnancy. It often begins with the appearance of very itchy red bumps or blisters on your abdomen and trunk, though it can show up on other parts of your body",C,1_1,"low weight gain in pregnancy, third trimester",http://purl.obolibrary.org/obo/icdo.owl#ICDO_0000500,10,"Health & Medicine, International Classification of Disease Ontology"
"In the ontology of International Classification of Disease, which of the following definitions best describes 'pregnancy related exhaustion and fatigue, third trimester'?","A. symptoms that are related to being pregnant, pregnancy is in the third trimester

B. Fatigue caused from being pregnant, pregnancy is in the third trimester

C. when a mother gains weight during pregnancy

D. a rare, itchy skin eruption that usually happens in the second or third trimester of pregnancy. It often begins with the appearance of very itchy red bumps or blisters on your abdomen and trunk, though it can show up on other parts of your body",B,1_1,"pregnancy related exhaustion and fatigue, third trimester",http://purl.obolibrary.org/obo/icdo.owl#ICDO_0000501,10,"Health & Medicine, International Classification of Disease Ontology"
"In the ontology of International Classification of Disease, which of the following definitions best describes 'dysphasia and aphasia'?","A. Aphasia is the term for full loss of language and dysphasia is the term for partial loss of language.

B. emotional disorder that makes the patient try to lose weight

C. A disorder characterized by difficulty in falling asleep and/or remaining asleep.

D. general changes in brain function, such as confusion, amnesia (memory loss), loss of alertness, disorientation (not cognizant of self, time, or place), defects in judgment or thought, unusual or strange behavior, poor regulation of emotions, and disruptions in perception",A,1_1,dysphasia and aphasia,http://purl.obolibrary.org/obo/icdo.owl#ICDO_0000504,9,"Health & Medicine, International Classification of Disease Ontology"
"In the ontology of International Classification of Disease, which of the following definitions best describes 'somnolence'?","A. a strong desire for sleep

B. emotional disorder that makes the patient try to lose weight

C. Aphasia is the term for full loss of language and dysphasia is the term for partial loss of language.

D. A disorder characterized by difficulty in falling asleep and/or remaining asleep.",A,1_1,somnolence,http://purl.obolibrary.org/obo/icdo.owl#ICDO_0000505,9,"Health & Medicine, International Classification of Disease Ontology"
"In the ontology of International Classification of Disease, which of the following definitions best describes 'anxiety disorder, unspecified'?","A. feelings of severe despondency and dejection, a feeling of worry, nervousness, or unease, typically about an imminent event or something with an uncertain outcome

B. A category of psychiatric disorders which are characterized by anxious feelings or fear often accompanied by physical symptoms associated with anxiety.

C. feelings of stress or fear that the patient cannot understand

D. A class of traumatic stress disorders with symptoms that last more than one month. There are various forms of post-traumatic stress disorder, depending on the time of onset and the duration of these stress symptoms. In the acute form, the duration of the symptoms is between 1 to 3 months. In the chronic form, symptoms last more than 3 months. With delayed onset, symptoms develop more than 6 months after the traumatic event.",B,1_1,"anxiety disorder, unspecified",http://purl.obolibrary.org/obo/icdo.owl#ICDO_0000509,10,"Health & Medicine, International Classification of Disease Ontology"
"In the ontology of International Classification of Disease, which of the following definitions best describes 'major depressive disorder, single episode, unspecified'?","A. feelings of stress or fear that the patient cannot understand

B. Single major depressive disorder episode (a depressed mood for two weeks or more)

C. A disorder characterized by the development either of a single delusion or of a set of related delusions that are usually persistent and sometimes lifelong.

D. A disorder characterized by melancholic feelings of grief or unhappiness.",D,1_1,"major depressive disorder, single episode, unspecified",http://purl.obolibrary.org/obo/icdo.owl#ICDO_0000511,9,"Health & Medicine, International Classification of Disease Ontology"
"In the ontology of International Classification of Disease, which of the following definitions best describes 'nicotine dependence'?","A. this code must be sequenced as the second code, since it specifies that the disease has dementia in other diseases

B. nicotine gives temprorary pleasure effects in your brain

C. effects a persons mental health and emotional state

D. Recurrent major depressive disorder episodes (a depressed mood for two weeks or more)",B,1_1,nicotine dependence,http://purl.obolibrary.org/obo/icdo.owl#ICDO_0000512,9,"Health & Medicine, International Classification of Disease Ontology"
"In the ontology of International Classification of Disease, which of the following definitions best describes 'unspecified dementia'?","A. A condition in which a person loses the ability to think, remember, learn, make decisions, and solve problems. Symptoms may also include personality changes and emotional problems.

B. this code must be sequenced as the second code, since it specifies that the disease has dementia in other diseases

C. Single episode of major depressive disorder (persistent feeling of sadness and loss of interest)

D. feelings of stress or fear that the patient cannot understand",A,1_1,unspecified dementia,http://purl.obolibrary.org/obo/icdo.owl#ICDO_0000513,9,"Health & Medicine, International Classification of Disease Ontology"
"In the ontology of International Classification of Disease, which of the following definitions best describes 'dementia in alzheimer's disease with late onset'?","A. a medical procedure performed to replace bone marrow that has been damaged or destroyed by disease, infection, or chemotherapy

B. Respiratory conditions due to inhalation of chemicals, gases, fumes and vapors

C. majority of diagnosed are above the age of 65, this disease is not treatable.

D. A condition in which a person loses the ability to think, remember, learn, make decisions, and solve problems. Symptoms may also include personality changes and emotional problems.",C,1_1,dementia in alzheimer's disease with late onset,http://purl.obolibrary.org/obo/icdo.owl#ICDO_0000514,10,"Health & Medicine, International Classification of Disease Ontology"
"In the ontology of International Classification of Disease, which of the following definitions best describes 'allergy status to penicillin'?","A. An aggressive (fast-growing) type of leukemia (blood cancer) in which too many lymphoblasts (immature white blood cells) are found in the blood and bone marrow; no remission

B. allergy to opiate agonist

C. a damaging immune response by the body to a substance, especially pollen, fur, a particular food, or dust, to which it has become hypersensitive.

D. code is used to show the patient cannot be given penicillin",D,1_1,allergy status to penicillin,http://purl.obolibrary.org/obo/icdo.owl#ICDO_0000517,6,"Health & Medicine, International Classification of Disease Ontology"
"In the ontology of International Classification of Disease, which of the following definitions best describes 'dependence on renal dialysis'?","A. dependence on wheelchair

B. thinner blood

C. patient is depending on renal dialysis which is a procedure that is a substitute for many of the normal functions of the kidneys

D. Treatment that lowers the activity of the body's immune system.",C,1_1,dependence on renal dialysis,http://purl.obolibrary.org/obo/icdo.owl#ICDO_0000518,5,"Health & Medicine, International Classification of Disease Ontology"
"In the ontology of International Classification of Disease, which of the following definitions best describes 'personal history of long-term (current) use of anticoagulants'?","A. thinner blood

B. Treatment that lowers the activity of the body's immune system.

C. malignant, aggressive tumor that forms in the breast

D. Interruptions, blockage, or diseases that affect how your heart or blood vessels pump blood can cause complications such as heart disease or stroke.",A,1_1,personal history of long-term (current) use of anticoagulants,http://purl.obolibrary.org/obo/icdo.owl#ICDO_0000525,5,"Health & Medicine, International Classification of Disease Ontology"
"In the ontology of International Classification of Disease, which of the following definitions best describes 'chronic cough'?","A. A cough that lasts for at least eight weeks. Usually just a minor annoyance

B. seeing things that aren't there

C. A sudden movement downward (fall), usually resulting in injury.

D. physical suffering or discomfort caused by illness or injury",A,1_1,chronic cough,http://purl.obolibrary.org/obo/icdo.owl#ICDO_0000530,9,"Health & Medicine, International Classification of Disease Ontology"
"In the ontology of International Classification of Disease, which of the following definitions best describes 'asphyxia and hypoxemia'?","A. conditions of the lng caused by outside agents

B. Pneumonitis (noo-moe-NIE-tis) is a general term that refers to inflammation of lung tissue

C. A condition due to lack of oxygen in respired air due to inhaling too much carbon monoxide

D. Pneumoconiosis is one of a group of interstitial lung disease caused by breathing in certain kinds of dust particles that damage your lungs",C,1_1,asphyxia and hypoxemia,http://purl.obolibrary.org/obo/icdo.owl#ICDO_0000531,9,"Health & Medicine, International Classification of Disease Ontology"
"In the ontology of International Classification of Disease, which of the following definitions best describes 'hypoxemia'?","A. A type of disease that affects the lungs and other parts of the respiratory system

B. A condition in which there is not enough oxygen in the blood.

C. Pneumonitis (noo-moe-NIE-tis) is a general term that refers to inflammation of lung tissue

D. conditions of the lng caused by outside agents",B,1_1,hypoxemia,http://purl.obolibrary.org/obo/icdo.owl#ICDO_0000533,9,"Health & Medicine, International Classification of Disease Ontology"
"In the ontology of International Classification of Disease, which of the following definitions best describes 'diarrhea, unspecified'?","A. inability or refusal to swallow.

B. A condition of frequent and watery bowel movements. Causes of diarrhea include bacteria, viruses or parasites, certain medicines, food intolerances and diseases that affect the stomach, small intestine or colon.

C. A category of mental health disorders that primarily affect cognitive abilities including learning, memory, perception, and problem solving.

D. The feeling of being anger or irritated",B,1_1,"diarrhea, unspecified",http://purl.obolibrary.org/obo/icdo.owl#ICDO_0000534,9,"Health & Medicine, International Classification of Disease Ontology"
"In the ontology of International Classification of Disease, which of the following definitions best describes 'disorientation, unspecified'?","A. difficulty feeding oneself

B. A disorder characterized by a lack of clear and orderly thought and behavior.

C. A sudden movement downward (fall), usually resulting in injury.

D. The feeling of being anger or irritated",B,1_1,"disorientation, unspecified",http://purl.obolibrary.org/obo/icdo.owl#ICDO_0000535,9,"Health & Medicine, International Classification of Disease Ontology"
"In the ontology of International Classification of Disease, which of the following definitions best describes 'extrarenal uremia'?","A. signs such as jaw pain or chills that help identify the disease

B. Uremia resulting not from primary renal disease but from disturbances in circulation, fluid balance, or metabolism arising in other parts of the body.

C. Abnormal findings on diagnostic imaging of lung

D. this abnormal level indicates damage to the liver",B,1_1,extrarenal uremia,http://purl.obolibrary.org/obo/icdo.owl#ICDO_0000537,9,"Health & Medicine, International Classification of Disease Ontology"
"In the ontology of International Classification of Disease, which of the following definitions best describes 'hyperkalemia'?","A. An unspecified condition in which the adrenal glands do not produce adequate amounts of steroid hormones (cortisol)

B. high blood potassium levels

C. Type 2 diabetes with diabetic macular edema (when blood vessels in the eye retina leak fluid, causing swelling in the macula)

D. body does not have enough nutrition to sustain itself",B,1_1,hyperkalemia,http://purl.obolibrary.org/obo/icdo.owl#ICDO_0000538,9,"Health & Medicine, International Classification of Disease Ontology"
"In the ontology of International Classification of Disease, which of the following definitions best describes 'type 2 diabetes mellitus with unspecified complications'?","A. A disorder characterized by laboratory test results that indicate a low concentration of potassium in the blood.

B. diabetes is usually an inherited disease that makes people obese and have problems with daily life

C. A disease where the blood clots throughout the body and increases the risk of bleeding

D. A condition in which the blood is too acidic.",B,1_1,type 2 diabetes mellitus with unspecified complications,http://purl.obolibrary.org/obo/icdo.owl#ICDO_0000540,9,"Health & Medicine, International Classification of Disease Ontology"
"In the ontology of International Classification of Disease, which of the following definitions best describes 'dehydration'?","A. disorders of lipoprotein metabolism that lead to atherosclerosis. These abnormalities arise from genetic and secondary factors and are caused by excessive entry of lipoproteins into the bloodstream or an impairment in their removal, or both.

B. when a patient uses or loses more fluid than they take in

C. Cataracts (cloudy area in the lens of your eye) caused by type 2 diabetes

D. Conditions with excess lipids in the blood.",B,1_1,dehydration,http://purl.obolibrary.org/obo/icdo.owl#ICDO_0000541,9,"Health & Medicine, International Classification of Disease Ontology"
"In the ontology of International Classification of Disease, which of the following definitions best describes 'pure hypercholesterolemia'?","A. an energy deficit due to chronic deficiency of all macronutrients

B. genetic anomaly that causes high cholesterol levels

C. Type 1 diabetes (body cannot break down sugars very easily) with unspecified complications

D. Abnormally decreased volume of circulating fluid (plasma) in body.",B,1_1,pure hypercholesterolemia,http://purl.obolibrary.org/obo/icdo.owl#ICDO_0000542,9,"Health & Medicine, International Classification of Disease Ontology"
"In the ontology of International Classification of Disease, which of the following definitions best describes 'single live birth'?","A. careful watch of patient who has a high chance of being pregnant

B. abnormality in the shape of a body part or organ

C. a problem with how your stomach and bowels function or work

D. used to just note the patient's status with their pregnancy",D,1_1,single live birth,http://purl.obolibrary.org/obo/icdo.owl#ICDO_0000544,9,"Health & Medicine, International Classification of Disease Ontology"
"In the ontology of International Classification of Disease, which of the following definitions best describes 'type 2 diabetes mellitus with other specified complications'?","A. disorders of lipoprotein metabolism that lead to atherosclerosis. These abnormalities arise from genetic and secondary factors and are caused by excessive entry of lipoproteins into the bloodstream or an impairment in their removal, or both.

B. A disorder characterized by laboratory test results that indicate a low concentration of potassium in the blood.

C. iron deficiecy is due to insufficient iron

D. high blood sugar because body cannot break down the sugar being taken in",D,1_1,type 2 diabetes mellitus with other specified complications,http://purl.obolibrary.org/obo/icdo.owl#ICDO_0000545,9,"Health & Medicine, International Classification of Disease Ontology"
"In the ontology of International Classification of Disease, which of the following definitions best describes 'hyperglycemia, unspecified'?","A. iron deficiecy is due to insufficient iron

B. Abnormally high blood glucose level, could be a sign of diabetes

C. disorders of lipoprotein metabolism that lead to atherosclerosis. These abnormalities arise from genetic and secondary factors and are caused by excessive entry of lipoproteins into the bloodstream or an impairment in their removal, or both.

D. Type 2 diabetes with diabetic macular edema (when blood vessels in the eye retina leak fluid, causing swelling in the macula)",B,1_1,"hyperglycemia, unspecified",http://purl.obolibrary.org/obo/icdo.owl#ICDO_0000547,10,"Health & Medicine, International Classification of Disease Ontology"
"In the ontology of International Classification of Disease, which of the following definitions best describes 'personal history of major surgery, not elsewhere classified'?","A. The part of the ear that projects from the head, connecting to the external acoustic meatus.

B. a history of medical treatment

C. A condition of the lung characterized by increase beyond normal in the size of air spaces distal to the terminal bronchioles, either from dilatation of the alveoli or from destruction of their walls.

D. this is a record of the patient",D,1_1,"personal history of major surgery, not elsewhere classified",http://purl.obolibrary.org/obo/icdo.owl#ICDO_0000548,6,"Health & Medicine, International Classification of Disease Ontology"
"In the ontology of International Classification of Disease, which of the following definitions best describes 'other specified sepsis'?","A. A condition characterized by a dry, waxy type of swelling (edema) with abnormal deposits of mucopolysaccharides in the skin and other tissues. It is caused by a deficiency of thyroid hormones.

B. disorders of lipoprotein metabolism that lead to atherosclerosis. These abnormalities arise from genetic and secondary factors and are caused by excessive entry of lipoproteins into the bloodstream or an impairment in their removal, or both.

C. body does not have enough nutrition to sustain itself

D. a serious condition resulting from the presence of harmful microorganisms in the blood or other tissues and the body’s response to their presence, potentially leading to the malfunctioning of various organs, shock, and death.",D,1_1,other specified sepsis,http://purl.obolibrary.org/obo/icdo.owl#ICDO_0000549,9,"Health & Medicine, International Classification of Disease Ontology"
"In the ontology of International Classification of Disease, which of the following definitions best describes 'myelodysplastic syndrome, unspecified'?","A. when a patient uses or loses more fluid than they take in

B. A disorder characterized by insufficiently healthy hematapoietic cell production by the bone marrow.

C. A disorder of lipoprotein metabolism characterized by high levels of cholesterol and triglycerides in the blood. It is caused by elevation of low density and very low density lipoproteins.

D. Conditions with excess lipids in the blood.",B,1_1,"myelodysplastic syndrome, unspecified",http://purl.obolibrary.org/obo/icdo.owl#ICDO_0000550,9,"Health & Medicine, International Classification of Disease Ontology"
"In the ontology of International Classification of Disease, which of the following definitions best describes 'sickle-cell disease without crisis'?","A. A blood disorder characterized by the appearance of sickle-shaped red blood cells and anemia.

B. occur when the body has too little or too much calcium.

C. A disorder characterized by laboratory test results that indicate a low concentration of potassium in the blood.

D. A condition caused by not getting enough calories or the right amount of key nutrients, such as vitamins and minerals, that are needed for health.",A,1_1,sickle-cell disease without crisis,http://purl.obolibrary.org/obo/icdo.owl#ICDO_0000551,9,"Health & Medicine, International Classification of Disease Ontology"
"In the ontology of International Classification of Disease, which of the following definitions best describes 'mild protein-calorie malnutrition'?","A. A nutritional condition produced by a deficiency of B group vitamins (folic acid, B-12) in the diet

B. Anemia (a condition in which you lack enough healthy red blood cells to carry adequate oxygen to your body's tissues) in patients with neoplasm (tumors)

C. A disease where the blood clots throughout the body and increases the risk of bleeding

D. body does not have enough nutrition to sustain itself",D,1_1,mild protein-calorie malnutrition,http://purl.obolibrary.org/obo/icdo.owl#ICDO_0000552,9,"Health & Medicine, International Classification of Disease Ontology"
"In the ontology of International Classification of Disease, which of the following definitions best describes 'iron deficiency'?","A. A pathological constriction that can occur above (supravalvular stenosis), below (subvalvular stenosis), or at the aortic valve. It is characterized by restricted outflow from the left ventricle into the aorta.

B. iron deficiecy is due to insufficient iron

C. A complication of type 2 diabetes, involving extremely high blood sugar (glucose) level without the presence of ketones.

D. an elevated uric acid level in the blood without symptoms of inflammatory arthritis and tophaceous disease",B,1_1,iron deficiency,http://purl.obolibrary.org/obo/icdo.owl#ICDO_0000553,9,"Health & Medicine, International Classification of Disease Ontology"
"In the ontology of International Classification of Disease, which of the following definitions best describes 'delirium due to known physiological condition'?","A. Single major depressive disorder episode (a depressed mood for two weeks or more)

B. someone has drank alcohol so much, that they depend on it to function

C. An acutely disturbed state of mind that occurs in fever, intoxication, and other disorders and is characterized by restlessness, illusions, and incoherence of thought and speech

D. this code must be sequenced as the second code, since it specifies that the disease has dementia in other diseases",C,1_1,delirium due to known physiological condition,http://purl.obolibrary.org/obo/icdo.owl#ICDO_0000555,9,"Health & Medicine, International Classification of Disease Ontology"
"In the ontology of International Classification of Disease, which of the following definitions best describes 'major depressive disorder, single episode, severe without psychotic features'?","A. dependence on nicotine

B. A condition in which a person loses the ability to think, remember, learn, make decisions, and solve problems. Symptoms may also include personality changes and emotional problems.

C. Single episode of major depressive disorder (persistent feeling of sadness and loss of interest)

D. patients falls into depression, one episode",D,1_1,"major depressive disorder, single episode, severe without psychotic features",http://purl.obolibrary.org/obo/icdo.owl#ICDO_0000556,9,"Health & Medicine, International Classification of Disease Ontology"
"In the ontology of International Classification of Disease, which of the following definitions best describes 'insomnia'?","A. a strong desire for sleep

B. Aphasia is the term for full loss of language and dysphasia is the term for partial loss of language.

C. emotional disorder that makes the patient try to lose weight

D. A disorder characterized by difficulty in falling asleep and/or remaining asleep.",D,1_1,insomnia,http://purl.obolibrary.org/obo/icdo.owl#ICDO_0000559,9,"Health & Medicine, International Classification of Disease Ontology"
"In the ontology of International Classification of Disease, which of the following definitions best describes 'other pulmonary embolism without acute cor pulmonale'?","A. Abnormally decreased volume of circulating fluid (plasma) in body.

B. high blood potassium levels

C. diabetes is usually an inherited disease that makes people obese and have problems with daily life

D. a sudden blockage in a lung artery. The cause is usually a blood clot in the leg called a deep vein thrombosis that breaks loose and travels through the bloodstream to the lung",D,1_1,other pulmonary embolism without acute cor pulmonale,http://purl.obolibrary.org/obo/icdo.owl#ICDO_0000560,9,"Health & Medicine, International Classification of Disease Ontology"
"In the ontology of International Classification of Disease, which of the following definitions best describes 'nonrheumatic aortic (valve) stenosis'?","A. high levels of sugar in the blood

B. A pathological constriction that can occur above (supravalvular stenosis), below (subvalvular stenosis), or at the aortic valve. It is characterized by restricted outflow from the left ventricle into the aorta.

C. occur when the body has too little or too much calcium.

D. blood sugar (glucose) levels are abnormally high because the body does not produce enough insulin to meet its needs.",B,1_1,nonrheumatic aortic (valve) stenosis,http://purl.obolibrary.org/obo/icdo.owl#ICDO_0000561,9,"Health & Medicine, International Classification of Disease Ontology"
"In the ontology of International Classification of Disease, which of the following definitions best describes 'cardiac arrest'?","A. A disorder of lipoprotein metabolism characterized by high levels of cholesterol and triglycerides in the blood. It is caused by elevation of low density and very low density lipoproteins.

B. Abnormally decreased volume of circulating fluid (plasma) in body.

C. A pathological constriction that can occur above (supravalvular stenosis), below (subvalvular stenosis), or at the aortic valve. It is characterized by restricted outflow from the left ventricle into the aorta.

D. Cessation of heart beat or myocardial contraction. If it is treated within a few minutes, heart arrest can be reversed in most cases to normal cardiac rhythm and effective circulation",D,1_1,cardiac arrest,http://purl.obolibrary.org/obo/icdo.owl#ICDO_0000562,9,"Health & Medicine, International Classification of Disease Ontology"
"In the ontology of International Classification of Disease, which of the following definitions best describes 'monoclonal gammopathy'?","A. genetic anomaly that causes high cholesterol levels

B. having more weight than the average human

C. The prescense of diabetic ketoacidosis (body produces high levels of ketones and not enough insulin) in type 1 diabetic patients

D. A benign condition in which there is a higher-than-normal level of a protein called m protein in the blood.",D,1_1,monoclonal gammopathy,http://purl.obolibrary.org/obo/icdo.owl/ICDO_0000002,9,"Health & Medicine, International Classification of Disease Ontology"
"In the ontology of International Classification of Disease, which of the following definitions best describes 'New: Other osteomyelitis'?","A. when your prostate gland becomes suddenly inflamed

B. infection and inflammation of the bone or bone marrow

C. Type 1 diabetes (body cannot break down sugars very easily) with unspecified complications

D. Inflammation of bone caused by infection, generally in the legs, arm, or spine.",D,1_1,New: Other osteomyelitis,http://purl.obolibrary.org/obo/icdo.owl/ICDO_0000005,9,"Health & Medicine, International Classification of Disease Ontology"
"In the ontology of International Classification of Disease, which of the following definitions best describes 'Otalgia, unspecified ear'?","A. lower respiratoy tract infection that causes reversible bronchia inflammation

B. A blood vessel that is part of a heart [Automatically generated definition].

C. Pain in the inner or outer ear that may interfere with ability to hear, often caused by excess fluid and infection.

D. Pneumococcal disease is caused by common bacteria (Streptococcus pneumoniae) that can attack different parts of the body. When these bacteria invade the lungs, they can cause pneumonia; when they invade the bloodstream, they can cause sepsis; and when they invade the covering of the brain, they can cause meningitis.",C,1_1,"Otalgia, unspecified ear",http://purl.obolibrary.org/obo/icdo.owl/ICDO_0000011,5,"Health & Medicine, International Classification of Disease Ontology"
"In the ontology of International Classification of Disease, which of the following definitions best describes 'Acute promyelocytic leukemia'?","A. omental infarction, or omental torsion, is an acute vascular disorder which compromises tissue of the greater omentum – the largest peritoneal fold in the abdomen.

B. An acute myeloid leukemia (aml) in which abnormal promyelocytes predominate. It is characterized by the t(15;17)(q22;q12) translocation. There are two variants: the typical and microgranular variant. This aml is particularly sensitive to treatment with all trans-retinoic acid and has a favorable prognosis.

C. Acute promyelocytic leukemia (APML, APL) is the M3 subtype of acute myelogenous leukemia (AML), a cancer of the white blood cells.

D. Acute lymphoblastic leukemia is an acute form of leukemia, or cancer of the white blood cells, characterized by the overproduction and accumulation of cancerous, immature white blood cells, known as lymphoblasts.",C,1_1,Acute promyelocytic leukemia,http://purl.obolibrary.org/obo/icdo.owl/ICDO_0000015,7,"Health & Medicine, International Classification of Disease Ontology"
"In the ontology of International Classification of Disease, which of the following definitions best describes 'Acute promyelocytic leukemia, not having achieved remission'?","A. An acute myeloid leukemia (aml) in which abnormal promyelocytes predominate. It is characterized by the t(15;17)(q22;q12) translocation. There are two variants: the typical and microgranular variant. This aml is particularly sensitive to treatment with all trans-retinoic acid and has a favorable prognosis.

B. An infection that inflames the air sacs in one or both lungs caused by Parainfluenza virus

C. Acute promyelocytic leukemia (APML, APL) is the M3 subtype of acute myelogenous leukemia (AML), a cancer of the white blood cells.

D. Encounter for fitting and adjustment of extracorporeal dialysis catheter",A,1_1,"Acute promyelocytic leukemia, not having achieved remission",http://purl.obolibrary.org/obo/icdo.owl/ICDO_0000017,8,"Health & Medicine, International Classification of Disease Ontology"
"In the ontology of International Classification of Disease, which of the following definitions best describes 'Acute vascular disorders of intestine'?","A. Infective endocarditis is a form of endocarditis. It is an inflammation of the inner tissues of the heart, the endocardium (such as its valves)

B. Subacute bacterial endocarditis is a type of endocarditis (more specifically, infective endocarditis). Subacute bacterial endocarditis can be considered a form of type III hypersensitivity.

C. Acute lymphoblastic leukemia is an acute form of leukemia, or cancer of the white blood cells, characterized by the overproduction and accumulation of cancerous, immature white blood cells, known as lymphoblasts.

D. omental infarction, or omental torsion, is an acute vascular disorder which compromises tissue of the greater omentum – the largest peritoneal fold in the abdomen.",D,1_1,Acute vascular disorders of intestine,http://purl.obolibrary.org/obo/icdo.owl/ICDO_0000021,7,"Health & Medicine, International Classification of Disease Ontology"
"In the ontology of International Classification of Disease, which of the following definitions best describes 'Pathological fracture, unspecified tibia and fibula, sequela'?","A. a broken bone that's caused by a disease, rather than an injury.

B. a broken bone that's caused by a disease, rather than an injury.

C. ICDO: International Classification of Diseases Ontology

D. a broken bone that's caused by a disease, rather than an injury.",A,1_1,"Pathological fracture, unspecified tibia and fibula, sequela",http://purl.obolibrary.org/obo/icdo.owl/ICDO_0000032,5,"Health & Medicine, International Classification of Disease Ontology"
"In the ontology of International Classification of Disease, which of the following definitions best describes 'New: Chronic kidney disease, stage 1'?","A. patient is depending on renal dialysis which is a procedure that is a substitute for many of the normal functions of the kidneys

B. Abortion is the ending of pregnancy by removing a fetus or embryo before it can survive outside the uterus. An abortion may be caused purposely and is then called an induced abortion, or less frequently, ""induced miscarriage"".

C. The biopsy findings were consistent with the renal lesions of toxemia of pregnancy, although other renal diseases such as Henoch Schonlein nephritis or lupus proliferative glomerulonephritis cannot be excluded

D. Chronic kidney disease (CKD), also known as chronic renal disease, is progressive loss in kidney function over a period of months or years.",D,1_1,"New: Chronic kidney disease, stage 1",http://purl.obolibrary.org/obo/icdo.owl/ICDO_0000035,6,"Health & Medicine, International Classification of Disease Ontology"
"In the ontology of International Classification of Disease, which of the following definitions best describes 'Renal failure following (induced) termination of pregnancy'?","A. Abortion is the ending of pregnancy by removing a fetus or embryo before it can survive outside the uterus. An abortion may be caused purposely and is then called an induced abortion, or less frequently, ""induced miscarriage"".

B. Chronic kidney disease (CKD), also known as chronic renal disease, is progressive loss in kidney function over a period of months or years.

C. The biopsy findings were consistent with the renal lesions of toxemia of pregnancy, although other renal diseases such as Henoch Schonlein nephritis or lupus proliferative glomerulonephritis cannot be excluded

D. patient is depending on renal dialysis which is a procedure that is a substitute for many of the normal functions of the kidneys",A,1_1,Renal failure following (induced) termination of pregnancy,http://purl.obolibrary.org/obo/icdo.owl/ICDO_0000036,6,"Health & Medicine, International Classification of Disease Ontology"
"In the ontology of International Classification of Disease, which of the following definitions best describes 'Osteonecrosis, unspecified'?","A. Osteonecrosis occurs when your bones lose their blood supply. The bones die and eventually collapse, leading to pain and arthritis. You can have osteonecrosis in one or several bones. It is most common in the upper leg.

B. a painful condition that occurs when pressure within the muscles builds to dangerous levels. This pressure can decrease blood flow, which prevents nourishment and oxygen from reaching nerve and muscle cells

C. degeneration of the tissues of the hip joint, including hyaline cartilage, fibrocartilage, bone, and synovium

D. Acute or chronic pain in the lumbar or sacral regions",A,1_1,"Osteonecrosis, unspecified",http://purl.obolibrary.org/obo/icdo.owl/ICDO_0000038,8,"Health & Medicine, International Classification of Disease Ontology"
"In the ontology of International Classification of Disease, which of the following definitions best describes 'Pneumonia, unspecified organism'?","A. Bronchopneumonia, bronchial pneumonia or bronchogenic pneumonia (not to be confused with lobar pneumonia) is the acute inflammation of the walls of the bronchioles.

B. Influenza due to unidentified influenza virus with other respiratory manifestations

C. Influenza, commonly known as ""the flu"", is an infectious disease caused by an influenza virus.

D. Pneumonia is an infection of one or both of the lungs caused by bacteria, viruses, or fungi.",A,1_1,"Pneumonia, unspecified organism",http://purl.obolibrary.org/obo/icdo.owl/ICDO_0000039,10,"Health & Medicine, International Classification of Disease Ontology"
"In the ontology of International Classification of Disease, which of the following definitions best describes 'Influenza due to other identified influenza virus with other respiratory manifestations'?","A. Respiratory disease is a medical term that encompasses pathological conditions affecting the organs and tissues that make gas exchange possible in higher organisms, and includes conditions of the upper respiratory tract, trachea, bronchi, bronchioles, alveoli, pleura and pleural cavity, and the nerves and muscles of breathing.

B. Bronchopneumonia, bronchial pneumonia or bronchogenic pneumonia (not to be confused with lobar pneumonia) is the acute inflammation of the walls of the bronchioles.

C. Viral pneumonia is an infection of your lungs caused by a virus.

D. A common viral infection that can be deadly, especially in high-risk groups.",A,1_1,Influenza due to other identified influenza virus with other respiratory manifestations,http://purl.obolibrary.org/obo/icdo.owl/ICDO_0000040,10,"Health & Medicine, International Classification of Disease Ontology"
"In the ontology of International Classification of Disease, which of the following definitions best describes 'Influenza due to unidentified influenza virus with gastrointestinal manifestations'?","A. Infection that inflames air sacs in one or both lungs, which may fill with fluid.

B. Influenza due to unidentified influenza virus with other respiratory manifestations

C. Influenza, commonly known as ""the flu"", is an infectious disease caused by an influenza virus.

D. Viral pneumonia is an infection of your lungs caused by a virus.",C,1_1,Influenza due to unidentified influenza virus with gastrointestinal manifestations,http://purl.obolibrary.org/obo/icdo.owl/ICDO_0000041,10,"Health & Medicine, International Classification of Disease Ontology"
"In the ontology of International Classification of Disease, which of the following definitions best describes 'Influenza due to unidentified influenza virus with encephalopathy'?","A. Influenza is a viral infection that attacks your respiratory system — your nose, throat and lungs.

B. Influenza, commonly known as ""the flu"", is an infectious disease caused by an influenza virus.

C. Inflammation of the lung parenchyma that is caused by bacterial infections.

D. Gastroenteritis, also known as infectious diarrhea, is inflammation of the gastrointestinal tract that involves the stomach and small intestine.",D,1_1,Influenza due to unidentified influenza virus with encephalopathy,http://purl.obolibrary.org/obo/icdo.owl/ICDO_0000042,10,"Health & Medicine, International Classification of Disease Ontology"
"In the ontology of International Classification of Disease, which of the following definitions best describes 'Influenza due to unidentified influenza virus with other manifestations'?","A. Gastroenteritis, also known as infectious diarrhea, is inflammation of the gastrointestinal tract that involves the stomach and small intestine.

B. A common viral infection that can be deadly, especially in high-risk groups.

C. Infection that inflames air sacs in one or both lungs, which may fill with fluid.

D. Influenza, commonly known as ""the flu"", is an infectious disease caused by an influenza virus. Symptoms can be mild to severe.",A,1_1,Influenza due to unidentified influenza virus with other manifestations,http://purl.obolibrary.org/obo/icdo.owl/ICDO_0000043,10,"Health & Medicine, International Classification of Disease Ontology"
"In the ontology of International Classification of Disease, which of the following definitions best describes 'Bronchitis, not specified as acute or chronic'?","A. A condition of the lung characterized by increase beyond normal in the size of air spaces distal to the terminal bronchioles, either from dilatation of the alveoli or from destruction of their walls.

B. (bron-kye-tis) inflammation (swelling and reddening) of the bronchi.

C. Chronic obstructive pulmonary disease (COPD) is a type of obstructive lung disease characterized by chronically poor airflow.

D. Mucoid sputum production characterizes simple chronic bronchitis. Persistent or recurrent purulent sputum production in the absence of localized suppurative disease, such as bronchiectasis, characterizes chronic mucopurulent bronchitis",C,1_1,"Bronchitis, not specified as acute or chronic",http://purl.obolibrary.org/obo/icdo.owl/ICDO_0000045,9,"Health & Medicine, International Classification of Disease Ontology"
"In the ontology of International Classification of Disease, which of the following definitions best describes 'Simple chronic bronchitis'?","A. Chronic obstructive pulmonary disease (COPD) is a type of obstructive lung disease characterized by chronically poor airflow.

B. A chronic disease in which the bronchial airways in the lungs become narrowed and swollen, making it difficult to breathe. Symptoms include wheezing, coughing, tightness in the chest, shortness of breath, and rapid breathing. An attack may be brought on by pet hair, dust, smoke, pollen, mold, exercise, cold air, or stress.

C. a chronic disease in which the bronchial airways in the lungs become narrowed and swollen, making it difficult to breathe

D. Chronic obstructive pulmonary disease (COPD) is a type of obstructive lung disease characterized by chronically poor airflow.",A,1_1,Simple chronic bronchitis,http://purl.obolibrary.org/obo/icdo.owl/ICDO_0000046,9,"Health & Medicine, International Classification of Disease Ontology"
"In the ontology of International Classification of Disease, which of the following definitions best describes 'Angina pectoris, unspecified'?","A. Also called coronary artery disease, describes heart problems caused by narrowed arteries that supply blood to the heart.

B. Unstable angina (UA) is a type of angina pectoris that is irregular.

C. heart problems caused by narrowed heart arteries. When arteries are narrowed, less blood and oxygen reaches the heart muscle. This is also called coronary artery disease and coronary heart disease. This can ultimately lead to heart attack.

D. Coronary artery disease (CAD), also known as ischemic heart disease (IHD), is a group of diseases that includes: stable angina, unstable angina, myocardial infarction, and sudden coronary death. It is within the group of cardiovascular diseases of which it is the most common type.",D,1_1,"Angina pectoris, unspecified",http://purl.obolibrary.org/obo/icdo.owl/ICDO_0000050,9,"Health & Medicine, International Classification of Disease Ontology"
"In the ontology of International Classification of Disease, which of the following definitions best describes 'ST elevation (STEMI) myocardial infarction of anterior wall'?","A. heart problems caused by narrowed heart arteries. When arteries are narrowed, less blood and oxygen reaches the heart muscle. This is also called coronary artery disease and coronary heart disease. This can ultimately lead to heart attack.

B. Coronary artery disease (CAD), also known as ischemic heart disease (IHD), is a group of diseases that includes: stable angina, unstable angina, myocardial infarction, and sudden coronary death. It is within the group of cardiovascular diseases of which it is the most common type.

C. Also called coronary artery disease, describes heart problems caused by narrowed arteries that supply blood to the heart.

D. Unstable angina (UA) is a type of angina pectoris that is irregular.",D,1_1,ST elevation (STEMI) myocardial infarction of anterior wall,http://purl.obolibrary.org/obo/icdo.owl/ICDO_0000051,9,"Health & Medicine, International Classification of Disease Ontology"
"In the ontology of International Classification of Disease, which of the following definitions best describes 'Atrioventricular block, first degree'?","A. is an abnormal connection between two hollow spaces (technically, two epithelialized surfaces), such as blood vessels, intestines, or other hollow organs. Fistulas are usually caused by injury or surgery, but they can also result from an infection or inflammation.[3] Fistulas are generally a disease condition, but they may be surgically created for therapeutic reasons.

B. First-degree atrioventricular block (AV block), or PR prolongation, is a disease of the electrical conduction system of the heart in which the PR interval is lengthened beyond 0.20 seconds.

C. a common electrocardiographic (ECG) abnormality seen in patients whose normal cardiac conduction down both anterior and posterior left fascicles of the His-Purkinje system is compromised.

D. Electrical impulses that cause your heart to beat originate in the upper right chamber of the heart and travel to the lower chambers. In bundle branch block, the pathway that these impulses travel on is delayed or blocked.",B,1_1,"Atrioventricular block, first degree",http://purl.obolibrary.org/obo/icdo.owl/ICDO_0000052,9,"Health & Medicine, International Classification of Disease Ontology"
"In the ontology of International Classification of Disease, which of the following definitions best describes 'Other secondary pulmonary hypertension'?","A. A blockage of an artery in the lungs by a foreign substance

B. Presence of a blockage in one of the pulmonary arteries in the lungs in patients with acute cor pulmonale (acute right heart failure)

C. the enlargement and failure of the right ventricle of the heart as a response to increased vascular resistance or high blood pressure in the lungs.

D. Pulmonary hypertension (PH) is an increase of blood pressure in the pulmonary artery, pulmonary vein, or pulmonary capillaries, together known as the lung vasculature, leading to shortness of breath, dizziness, fainting, leg swelling and other symptoms.",D,1_1,Other secondary pulmonary hypertension,http://purl.obolibrary.org/obo/icdo.owl/ICDO_0000053,9,"Health & Medicine, International Classification of Disease Ontology"
"In the ontology of International Classification of Disease, which of the following definitions best describes 'Other impaction of intestine'?","A. Enterocolitis or coloenteritis is an inflammation of the digestive tract, involving enteritis of the small intestine and colitis of the colon.

B. any health problem that occurs in the digestive tract.

C. An enterolith is a mineral concretion or calculus formed anywhere in the gastrointestinal system.

D. A disorder characterized by acute inflammation to the vermiform appendix caused by a pathogenic agent.",C,1_1,Other impaction of intestine,http://purl.obolibrary.org/obo/icdo.owl/ICDO_0000055,8,"Health & Medicine, International Classification of Disease Ontology"
"In the ontology of International Classification of Disease, which of the following definitions best describes 'Diaphragmatic hernia without obstruction or gangrene'?","A. Acute inflammation of the appendix. Acute appendicitis is classified as simple, gangrenous, or perforated.

B. a hernia is the exit of an organ, such as the bowel, through the wall of the cavity in which it normally resides.

C. A hernia is caused by the protrusion of a viscus (in the case of groin hernias, an intraabdominal organ) through a weakness in the containing wall.

D. A congenital or acquired weakness or opening in the diaphragm which allows abdominal contents to protrude into the chest cavity; congenital diaphragmatic hernias are caused when the embryonic diaphragm fails to fuse.",D,1_1,Diaphragmatic hernia without obstruction or gangrene,http://purl.obolibrary.org/obo/icdo.owl/ICDO_0000056,8,"Health & Medicine, International Classification of Disease Ontology"
"In the ontology of International Classification of Disease, which of the following definitions best describes 'Oral mucositis (ulcerative), unspecified'?","A. An enterolith is a mineral concretion or calculus formed anywhere in the gastrointestinal system.

B. A mouth ulcer (also termed an oral ulcer, or a mucosal ulcer) is an ulcer that occurs on the mucous membrane of the oral cavity.

C. A disorder characterized by acute inflammation to the vermiform appendix caused by a pathogenic agent.

D. A hernia is caused by the protrusion of a viscus (in the case of groin hernias, an intraabdominal organ) through a weakness in the containing wall.",B,1_1,"Oral mucositis (ulcerative), unspecified",http://purl.obolibrary.org/obo/icdo.owl/ICDO_0000057,8,"Health & Medicine, International Classification of Disease Ontology"
"In the ontology of International Classification of Disease, which of the following definitions best describes 'Unspecified acute appendicitis'?","A. A hernia is caused by the protrusion of a viscus (in the case of groin hernias, an intraabdominal organ) through a weakness in the containing wall.

B. A congenital or acquired weakness or opening in the diaphragm which allows abdominal contents to protrude into the chest cavity; congenital diaphragmatic hernias are caused when the embryonic diaphragm fails to fuse.

C. Enteritis (entero- + -itis) is inflammation of the small intestine.

D. A disorder characterized by acute inflammation to the vermiform appendix caused by a pathogenic agent.",D,1_1,Unspecified acute appendicitis,http://purl.obolibrary.org/obo/icdo.owl/ICDO_0000058,8,"Health & Medicine, International Classification of Disease Ontology"
"In the ontology of International Classification of Disease, which of the following definitions best describes 'Unspecified appendicitis'?","A. A congenital or acquired weakness or opening in the diaphragm which allows abdominal contents to protrude into the chest cavity; congenital diaphragmatic hernias are caused when the embryonic diaphragm fails to fuse.

B. Acute inflammation of the appendix. Acute appendicitis is classified as simple, gangrenous, or perforated.

C. Enterocolitis or coloenteritis is an inflammation of the digestive tract, involving enteritis of the small intestine and colitis of the colon.

D. An enterolith is a mineral concretion or calculus formed anywhere in the gastrointestinal system.",B,1_1,Unspecified appendicitis,http://purl.obolibrary.org/obo/icdo.owl/ICDO_0000059,8,"Health & Medicine, International Classification of Disease Ontology"
"In the ontology of International Classification of Disease, which of the following definitions best describes 'Unilateral femoral hernia, with obstruction, without gangrene, not specified as recurrent'?","A. A hernia is caused by the protrusion of a viscus (in the case of groin hernias, an intraabdominal organ) through a weakness in the containing wall.

B. A mouth ulcer (also termed an oral ulcer, or a mucosal ulcer) is an ulcer that occurs on the mucous membrane of the oral cavity.

C. Acute inflammation of the appendix. Acute appendicitis is classified as simple, gangrenous, or perforated.

D. A biliary obstruction is a blockage of the bile ducts.",A,1_1,"Unilateral femoral hernia, with obstruction, without gangrene, not specified as recurrent",http://purl.obolibrary.org/obo/icdo.owl/ICDO_0000060,8,"Health & Medicine, International Classification of Disease Ontology"
"In the ontology of International Classification of Disease, which of the following definitions best describes 'Unspecified abdominal hernia with obstruction, without gangrene'?","A. A mouth ulcer (also termed an oral ulcer, or a mucosal ulcer) is an ulcer that occurs on the mucous membrane of the oral cavity.

B. A congenital or acquired weakness or opening in the diaphragm which allows abdominal contents to protrude into the chest cavity; congenital diaphragmatic hernias are caused when the embryonic diaphragm fails to fuse.

C. A biliary obstruction is a blockage of the bile ducts.

D. a hernia is the exit of an organ, such as the bowel, through the wall of the cavity in which it normally resides.",D,1_1,"Unspecified abdominal hernia with obstruction, without gangrene",http://purl.obolibrary.org/obo/icdo.owl/ICDO_0000061,8,"Health & Medicine, International Classification of Disease Ontology"
"In the ontology of International Classification of Disease, which of the following definitions best describes 'New: Ulcerative (chronic) pancolitis'?","A. A congenital or acquired weakness or opening in the diaphragm which allows abdominal contents to protrude into the chest cavity; congenital diaphragmatic hernias are caused when the embryonic diaphragm fails to fuse.

B. A biliary obstruction is a blockage of the bile ducts.

C. A disorder characterized by acute inflammation to the vermiform appendix caused by a pathogenic agent.

D. Enterocolitis or coloenteritis is an inflammation of the digestive tract, involving enteritis of the small intestine and colitis of the colon.",D,1_1,New: Ulcerative (chronic) pancolitis,http://purl.obolibrary.org/obo/icdo.owl/ICDO_0000062,8,"Health & Medicine, International Classification of Disease Ontology"
"In the ontology of International Classification of Disease, which of the following definitions best describes 'Obstruction of gallbladder'?","A. a hernia is the exit of an organ, such as the bowel, through the wall of the cavity in which it normally resides.

B. A biliary obstruction is a blockage of the bile ducts.

C. An enterolith is a mineral concretion or calculus formed anywhere in the gastrointestinal system.

D. A mouth ulcer (also termed an oral ulcer, or a mucosal ulcer) is an ulcer that occurs on the mucous membrane of the oral cavity.",B,1_1,Obstruction of gallbladder,http://purl.obolibrary.org/obo/icdo.owl/ICDO_0000064,8,"Health & Medicine, International Classification of Disease Ontology"
"In the ontology of International Classification of Disease, which of the following definitions best describes 'New: Hereditary choroidal dystrophy, unspecified'?","A. an eye disorder that involves a layer of blood vessels called the choroid.

B. an eye disorder that involves a layer of blood vessels called the choroid.

C. Inflammation of the liver caused by hepatitis c virus lasting six months or more

D. a chronic metabolic disease characterized by structural and functional alterations and interstitial fibrosis without coronary artery disease or hypertension",A,1_1,"New: Hereditary choroidal dystrophy, unspecified",http://purl.obolibrary.org/obo/icdo.owl/ICDO_0000066,9,"Health & Medicine, International Classification of Disease Ontology"
"In the ontology of International Classification of Disease, which of the following definitions best describes 'Disorders of visual cortex'?","A. Diseases and conditions affecting the eyes

B. a decreased ability to see to a degree that causes problems not fixable by usual means, such as glasses.

C. an eye disorder that involves a layer of blood vessels called the choroid.

D. A blood that is part of a artery.",B,1_1,Disorders of visual cortex,http://purl.obolibrary.org/obo/icdo.owl/ICDO_0000068,8,"Health & Medicine, International Classification of Disease Ontology"
"In the ontology of International Classification of Disease, which of the following definitions best describes 'New: Chronic kidney disease, stage 2 (mild)'?","A. A disorder characterized by gradual and usually permanent loss of kidney function resulting in renal failure.

B. A disease that causes moderate kidney damage. A person is more likely to develop complications of kidney disease such as high blood pressure, anemia, and/or early bone disease.

C. Chronic, irreversible renal failure.

D. progressive loss in kidney function over a period of months or years.",D,1_1,"New: Chronic kidney disease, stage 2 (mild)",http://purl.obolibrary.org/obo/icdo.owl/ICDO_0000069,10,"Health & Medicine, International Classification of Disease Ontology"
"In the ontology of International Classification of Disease, which of the following definitions best describes 'Nonobstructive reflux-associated chronic pyelonephritis'?","A. Reflux nephropathy is kidney damage (nephropathy) due to urine flowing backward (reflux) from the bladder toward the kidneys; the latter is called vesicoureteral reflux (VUR).

B. acute or chronic inflammation of the renal tubules and interstitium. Acute interstitial nephritis is commonly caused by allergic reactions to drugs, but infection or systemic disease may also precipitate the disease.

C. a bacterial infection causing inflammation of the kidneys and is one of the most common diseases of the kidney.

D. Anatomical entity that has mass.",A,1_1,Nonobstructive reflux-associated chronic pyelonephritis,http://purl.obolibrary.org/obo/icdo.owl/ICDO_0000070,9,"Health & Medicine, International Classification of Disease Ontology"
"In the ontology of International Classification of Disease, which of the following definitions best describes 'Acute nephritic syndrome with other morphologic changes'?","A. Diseases that affect the male reproductive and genital organs

B. A disorder characterized by the acute loss of renal function

C. a kidney disorder that causes your body to pass too much protein in your urine

D. Acute proliferative glomerulonephritis is a disorder of the glomeruli (glomerulonephritis), or small blood vessels in the kidneys.",D,1_1,Acute nephritic syndrome with other morphologic changes,http://purl.obolibrary.org/obo/icdo.owl/ICDO_0000071,8,"Health & Medicine, International Classification of Disease Ontology"
"In the ontology of International Classification of Disease, which of the following definitions best describes 'New: Calculus of ureter'?","A. Diseases that affect the male reproductive and genital organs

B. acute or chronic inflammation of the renal tubules and interstitium. Acute interstitial nephritis is commonly caused by allergic reactions to drugs, but infection or systemic disease may also precipitate the disease.

C. Ureteral stones are kidney stones that have become stuck in one or both ureters (the tubes that carry urine from the kidneys to the bladder)

D. A genetic or acquired polyuric disorder characterized by persistent hypotonic urine and hypokalemia. ~ an inability to concentrate urine due to impaired renal tubule response to vasopressin (ADH), which leads to excretion of large amounts of dilute urine.",C,1_1,New: Calculus of ureter,http://purl.obolibrary.org/obo/icdo.owl/ICDO_0000073,8,"Health & Medicine, International Classification of Disease Ontology"
"In the ontology of International Classification of Disease, which of the following definitions best describes 'Nephrogenic diabetes insipidus'?","A. inflammation of the glomeruli, which are structures in your kidneys that are made up of tiny blood vessels. These knots of vessels help filter your blood and remove excess fluids. If your glomeruli are damaged, your kidneys will stop working properly, and you can go into kidney failure

B. A disorder characterized by the acute loss of renal function

C. A genetic or acquired polyuric disorder characterized by persistent hypotonic urine and hypokalemia. ~ an inability to concentrate urine due to impaired renal tubule response to vasopressin (ADH), which leads to excretion of large amounts of dilute urine.

D. Ureteral stones are kidney stones that have become stuck in one or both ureters (the tubes that carry urine from the kidneys to the bladder)",C,1_1,Nephrogenic diabetes insipidus,http://purl.obolibrary.org/obo/icdo.owl/ICDO_0000074,8,"Health & Medicine, International Classification of Disease Ontology"
"In the ontology of International Classification of Disease, which of the following definitions best describes 'New: Acute cystitis'?","A. a kidney disorder that causes your body to pass too much protein in your urine

B. a sudden inflammation of the urinary bladder

C. Diseases that affect the male reproductive and genital organs

D. An acute infection of the bladder",D,1_1,New: Acute cystitis,http://purl.obolibrary.org/obo/icdo.owl/ICDO_0000075,8,"Health & Medicine, International Classification of Disease Ontology"
"In the ontology of International Classification of Disease, which of the following definitions best describes 'New: Acute cystitis with hematuria'?","A. sudden onset of hematuria combined with bladder pain and irritative bladder symptoms. Hematuria is blood in the urine.

B. A disease process that has the outcome of the formation of a cyst

C. An acute infection of the bladder

D. a sudden inflammation of the urinary bladder",A,1_1,New: Acute cystitis with hematuria,http://purl.obolibrary.org/obo/icdo.owl/ICDO_0000077,9,"Health & Medicine, International Classification of Disease Ontology"
"In the ontology of International Classification of Disease, which of the following definitions best describes 'Benign prostatic hyperplasia without lower urinary tract symptoms'?","A. Age-associated prostate gland enlargement that can cause urination difficulty.

B. A benign (noncancerous) condition in which an overgrowth of prostate tissue pushes against the urethra and the bladder, blocking the flow of urine.

C. diabetes is usually an inherited disease that makes people obese and have problems with daily life

D. Respiratory conditions due to inhalation of chemicals, gases, fumes and vapors",A,1_1,Benign prostatic hyperplasia without lower urinary tract symptoms,http://purl.obolibrary.org/obo/icdo.owl/ICDO_0000078,10,"Health & Medicine, International Classification of Disease Ontology"
"In the ontology of International Classification of Disease, which of the following definitions best describes 'Osteoarthritis of knee, unspecified'?","A. a fatigue-induced fracture of the bone caused by repeated stress over time.

B. infection and inflammation of the bone or bone marrow

C. Spondyloarthropathy or spondyloarthrosis refers to any joint disease of the vertebral column.

D. Osteoarthritis (OA) is a type of joint disease that results from breakdown of joint cartilage and underlying bone.",D,1_1,"Osteoarthritis of knee, unspecified",http://purl.obolibrary.org/obo/icdo.owl/ICDO_0000079,8,"Health & Medicine, International Classification of Disease Ontology"
"In the ontology of International Classification of Disease, which of the following definitions best describes 'New: Ankylosing spondylitis'?","A. Osteoporosis is the most common bone disease and is caused by the thinning of the bones

B. degeneration of the tissues of the hip joint, including hyaline cartilage, fibrocartilage, bone, and synovium

C. Spondyloarthropathy or spondyloarthrosis refers to any joint disease of the vertebral column.

D. Diseases and conditions affecting the muskoskeletal system and connective tissue",C,1_1,New: Ankylosing spondylitis,http://purl.obolibrary.org/obo/icdo.owl/ICDO_0000080,8,"Health & Medicine, International Classification of Disease Ontology"
"In the ontology of International Classification of Disease, which of the following definitions best describes 'New: Juvenile arthritis, unspecified, unspecified site'?","A. Childhood arthritis is any form of arthritis or arthritis-related conditions which affects individuals under the age of 16

B. Childhood arthritis is any form of arthritis or arthritis-related conditions which affects individuals under the age of 16.

C. A collection of anatomical structures that are alike in terms of their morphology or developmental origin.

D. muscle aches and pain, which can involve ligaments, tendons and fascia, the soft tissues that connect muscles, bones and organs",A,1_1,"New: Juvenile arthritis, unspecified, unspecified site",http://purl.obolibrary.org/obo/icdo.owl/ICDO_0000082,9,"Health & Medicine, International Classification of Disease Ontology"
"In the ontology of International Classification of Disease, which of the following definitions best describes 'New: Infective myositis'?","A. A disorder characterized by an infectious process involving the skeletal muscles.

B. Osteoarthritis (OA) is a type of joint disease that results from breakdown of joint cartilage and underlying bone.

C. A disorder characterized by an infectious process involving the skeletal muscles.

D. degeneration of the tissues of the hip joint, including hyaline cartilage, fibrocartilage, bone, and synovium",A,1_1,New: Infective myositis,http://purl.obolibrary.org/obo/icdo.owl/ICDO_0000084,8,"Health & Medicine, International Classification of Disease Ontology"
"In the ontology of International Classification of Disease, which of the following definitions best describes 'Osteitis deformans in neoplastic diseases, unspecified site'?","A. A chronic condition in which both the breakdown and regrowth of bone are increased.

B. Spondyloarthropathy or spondyloarthrosis refers to any joint disease of the vertebral column.

C. Osteoarthritis (OA) is a type of joint disease that results from breakdown of joint cartilage and underlying bone.

D. A disorder characterized by an infectious process involving the skeletal muscles.",A,1_1,"Osteitis deformans in neoplastic diseases, unspecified site",http://purl.obolibrary.org/obo/icdo.owl/ICDO_0000086,8,"Health & Medicine, International Classification of Disease Ontology"
"In the ontology of International Classification of Disease, which of the following definitions best describes 'New: Stress fracture, unspecified tibia and fibula, sequela'?","A. A disorder characterized by an infectious process involving the skeletal muscles.

B. a painful condition that occurs when pressure within the muscles builds to dangerous levels. This pressure can decrease blood flow, which prevents nourishment and oxygen from reaching nerve and muscle cells

C. a fatigue-induced fracture of the bone caused by repeated stress over time.

D. Muscle disorders that cause weakness, pain or even paralysis",C,1_1,"New: Stress fracture, unspecified tibia and fibula, sequela",http://purl.obolibrary.org/obo/icdo.owl/ICDO_0000087,8,"Health & Medicine, International Classification of Disease Ontology"
"In the ontology of International Classification of Disease, which of the following definitions best describes 'Flaccid hemiplegia'?","A. Flaccid paralysis is a clinical manifestation characterized by weakness or paralysis and reduced muscle tone without other obvious cause (e.g., trauma).

B. Bleeding into one or both cerebral hemispheres including the basal ganglia and the cerebral cortex. It is often associated with hypertension and craniocerebral trauma.

C. cancerous tumor of the brain

D. Paralysis of one side of the body with unspecified cause",A,1_1,Flaccid hemiplegia,http://purl.obolibrary.org/obo/icdo.owl/ICDO_0000090,8,"Health & Medicine, International Classification of Disease Ontology"
"In the ontology of International Classification of Disease, which of the following definitions best describes 'Epilepsy, unspecified, not intractable, without status epilepticus'?","A. complications/disorders of the respiratory system that occur during or after a procedure/operation

B. Pleural plaques are deposits of hyalinized collagen fibers in the parietal pleura.

C. If you have epilepsy, you may have seizures repeatedly. A seizure that lasts longer than 5 minutes, or having more than 1 seizure within a 5 minutes period, without returning to a normal level of consciousness between episodes

D. a neurological disorder marked by sudden recurrent episodes of sensory disturbance, loss of consciousness, or convulsions, associated with abnormal electrical activity in the brain.",C,1_1,"Epilepsy, unspecified, not intractable, without status epilepticus",http://purl.obolibrary.org/obo/icdo.owl/ICDO_0000091,9,"Health & Medicine, International Classification of Disease Ontology"
"In the ontology of International Classification of Disease, which of the following definitions best describes 'New: Communicating hydrocephalus'?","A. inadequate reabsorption of CSF

B. A brief stroke (from a few minutes to an hour) of cerebral dysfunction when the blood supply to this part of the brain is blocked

C. symmetric, ascending weakness that progresses over days and is associated with normal sensation, with often preserved tendon reflexes, and with an increased cerebrospinal fluid protein concentration.

D. Flaccid paralysis is a clinical manifestation characterized by weakness or paralysis and reduced muscle tone without other obvious cause (e.g., trauma).",A,1_1,New: Communicating hydrocephalus,http://purl.obolibrary.org/obo/icdo.owl/ICDO_0000095,8,"Health & Medicine, International Classification of Disease Ontology"
"In the ontology of International Classification of Disease, which of the following definitions best describes 'New: Hydrocephalus, unspecified'?","A. observation by doctors of suspected myocardial infarction (heart attack)

B. a rare medical condition in which there is an abnormal accumulation of cerebrospinal fluid (CSF) in the brain.

C. inadequate reabsorption of CSF

D. used to specify a diagnosis of secondary and unspecified malignant neoplasm of intrathoracic lymph nodes.",B,1_1,"New: Hydrocephalus, unspecified",http://purl.obolibrary.org/obo/icdo.owl/ICDO_0000096,9,"Health & Medicine, International Classification of Disease Ontology"
"In the ontology of International Classification of Disease, which of the following definitions best describes 'Contact with and (suspected) exposure to intestinal infectious diseases'?","A. Patient is thought to have been exposed to the virus in question

B. Patient was exposed to SARS-associated coronavirus

C. large number of infections of the bowels including: cholera, typhoid fever, paratyphoid fever, other types of salmonella infections, shigellosis, botulism, gastroenteritis, and amoebiasis among others.

D. patient kept under observation for suspected disease/condition",C,1_1,Contact with and (suspected) exposure to intestinal infectious diseases,http://purl.obolibrary.org/obo/icdo.owl/ICDO_0000097,9,"Health & Medicine, International Classification of Disease Ontology"
"In the ontology of International Classification of Disease, which of the following definitions best describes 'Encounter for other specified postprocedural aftercare'?","A. an acute inflammatory injury of the bronchioles that is usually caused by a viral infection

B. Aftercare visit codes cover situations occurring when the initial treatment of a disease has been performed and the patient requires continued care during the healing or recovery phase, or care for the long-term consequences of the disease

C. A slight paralysis or weakness of both legs.

D. diseases affecting the respiratory system",B,1_1,Encounter for other specified postprocedural aftercare,http://purl.obolibrary.org/obo/icdo.owl/ICDO_0000100,9,"Health & Medicine, International Classification of Disease Ontology"
"In the ontology of International Classification of Disease, which of the following definitions best describes 'Carrier of other infectious diseases'?","A. Persons lacking permanent or reliable shelter, variously due to poverty, lack of affordable housing, mental illness, substance abuse, juvenile alienation, or other factors.

B. a medical procedure — either temporary or permanent — that involves creating an opening in the neck in order to place a tube into a person's windpipe.

C. the provision of assistance and guidance in resolving personal, social, or psychological problems and difficulties, especially by a professional.

D. a person or other organism that has become infected with a pathogen, but that displays no signs or symptoms. Although unaffected by the pathogen, carriers can transmit it to others or develop symptoms in later stages of the disease.",D,1_1,Carrier of other infectious diseases,http://purl.obolibrary.org/obo/icdo.owl/ICDO_0000104,8,"Health & Medicine, International Classification of Disease Ontology"
"In the ontology of International Classification of Disease, which of the following definitions best describes 'Body mass index [BMI] 38.0-38.9, adult'?","A. places one among the people considered obese, but also fall in the higher end of this category, meaning that gaining even more weight would put one in the danger of classifying as extremely obese

B. having problems or an inability adapting to a new environment or culture

C. someone that lives alone is more keen to become stressed, bored, or other mental states

D. Administration of immunotherapy",A,1_1,"Body mass index [BMI] 38.0-38.9, adult",http://purl.obolibrary.org/obo/icdo.owl/ICDO_0000106,8,"Health & Medicine, International Classification of Disease Ontology"
"In the ontology of International Classification of Disease, which of the following definitions best describes 'Personal history of malignant neoplasm of stomach'?","A. a condition or factor that serves as a reason to withhold a certain medical treatment due to the harm that it would cause the patient.

B. Cancer that occurs in the stomach.

C. Encounter for other specified aftercare

D. screening is done to prevent a disease or to help identify the disease.",B,1_1,Personal history of malignant neoplasm of stomach,http://purl.obolibrary.org/obo/icdo.owl/ICDO_0000107,8,"Health & Medicine, International Classification of Disease Ontology"
"In the ontology of International Classification of Disease, which of the following definitions best describes 'Personal history of antineoplastic chemotherapy'?","A. patient under observation for other suspected diseases and conditions

B. places one among the people considered obese, but also fall in the higher end of this category, meaning that gaining even more weight would put one in the danger of classifying as extremely obese

C. medications used to treat cancer

D. code that can be used to indicate a diagnosis for reimbursement purposes.	code that can be used to indicate a diagnosis for reimbursement purposes.",C,1_1,Personal history of antineoplastic chemotherapy,http://purl.obolibrary.org/obo/icdo.owl/ICDO_0000109,8,"Health & Medicine, International Classification of Disease Ontology"
"In the ontology of International Classification of Disease, which of the following definitions best describes 'Procedure and treatment not carried out because of contraindication'?","A. a medical procedure performed to replace bone marrow that has been damaged or destroyed by disease, infection, or chemotherapy

B. a condition or factor that serves as a reason to withhold a certain medical treatment due to the harm that it would cause the patient.

C. a person or other organism that has become infected with a pathogen, but that displays no signs or symptoms. Although unaffected by the pathogen, carriers can transmit it to others or develop symptoms in later stages of the disease.

D. medications used to treat cancer",B,1_1,Procedure and treatment not carried out because of contraindication,http://purl.obolibrary.org/obo/icdo.owl/ICDO_0000112,8,"Health & Medicine, International Classification of Disease Ontology"
"In the ontology of International Classification of Disease, which of the following definitions best describes 'Pain localized to upper abdomen'?","A. symptoms that have to do with food/fluid intake

B. Abdominal pain, also known as stomach pain or stomachache, is a common symptom associated with both temporary, non-serious disorders and more serious conditions.

C. A general state of ill health involving marked weight loss and muscle loss.

D. Sepsis associated with organ dysfunction distant from the site of infection.",B,1_1,Pain localized to upper abdomen,http://purl.obolibrary.org/obo/icdo.owl/ICDO_0000116,8,"Health & Medicine, International Classification of Disease Ontology"
"In the ontology of International Classification of Disease, which of the following definitions best describes 'New: Fecal incontinence'?","A. Sepsis associated with organ dysfunction distant from the site of infection.

B. a life-threatening lung injury that allows fluid to leak into the lungs. Breathing becomes difficult and oxygen cannot get into the body.

C. voluntary or involuntary fecal soiling in children who have usually already been toilet trained.

D. A general state of ill health involving marked weight loss and muscle loss.",C,1_1,New: Fecal incontinence,http://purl.obolibrary.org/obo/icdo.owl/ICDO_0000117,8,"Health & Medicine, International Classification of Disease Ontology"
"In the ontology of International Classification of Disease, which of the following definitions best describes 'New: Anterograde amnesia'?","A. a decrease in your normal sensations in the skin such as touch or temperature

B. Anterograde amnesia is a loss of the ability to create new memories after the event that caused the amnesia, leading to a partial or complete inability to recall the recent past, while long-term memories from before the event remain intact.

C. An inability to experience pleasure from activities usually found enjoyable.

D. an acute bleeding from the lung, from the upper respiratory tract and the trachea, and the alveoli",B,1_1,New: Anterograde amnesia,http://purl.obolibrary.org/obo/icdo.owl/ICDO_0000118,8,"Health & Medicine, International Classification of Disease Ontology"
"In the ontology of International Classification of Disease, which of the following definitions best describes 'Cachexia'?","A. A disorder characterized by the reflexive act of ejecting the contents of the stomach through the mouth.

B. A general state of ill health involving marked weight loss and muscle loss.

C. Abnormal buildup of fluid in the abdomen

D. Sepsis associated with organ dysfunction distant from the site of infection.",B,1_1,Cachexia,http://purl.obolibrary.org/obo/icdo.owl/ICDO_0000120,8,"Health & Medicine, International Classification of Disease Ontology"
"In the ontology of International Classification of Disease, which of the following definitions best describes 'Respiratory arrest'?","A. Sepsis associated with organ dysfunction distant from the site of infection.

B. An inability to experience pleasure from activities usually found enjoyable.

C. Respiratory arrest is the cessation of normal breathing due to failure of the lungs to function effectively.

D. Anterograde amnesia is a loss of the ability to create new memories after the event that caused the amnesia, leading to a partial or complete inability to recall the recent past, while long-term memories from before the event remain intact.",C,1_1,Respiratory arrest,http://purl.obolibrary.org/obo/icdo.owl/ICDO_0000121,8,"Health & Medicine, International Classification of Disease Ontology"
"In the ontology of International Classification of Disease, which of the following definitions best describes 'New: Acute respiratory distress'?","A. a life-threatening lung injury that allows fluid to leak into the lungs. Breathing becomes difficult and oxygen cannot get into the body.

B. fluid accumulation that affects the whole body rather than particular organs or body areas.

C. Respiratory arrest is the cessation of normal breathing due to failure of the lungs to function effectively.

D. Respiratory arrest is the cessation of normal breathing due to failure of the lungs to function effectively.",A,1_1,New: Acute respiratory distress,http://purl.obolibrary.org/obo/icdo.owl/ICDO_0000122,8,"Health & Medicine, International Classification of Disease Ontology"
"In the ontology of International Classification of Disease, which of the following definitions best describes 'Anhedonia'?","A. A disorder characterized by laboratory test results that indicate blood in the urine.

B. A general state of ill health involving marked weight loss and muscle loss.

C. An inability to experience pleasure from activities usually found enjoyable.

D. a life-threatening lung injury that allows fluid to leak into the lungs. Breathing becomes difficult and oxygen cannot get into the body.",C,1_1,Anhedonia,http://purl.obolibrary.org/obo/icdo.owl/ICDO_0000124,8,"Health & Medicine, International Classification of Disease Ontology"
"In the ontology of International Classification of Disease, which of the following definitions best describes 'Enterocolitis due to Clostridium difficile'?","A. colitis (inflammation of the large intestine) resulting from infection with Clostridium difficile, a spore-forming bacterium.

B. Infectious diseases are disorders caused by organisms — such as bacteria, viruses, fungi or parasites.

C. Enteritis (entero- + -itis) is inflammation of the small intestine.

D. A viral or bacterial infectious process affecting the large intestine.",A,1_1,Enterocolitis due to Clostridium difficile,http://purl.obolibrary.org/obo/icdo.owl/ICDO_0000125,8,"Health & Medicine, International Classification of Disease Ontology"
"In the ontology of International Classification of Disease, which of the following definitions best describes 'Other specified sepsis'?","A. Multicellular anatomical structure that consists of many cells of one or a few types, arranged in an extracellular matrix such that their long-range organisation is at least partly a repetition of their short-range organisation.

B. The prostate gland is a partly muscular, partly glandular body that is situated near the base of the mammalian male urethra and secretes an alkaline viscid fluid which is a major constituent of the ejaculatory fluid.

C. the presence of bacteria or their toxins in the blood or tissues.

D. Sepsis is a whole-body inflammatory response to an infection.",D,1_1,Other specified sepsis,http://purl.obolibrary.org/obo/icdo.owl/ICDO_0000126,9,"Health & Medicine, International Classification of Disease Ontology"
"In the ontology of International Classification of Disease, which of the following definitions best describes 'Other intestinal Escherichia coli infections'?","A. Enteritis (entero- + -itis) is inflammation of the small intestine.

B. A condition in which candida albicans, a type of yeast, grows out of control in moist skin areas of the body

C. disorders caused by organisms — such as bacteria, viruses, fungi or parasites.

D. colitis (inflammation of the large intestine) resulting from infection with Clostridium difficile, a spore-forming bacterium.",A,1_1,Other intestinal Escherichia coli infections,http://purl.obolibrary.org/obo/icdo.owl/ICDO_0000127,8,"Health & Medicine, International Classification of Disease Ontology"
"In the ontology of International Classification of Disease, which of the following definitions best describes 'Sylvatic yellow fever'?","A. The viral hemorrhagic (or haemorrhagic) fevers (VHFs) are a diverse group of animal and human illnesses in which fever and hemorrhage are caused by a viral infection.

B. The viral hemorrhagic (or haemorrhagic) fevers (VHFs) are a diverse group of animal and human illnesses in which fever and hemorrhage are caused by a viral infection.

C. viruses that infect the body cause diseases

D. the presence of bacteria or their toxins in the blood or tissues.",A,1_1,Sylvatic yellow fever,http://purl.obolibrary.org/obo/icdo.owl/ICDO_0000128,8,"Health & Medicine, International Classification of Disease Ontology"
"In the ontology of International Classification of Disease, which of the following definitions best describes 'Urban yellow fever'?","A. The viral hemorrhagic (or haemorrhagic) fevers (VHFs) are a diverse group of animal and human illnesses in which fever and hemorrhage are caused by a viral infection.

B. The viral hemorrhagic (or haemorrhagic) fevers (VHFs) are a diverse group of animal and human illnesses in which fever and hemorrhage are caused by a viral infection.

C. An inability to experience pleasure from activities usually found enjoyable.

D. An organ that houses olfactory neurons and is responsible for the sense of smell. Examples include the vertebrate nose and the Drosophila dorsal organ.",B,1_1,Urban yellow fever,http://purl.obolibrary.org/obo/icdo.owl/ICDO_0000129,9,"Health & Medicine, International Classification of Disease Ontology"
"In the ontology of International Classification of Disease, which of the following definitions best describes 'Fracture of neck, unspecified, initial encounter'?","A. complication in mechanical design.function of internal and external prosthetic devices, implants and grafts

B. A cervical fracture, commonly called a broken neck, is a catastrophic fracture of any of the seven cervical vertebrae in the neck

C. Fractures of the short, constricted portion of the thigh bone between the femur head and the trochanters.

D. occur when the bony block or vertebral body in the spine collapses, which can lead to severe pain, deformity and loss of height.",B,1_1,"Fracture of neck, unspecified, initial encounter",http://purl.obolibrary.org/obo/icdo.owl/ICDO_0000130,8,"Health & Medicine, International Classification of Disease Ontology"
"In the ontology of International Classification of Disease, which of the following definitions best describes 'Unspecified open wound of unspecified forearm, initial encounter'?","A. a complete or incomplete break in one of the five metatarsal bones in each foot.

B. infection or inflammation due to the implementation of cardiac/vascular devices, implants, and grafts

C. A cervical fracture, commonly called a broken neck, is a catastrophic fracture of any of the seven cervical vertebrae in the neck

D. an injury involving an external or internal break in body tissue, usually involving the skin",D,1_1,"Unspecified open wound of unspecified forearm, initial encounter",http://purl.obolibrary.org/obo/icdo.owl/ICDO_0000133,8,"Health & Medicine, International Classification of Disease Ontology"
"In the ontology of International Classification of Disease, which of the following definitions best describes 'Subluxation and dislocation of wrist and hand joints'?","A. A network of ligaments holds them in place and allows them to move. A tear in any of these ligaments can result in two or more of your carpal bones being pushed out of their usual position

B. This describes the circumstance causing an injury, not the nature of the injury. The injury in this case is caused by the lack of administration of surgical or medical care.

C. complication in mechanical design.function of internal and external prosthetic devices, implants and grafts

D. A cervical fracture, commonly called a broken neck, is a catastrophic fracture of any of the seven cervical vertebrae in the neck",A,1_1,Subluxation and dislocation of wrist and hand joints,http://purl.obolibrary.org/obo/icdo.owl/ICDO_0000134,8,"Health & Medicine, International Classification of Disease Ontology"
"In the ontology of International Classification of Disease, which of the following definitions best describes 'Unspecified trochanteric fracture of unspecified femur, initial encounter for closed fracture'?","A. Fractures of the short, constricted portion of the thigh bone between the femur head and the trochanters.

B. A hip fracture is a serious femoral fracture that occurs in the proximal end of the femur (the long bone running through the thigh), near the hip.

C. the proximal femur between the cervical region and the shaft. Subtrochanteric fracture, with a fracture line running from an area within 5 cm distal to the lesser trochanter

D. Interruptions, blockage, or diseases that affect how your heart or blood vessels pump blood can cause complications such as heart disease or stroke.",C,1_1,"Unspecified trochanteric fracture of unspecified femur, initial encounter for closed fracture",http://purl.obolibrary.org/obo/icdo.owl/ICDO_0000136,9,"Health & Medicine, International Classification of Disease Ontology"
"In the ontology of International Classification of Disease, which of the following definitions best describes 'Unspecified physeal fracture of upper end of unspecified femur, sequela'?","A. A type of permanent damage to muscles and nerves that results from prolonged lack blood flow to those tissues. It is characterized by shortening and stiffening of the muscles.

B. disruptions in the cartilaginous physis of long bones that may or may not involve epiphyseal or metaphyseal bone.

C. A mental disorder in which a person has trouble telling the difference between real and unreal experiences, thinking logically, and behaving normally in social situations.

D. used to specify conditions like chronic kidey disease",B,1_1,"Unspecified physeal fracture of upper end of unspecified femur, sequela",http://purl.obolibrary.org/obo/icdo.owl/ICDO_0000137,9,"Health & Medicine, International Classification of Disease Ontology"
"In the ontology of International Classification of Disease, which of the following definitions best describes 'Unspecified fracture of unspecified patella, sequela'?","A. is a break in the patella, or kneecap, the small bone that sits at the front of your knee

B. A cervical fracture, commonly called a broken neck, is a catastrophic fracture of any of the seven cervical vertebrae in the neck

C. a complete or incomplete break in one of the five metatarsal bones in each foot.

D. A type of permanent damage to muscles and nerves that results from prolonged lack blood flow to those tissues. It is characterized by shortening and stiffening of the muscles.",A,1_1,"Unspecified fracture of unspecified patella, sequela",http://purl.obolibrary.org/obo/icdo.owl/ICDO_0000138,8,"Health & Medicine, International Classification of Disease Ontology"
"In the ontology of International Classification of Disease, which of the following definitions best describes 'New: Fracture of unspecified metatarsal bone(s), left foot, subsequent encounter for fracture with routine healing'?","A. A cervical fracture, commonly called a broken neck, is a catastrophic fracture of any of the seven cervical vertebrae in the neck

B. a complete or incomplete break in one of the five metatarsal bones in each foot.

C. infection or inflammation due to the implementation of cardiac/vascular devices, implants, and grafts

D. Fractures of the short, constricted portion of the thigh bone between the femur head and the trochanters.",B,1_1,"New: Fracture of unspecified metatarsal bone(s), left foot, subsequent encounter for fracture with routine healing",http://purl.obolibrary.org/obo/icdo.owl/ICDO_0000140,8,"Health & Medicine, International Classification of Disease Ontology"
"In the ontology of International Classification of Disease, which of the following definitions best describes 'New: Unspecified fracture of unspecified foot, sequela'?","A. a complete or incomplete break in one of the five metatarsal bones in each foot.

B. respiratory system is unable to function properly; is long-term (chronic) or short-term (acute)

C. a bone break that happens in the bones of your foot, heel, toes, or ankle. There are different types of foot fractures, but the most common is a hairline fracture.

D. Wound healing is a critical outcome in surgery, and postoperative wound disruption or separation of the layers of a surgical wound with disruption of the fascia is a serious complication",C,1_1,"New: Unspecified fracture of unspecified foot, sequela",http://purl.obolibrary.org/obo/icdo.owl/ICDO_0000141,9,"Health & Medicine, International Classification of Disease Ontology"
"In the ontology of International Classification of Disease, which of the following definitions best describes 'New: Unspecified fracture of unspecified toe(s), sequela'?","A. a bone break that happens in the bones of your foot, heel, toes, or ankle. There are different types of foot fractures, but the most common is a hairline fracture.

B. Wound healing is a critical outcome in surgery, and postoperative wound disruption or separation of the layers of a surgical wound with disruption of the fascia is a serious complication

C. a complete or incomplete break in one of the five metatarsal bones in each foot.

D. infection and inflammation of the bone or bone marrow",B,1_1,"New: Unspecified fracture of unspecified toe(s), sequela",http://purl.obolibrary.org/obo/icdo.owl/ICDO_0000142,9,"Health & Medicine, International Classification of Disease Ontology"
"In the ontology of International Classification of Disease, which of the following definitions best describes 'Disruption of external operation (surgical) wound, not elsewhere classified'?","A. Pathologic process consisting of a partial or complete disruption of the layers of a surgical wound.

B. Development of hypothyroidism (when the thyroid gland doesn't produce enough of crucial hormones) following surgery

C. Infection in the body found after a procedure

D. A nonspecific hypersensitivity reaction caused by trauma causing pericardial effusion; high titers of anti-heart antibodies; low-grade fever; lethargy; loss of appetite; or abdominal pain.",A,1_1,"Disruption of external operation (surgical) wound, not elsewhere classified",http://purl.obolibrary.org/obo/icdo.owl/ICDO_0000143,9,"Health & Medicine, International Classification of Disease Ontology"
"In the ontology of International Classification of Disease, which of the following definitions best describes 'Other mechanical complication of infusion catheter, initial encounter'?","A. Fractures of the short, constricted portion of the thigh bone between the femur head and the trochanters.

B. is a break in the patella, or kneecap, the small bone that sits at the front of your knee

C. fracture or break on ribs, sternum and thoracic spine

D. Complications of gaining I.V. may include infiltration, hematoma, an air embolism, phlebitis, extravascular drug administration, and intraarterial injection. Intraarterial injection is more rare, but as threatening.",D,1_1,"Other mechanical complication of infusion catheter, initial encounter",http://purl.obolibrary.org/obo/icdo.owl/ICDO_0000145,8,"Health & Medicine, International Classification of Disease Ontology"
"In the ontology of International Classification of Disease, which of the following definitions best describes 'Secondary and unspecified malignant neoplasm of intrathoracic lymph nodes'?","A. Cancer that has spread from the original (primary) tumor to the liver.

B. Cancer that has spread from the original (primary) tumor to the bone.

C. Renal cell carcinoma is a kidney cancer that originates in the lining of the proximal convoluted tubule, a part of the very small tubes in the kidney that transport waste molecules from the blood to the urine.

D. used to specify a diagnosis of secondary and unspecified malignant neoplasm of intrathoracic lymph nodes.",D,1_1,Secondary and unspecified malignant neoplasm of intrathoracic lymph nodes,http://purl.obolibrary.org/obo/icdo.owl/ICDO_0000146,8,"Health & Medicine, International Classification of Disease Ontology"
"In the ontology of International Classification of Disease, which of the following definitions best describes 'New: Chronic lymphocytic leukemia of B-cell type'?","A. An aggressive (fast-growing) type of leukemia (blood cancer) in which too many lymphoblasts (immature white blood cells) are found in the blood and bone marrow; no remission

B. A rare condition in which chronic lymphocytic leukemia (cll) changes into a fast-growing type of lymphoma. Symptoms of richter syndrome include fever, loss of weight and muscle mass, and other health problems.

C. A neoplasm without malignant characteristics arising from the lip.

D. A state of bone marrow suppression and failure that is caused by a cytotoxic or adverse immunologic response to a drug treatment, leading to a failure of production of red blood cells, white cells and platelets.",B,1_1,New: Chronic lymphocytic leukemia of B-cell type,http://purl.obolibrary.org/obo/icdo.owl/ICDO_0000147,8,"Health & Medicine, International Classification of Disease Ontology"
"In the ontology of International Classification of Disease, which of the following definitions best describes 'New: Drug-induced aplastic anemia'?","A. A state of bone marrow suppression and failure that is caused by a cytotoxic or adverse immunologic response to a drug treatment, leading to a failure of production of red blood cells, white cells and platelets.

B. cancerous tumor of the eye

C. a malignant lung tumor characterized by uncontrolled cell growth in tissues of the lung.

D. secondary cancerous tumor of the brain and cerebral meninges",A,1_1,New: Drug-induced aplastic anemia,http://purl.obolibrary.org/obo/icdo.owl/ICDO_0000149,8,"Health & Medicine, International Classification of Disease Ontology"
"In the ontology of International Classification of Disease, which of the following definitions best describes 'Malignant neoplasm of bladder, unspecified'?","A. An aggressive (fast-growing) type of leukemia (blood cancer) in which too many lymphoblasts (immature white blood cells) are found in the blood and bone marrow; no remission

B. Bladder cancer is any of several types of cancer arising from the epithelial lining of the urinary bladder.

C. A malignancy of mature plasma cells engaging in monoclonal immunoglobulin production.

D. An immune disorder is a dysfunction of the immune system.",B,1_1,"Malignant neoplasm of bladder, unspecified",http://purl.obolibrary.org/obo/icdo.owl/ICDO_0000151,8,"Health & Medicine, International Classification of Disease Ontology"
"In the ontology of International Classification of Disease, which of the following definitions best describes 'Secondary malignant neoplasm of retroperitoneum and peritoneum'?","A. Pseudomyxoma peritonei (PMP) is a clinical condition caused by cancerous cells (mucinous adenocarcinoma) that produce abundant mucin or gelatinous ascites.

B. Cancer that has spread from the original (primary) tumor to the liver.

C. Epilepsy with simple partial seizures and focal EEG abnoralities

D. upper respiratory system is infected in multiple sites and parts will become inflamed or damaged.",A,1_1,Secondary malignant neoplasm of retroperitoneum and peritoneum,http://purl.obolibrary.org/obo/icdo.owl/ICDO_0000152,10,"Health & Medicine, International Classification of Disease Ontology"
"In the ontology of International Classification of Disease, which of the following definitions best describes 'Immune thrombocytopenic purpura'?","A. Evans syndrome is an autoimmune disease in which an individual's antibodies attack their own red blood cells and platelets.

B. Cancerous tumor of a respiratory organ (upper lobe, bronchus, or lung)

C. cancerous tumor of the eye

D. Cancer of the endometrium",A,1_1,Immune thrombocytopenic purpura,http://purl.obolibrary.org/obo/icdo.owl/ICDO_0000153,8,"Health & Medicine, International Classification of Disease Ontology"
"In the ontology of International Classification of Disease, which of the following definitions best describes 'Benign neoplasm of lip'?","A. A rare condition in which chronic lymphocytic leukemia (cll) changes into a fast-growing type of lymphoma. Symptoms of richter syndrome include fever, loss of weight and muscle mass, and other health problems.

B. Cancerous tumor of a respiratory organ (upper lobe, bronchus, or lung)

C. A neoplasm without malignant characteristics arising from the lip.

D. a brain tumor that is currently benign but has characteristics that make it possible for the tumor to become malignant (cancerous)",C,1_1,Benign neoplasm of lip,http://purl.obolibrary.org/obo/icdo.owl/ICDO_0000155,8,"Health & Medicine, International Classification of Disease Ontology"
"In the ontology of International Classification of Disease, which of the following definitions best describes 'New: Respiratory arrest'?","A. the collapse or closure of a lung resulting in reduced or absent gas exchange.

B. Pneumococcal disease is caused by common bacteria (Streptococcus pneumoniae) that can attack different parts of the body. When these bacteria invade the lungs, they can cause pneumonia; when they invade the bloodstream, they can cause sepsis; and when they invade the covering of the brain, they can cause meningitis.

C. a life-threatening lung injury that allows fluid to leak into the lungs. Breathing becomes difficult and oxygen cannot get into the body.

D. Respiratory arrest is the cessation of normal breathing due to failure of the lungs to function effectively.",D,1_1,New: Respiratory arrest,http://purl.obolibrary.org/obo/icdo.owl/ICDO_0000156,9,"Health & Medicine, International Classification of Disease Ontology"
"In the ontology of International Classification of Disease, which of the following definitions best describes 'Parainfluenza virus pneumonia'?","A. RSV is the most common cause of bronchiolitis (inflammation of the small airways in the lung) and pneumonia (infection of the lungs) in children younger than 1 year of age in the United States.

B. An infection that inflames the air sacs in one or both lungs caused by Parainfluenza virus

C. Viral pneumonia is an infection of your lungs caused by a virus.

D. Human metapneumovirus is a negative-sense single-stranded RNA virus of the family Pneumoviridae and is closely related to the Avian metapneumovirus subgroup C.",B,1_1,Parainfluenza virus pneumonia,http://purl.obolibrary.org/obo/icdo.owl/ICDO_0000159,11,"Health & Medicine, International Classification of Disease Ontology"
"In the ontology of International Classification of Disease, which of the following definitions best describes 'Other viral pneumonia'?","A. A gland that secretes products (excluding hormones and other chemical messengers) into ducts (duct glands) which lead directly into the external environment[WP]. Typical exocrine glands include sweat glands, salivary glands, mammary glands, stomach, liver, pancreas

B. a disease that attacks one or both lungs, virus is unspecified

C. If you have epilepsy, you may have seizures repeatedly. A seizure that lasts longer than 5 minutes, or having more than 1 seizure within a 5 minutes period, without returning to a normal level of consciousness between episodes

D. pneumonia attacks the respiratory system. Contagious and hard to treat.",B,1_1,Other viral pneumonia,http://purl.obolibrary.org/obo/icdo.owl/ICDO_0000160,11,"Health & Medicine, International Classification of Disease Ontology"
"In the ontology of International Classification of Disease, which of the following definitions best describes 'Pneumonia due to Klebsiella pneumoniae'?","A. Pneumonia is inflamed or swollen lung tissue due to infection with a germ. Mycoplasma pneumonia is caused by the bacteria Mycoplasma pneumoniae (M pneumoniae). This type of pneumonia is also called atypical pneumonia because the symptoms are different from those of pneumonia due to other common bacteria.

B. Inflammation of the lung parenchyma that is caused by bacterial infections.

C. Group B (i.e.,Streptococcus agalactiae) streptococci are a major cause of neonatal sepsis and pneumonia. In adults, pneumonia accounts for approximately 15% of adult infections by group B streptococci. Most adults with group B streptococcal pneumonia are debilitated and develop pneumonia as a consequence of aspiration.

D. Pneumonia (infection that inflames the air sacs in the lungs) caused by Klebsiella pneumoniae bacteria",D,1_1,Pneumonia due to Klebsiella pneumoniae,http://purl.obolibrary.org/obo/icdo.owl/ICDO_0000161,11,"Health & Medicine, International Classification of Disease Ontology"
"In the ontology of International Classification of Disease, which of the following definitions best describes 'Pneumonia due to Pseudomonas'?","A. Group B (i.e.,Streptococcus agalactiae) streptococci are a major cause of neonatal sepsis and pneumonia. In adults, pneumonia accounts for approximately 15% of adult infections by group B streptococci. Most adults with group B streptococcal pneumonia are debilitated and develop pneumonia as a consequence of aspiration.

B. Inflammation of the lung parenchyma that is caused by bacterial infections.

C. Pneumonia is inflamed or swollen lung tissue due to infection with a germ. Mycoplasma pneumonia is caused by the bacteria Mycoplasma pneumoniae (M pneumoniae). This type of pneumonia is also called atypical pneumonia because the symptoms are different from those of pneumonia due to other common bacteria.

D. Pneumonia (infection that inflames the air sacs in the lungs) caused by Pseudomonas bacteria",D,1_1,Pneumonia due to Pseudomonas,http://purl.obolibrary.org/obo/icdo.owl/ICDO_0000162,11,"Health & Medicine, International Classification of Disease Ontology"
"In the ontology of International Classification of Disease, which of the following definitions best describes 'Pneumonia due to Escherichia coli'?","A. An infection that inflames the air sacs in one or both lungs caused by Escherichia coli bacteria

B. Pneumonia (infection that inflames the air sacs in the lungs) caused by Pseudomonas bacteria

C. Pneumonia is inflamed or swollen lung tissue due to infection with a germ. Mycoplasma pneumonia is caused by the bacteria Mycoplasma pneumoniae (M pneumoniae). This type of pneumonia is also called atypical pneumonia because the symptoms are different from those of pneumonia due to other common bacteria.

D. Streptococcus pneumoniae is a gram-positive, lancet-shaped bacterium and a cause of community-acquired pneumonia.",A,1_1,Pneumonia due to Escherichia coli,http://purl.obolibrary.org/obo/icdo.owl/ICDO_0000163,11,"Health & Medicine, International Classification of Disease Ontology"
"In the ontology of International Classification of Disease, which of the following definitions best describes 'Pneumonia due to other specified infectious organisms'?","A. Carcinoma (cancerous tumor) of the liver

B. Pneumonia is an infection of one or both of the lungs caused by bacteria, viruses, or fungi.

C. this is a record of the patient

D. infection that inflames the air sacs in one or both lungs. The air sacs may fill with fluid or pus (purulent material), causing cough with phlegm or pus, fever, chills, and difficulty breathing.",D,1_1,Pneumonia due to other specified infectious organisms,http://purl.obolibrary.org/obo/icdo.owl/ICDO_0000164,11,"Health & Medicine, International Classification of Disease Ontology"
"In the ontology of International Classification of Disease, which of the following definitions best describes '*Pneumonia due to other infectious organisms, not elsewhere classified'?","A. Viral pneumonia is an infection of your lungs caused by a virus.

B. Inflammation of the lung parenchyma that is caused by bacterial infections.

C. Influenza is a viral infection that attacks your respiratory system — your nose, throat and lungs.

D. Pneumonia is an infection of one or both of the lungs caused by bacteria, viruses, or fungi.",D,1_1,"*Pneumonia due to other infectious organisms, not elsewhere classified",http://purl.obolibrary.org/obo/icdo.owl/ICDO_0000183,10,"Health & Medicine, International Classification of Disease Ontology"
"In the ontology of International Classification of Disease, which of the following definitions best describes '*Acute tonsillitis'?","A. An acute URI is a contagious infection of your upper respiratory tract. Your upper respiratory tract includes the nose, throat, pharynx, larynx, and bronchi.

B. An inflammation of the two oval-shaped pads of tissue at the back of the throat.

C. Pharyngitis, or acute pharyngitis, is an inflammation of the back of the throat, otherwise known as the pharynx. The condition generally causes pain and a sensation of scratchiness in the region of the throat, as well as difficulty swallowing. The condition is typically referred to as a sore throat.

D. Laryngitis may cause sore throat and hoarse voice but can also be associated with tracheitis and even bronchiolitis as the pathogen, infection, and host responses move further down the respiratory tree.",B,1_1,*Acute tonsillitis,http://purl.obolibrary.org/obo/icdo.owl/ICDO_0000166,10,"Health & Medicine, International Classification of Disease Ontology"
"In the ontology of International Classification of Disease, which of the following definitions best describes '*Bronchitis, not specified as acute or chronic'?","A. a chronic disease in which the bronchial airways in the lungs become narrowed and swollen, making it difficult to breathe

B. a condition where the bronchial tubes of the lungs are permanently damaged, widened, and thickened

C. (bron-kye-tis) inflammation (swelling and reddening) of the bronchi.

D. Chronic obstructive pulmonary disease (COPD) is a type of obstructive lung disease characterized by chronically poor airflow.",C,1_1,"*Bronchitis, not specified as acute or chronic",http://purl.obolibrary.org/obo/icdo.owl/ICDO_0000169,9,"Health & Medicine, International Classification of Disease Ontology"
"In the ontology of International Classification of Disease, which of the following definitions best describes '*Unspecified chronic bronchitis'?","A. a chronic disease in which the bronchial airways in the lungs become narrowed and swollen, making it difficult to breathe

B. a chronic pulmonary disease that obstructs bloodlflow

C. A subcategory of chronic obstructive pulmonary disease. The disease is characterized by hypersecretion of mucus accompanied by a chronic (more than 3 months in 2 consecutive years) productive cough. Infectious agents are a major cause of chronic bronchitis.

D. a condition where the bronchial tubes of the lungs are permanently damaged, widened, and thickened",C,1_1,*Unspecified chronic bronchitis,http://purl.obolibrary.org/obo/icdo.owl/ICDO_0000171,9,"Health & Medicine, International Classification of Disease Ontology"
"In the ontology of International Classification of Disease, which of the following definitions best describes '*Emphysema'?","A. A chronic disease in which the bronchial airways in the lungs become narrowed and swollen, making it difficult to breathe. Symptoms include wheezing, coughing, tightness in the chest, shortness of breath, and rapid breathing. An attack may be brought on by pet hair, dust, smoke, pollen, mold, exercise, cold air, or stress.

B. A condition of the lung characterized by increase beyond normal in the size of air spaces distal to the terminal bronchioles, either from dilatation of the alveoli or from destruction of their walls.

C. (bron-kye-tis) inflammation (swelling and reddening) of the bronchi.

D. Chronic obstructive pulmonary disease (COPD) is a type of obstructive lung disease characterized by chronically poor airflow.",B,1_1,*Emphysema,http://purl.obolibrary.org/obo/icdo.owl/ICDO_0000172,9,"Health & Medicine, International Classification of Disease Ontology"
"In the ontology of International Classification of Disease, which of the following definitions best describes '*Acute bronchitis'?","A. contagious infection of lower respiratory tract

B. Bronchitis is an inflammation of the bronchial tubes, the airways that carry air to your lungs. It causes a cough that often brings up mucus, as well as shortness of breath, wheezing, and chest tightness.

C. contagious viral infection caused by rhinovirus that causes inflammation of the bronchial tubes

D. an acute inflammatory injury of the bronchioles that is usually caused by a viral infection",B,1_1,*Acute bronchitis,http://purl.obolibrary.org/obo/icdo.owl/ICDO_0000196,10,"Health & Medicine, International Classification of Disease Ontology"
"In the ontology of International Classification of Disease, which of the following definitions best describes '*Asthma'?","A. A chronic disease in which the bronchial airways in the lungs become narrowed and swollen, making it difficult to breathe. Symptoms include wheezing, coughing, tightness in the chest, shortness of breath, and rapid breathing. An attack may be brought on by pet hair, dust, smoke, pollen, mold, exercise, cold air, or stress.

B. Mucoid sputum production characterizes simple chronic bronchitis. Persistent or recurrent purulent sputum production in the absence of localized suppurative disease, such as bronchiectasis, characterizes chronic mucopurulent bronchitis

C. Asthma is a common chronic inflammatory disease of the airways characterized by variable and recurring symptoms, reversible airflow obstruction and bronchospasm.

D. a chronic pulmonary disease that obstructs bloodlflow",A,1_1,*Asthma,http://purl.obolibrary.org/obo/icdo.owl/ICDO_0000174,9,"Health & Medicine, International Classification of Disease Ontology"
"In the ontology of International Classification of Disease, which of the following definitions best describes '*Influenza due to certain identified influenza viruses'?","A. Gastroenteritis, also known as infectious diarrhea, is inflammation of the gastrointestinal tract that involves the stomach and small intestine.

B. A common viral infection that can be deadly, especially in high-risk groups.

C. Influenza is a viral infection that attacks your respiratory system — your nose, throat and lungs.

D. A contagious respiratory illness that can cause mild to severe illness (fever, chills, aches)",C,1_1,*Influenza due to certain identified influenza viruses,http://purl.obolibrary.org/obo/icdo.owl/ICDO_0000175,10,"Health & Medicine, International Classification of Disease Ontology"
"In the ontology of International Classification of Disease, which of the following definitions best describes '*Influenza due to unidentified influenza virus'?","A. Pneumonia is an infection of one or both of the lungs caused by bacteria, viruses, or fungi.

B. Influenza due to unidentified influenza virus with other respiratory manifestations

C. Flu (influenza) is an infection of the nose, throat and lungs, which are part of the respiratory system. Influenza is commonly called the flu, but it's not the same as stomach ""flu"" viruses that cause diarrhea and vomiting

D. Inflammation of the lung parenchyma that is caused by bacterial infections.",B,1_1,*Influenza due to unidentified influenza virus,http://purl.obolibrary.org/obo/icdo.owl/ICDO_0000177,10,"Health & Medicine, International Classification of Disease Ontology"
"In the ontology of International Classification of Disease, which of the following definitions best describes '*Pneumonia due to Streptococcus pneumoniae'?","A. H. influenzae most often cause pneumonia, but can also cause severe illnesses like meningitis and bloodstream infections

B. Inflammation of the lung parenchyma that is caused by bacterial infections.

C. Pneumococcal disease is caused by common bacteria (Streptococcus pneumoniae) that can attack different parts of the body. When these bacteria invade the lungs, they can cause pneumonia; when they invade the bloodstream, they can cause sepsis; and when they invade the covering of the brain, they can cause meningitis.

D. Influenza is a viral infection that attacks your respiratory system — your nose, throat and lungs.",C,1_1,*Pneumonia due to Streptococcus pneumoniae,http://purl.obolibrary.org/obo/icdo.owl/ICDO_0000179,10,"Health & Medicine, International Classification of Disease Ontology"
"In the ontology of International Classification of Disease, which of the following definitions best describes '*Pneumonia due to Hemophilus influenzae'?","A. Influenza, commonly known as ""the flu"", is an infectious disease caused by an influenza virus. Symptoms can be mild to severe.

B. Infection that inflames air sacs in one or both lungs, which may fill with fluid.

C. Pneumonia is an infection of one or both of the lungs caused by bacteria, viruses, or fungi.

D. H. influenzae most often cause pneumonia, but can also cause severe illnesses like meningitis and bloodstream infections",D,1_1,*Pneumonia due to Hemophilus influenzae,http://purl.obolibrary.org/obo/icdo.owl/ICDO_0000181,10,"Health & Medicine, International Classification of Disease Ontology"
"In the ontology of International Classification of Disease, which of the following definitions best describes '*Pneumonia in diseases classified elsewhere'?","A. Inflammation of the lung parenchyma that is caused by bacterial infections.

B. Infection that inflames air sacs in one or both lungs, which may fill with fluid.

C. H. influenzae most often cause pneumonia, but can also cause severe illnesses like meningitis and bloodstream infections

D. Influenza due to unidentified influenza virus with other respiratory manifestations",B,1_1,*Pneumonia in diseases classified elsewhere,http://purl.obolibrary.org/obo/icdo.owl/ICDO_0000184,10,"Health & Medicine, International Classification of Disease Ontology"
"In the ontology of International Classification of Disease, which of the following definitions best describes '*Respiratory conditions due to other external agents'?","A. A type of disease that affects the lungs and other parts of the respiratory system

B. allergic alveolitis and pneumonitis due to inhaled organic dust and particles of fungal, actinomycetic or other origin

C. Respiratory conditions due to inhalation of chemicals, gases, fumes and vapors

D. A condition in which there is not enough oxygen in the blood.",A,1_1,*Respiratory conditions due to other external agents,http://purl.obolibrary.org/obo/icdo.owl/ICDO_0000185,9,"Health & Medicine, International Classification of Disease Ontology"
"In the ontology of International Classification of Disease, which of the following definitions best describes '*Pneumonitis due to solids and liquids'?","A. Pneumoconiosis is one of a group of interstitial lung disease caused by breathing in certain kinds of dust particles that damage your lungs

B. conditions of the lng caused by outside agents

C. Pneumonitis (noo-moe-NIE-tis) is a general term that refers to inflammation of lung tissue

D. A chronic lung disorder characterized by deposition of coal dust in the lung parenchyma leading to the formation of black nodules and emphysema. It occurs in coal miners.",C,1_1,*Pneumonitis due to solids and liquids,http://purl.obolibrary.org/obo/icdo.owl/ICDO_0000186,9,"Health & Medicine, International Classification of Disease Ontology"
"In the ontology of International Classification of Disease, which of the following definitions best describes '*Respiratory conditions due to inhalation of chemicals, gases, fumes and vapors'?","A. A chronic lung disorder characterized by deposition of coal dust in the lung parenchyma leading to the formation of black nodules and emphysema. It occurs in coal miners.

B. Respiratory conditions due to inhalation of chemicals, gases, fumes and vapors

C. A form of pneumoconiosis resulting from inhalation of dust containing crystalline form of silicon dioxide, usually in the form of quartz. Amorphous silica is relatively nontoxic.

D. allergic alveolitis and pneumonitis due to inhaled organic dust and particles of fungal, actinomycetic or other origin",B,1_1,"*Respiratory conditions due to inhalation of chemicals, gases, fumes and vapors",http://purl.obolibrary.org/obo/icdo.owl/ICDO_0000187,9,"Health & Medicine, International Classification of Disease Ontology"
"In the ontology of International Classification of Disease, which of the following definitions best describes '*Hypersensitivity pneumonitis due to organic dust'?","A. A form of pneumoconiosis caused by inhalation of asbestos fibers which elicit potent inflammatory responses in the parenchyma of the lung. The disease is characterized by interstitial fibrosis of the lung, varying from scattered sites to extensive scarring of the alveolar interstitium.

B. allergic alveolitis and pneumonitis due to inhaled organic dust and particles of fungal, actinomycetic or other origin

C. Respiratory conditions due to inhalation of chemicals, gases, fumes and vapors

D. A type of disease that affects the lungs and other parts of the respiratory system",B,1_1,*Hypersensitivity pneumonitis due to organic dust,http://purl.obolibrary.org/obo/icdo.owl/ICDO_0000188,9,"Health & Medicine, International Classification of Disease Ontology"
"In the ontology of International Classification of Disease, which of the following definitions best describes '*Airway disease due to specific organic dust'?","A. Pneumoconiosis is one of a group of interstitial lung disease caused by breathing in certain kinds of dust particles that damage your lungs.

B. conditions of the lng caused by outside agents

C. Pneumoconiosis is one of a group of interstitial lung disease caused by breathing in certain kinds of dust particles that damage your lungs

D. A diffuse parenchymal lung disease caused by inhalation of dust and by tissue reaction to their presence. These inorganic, organic, particulate, or vaporized matters usually are inhaled by workers in their occupational environment, leading to the various forms (asbestosis; byssinosis; and others). Similar air pollution can also have deleterious effects on the general population.",A,1_1,*Airway disease due to specific organic dust,http://purl.obolibrary.org/obo/icdo.owl/ICDO_0000189,9,"Health & Medicine, International Classification of Disease Ontology"
"In the ontology of International Classification of Disease, which of the following definitions best describes '*Pneumoconiosis associated with tuberculosis'?","A. Respiratory conditions due to inhalation of chemicals, gases, fumes and vapors

B. A type of disease that affects the lungs and other parts of the respiratory system

C. Pneumoconiosis is one of a group of interstitial lung disease caused by breathing in certain kinds of dust particles that damage your lungs

D. A diffuse parenchymal lung disease caused by inhalation of dust and by tissue reaction to their presence. These inorganic, organic, particulate, or vaporized matters usually are inhaled by workers in their occupational environment, leading to the various forms (asbestosis; byssinosis; and others). Similar air pollution can also have deleterious effects on the general population.",C,1_1,*Pneumoconiosis associated with tuberculosis,http://purl.obolibrary.org/obo/icdo.owl/ICDO_0000190,9,"Health & Medicine, International Classification of Disease Ontology"
"In the ontology of International Classification of Disease, which of the following definitions best describes '*Unspecified pneumoconiosis'?","A. A condition due to lack of oxygen in respired air due to inhaling too much carbon monoxide

B. A diffuse parenchymal lung disease caused by inhalation of dust and by tissue reaction to their presence. These inorganic, organic, particulate, or vaporized matters usually are inhaled by workers in their occupational environment, leading to the various forms (asbestosis; byssinosis; and others). Similar air pollution can also have deleterious effects on the general population.

C. Pneumonitis (noo-moe-NIE-tis) is a general term that refers to inflammation of lung tissue

D. Pneumoconiosis is one of a group of interstitial lung disease caused by breathing in certain kinds of dust particles that damage your lungs.",B,1_1,*Unspecified pneumoconiosis,http://purl.obolibrary.org/obo/icdo.owl/ICDO_0000191,9,"Health & Medicine, International Classification of Disease Ontology"
"In the ontology of International Classification of Disease, which of the following definitions best describes '*Pneumoconiosis due to dust containing silica'?","A. Pneumoconiosis is one of a group of interstitial lung disease caused by breathing in certain kinds of dust particles that damage your lungs

B. conditions of the lng caused by outside agents

C. A form of pneumoconiosis resulting from inhalation of dust containing crystalline form of silicon dioxide, usually in the form of quartz. Amorphous silica is relatively nontoxic.

D. A type of disease that affects the lungs and other parts of the respiratory system",C,1_1,*Pneumoconiosis due to dust containing silica,http://purl.obolibrary.org/obo/icdo.owl/ICDO_0000193,9,"Health & Medicine, International Classification of Disease Ontology"
"In the ontology of International Classification of Disease, which of the following definitions best describes '*Pneumoconiosis due to asbestos and other mineral fibers'?","A. Respiratory conditions due to inhalation of chemicals, gases, fumes and vapors

B. A type of disease that affects the lungs and other parts of the respiratory system

C. Pneumoconiosis is one of a group of interstitial lung disease caused by breathing in certain kinds of dust particles that damage your lungs

D. A form of pneumoconiosis caused by inhalation of asbestos fibers which elicit potent inflammatory responses in the parenchyma of the lung. The disease is characterized by interstitial fibrosis of the lung, varying from scattered sites to extensive scarring of the alveolar interstitium.",D,1_1,*Pneumoconiosis due to asbestos and other mineral fibers,http://purl.obolibrary.org/obo/icdo.owl/ICDO_0000194,9,"Health & Medicine, International Classification of Disease Ontology"
"In the ontology of International Classification of Disease, which of the following definitions best describes '*Coalworker's pneumoconiosis'?","A. A form of pneumoconiosis caused by inhalation of asbestos fibers which elicit potent inflammatory responses in the parenchyma of the lung. The disease is characterized by interstitial fibrosis of the lung, varying from scattered sites to extensive scarring of the alveolar interstitium.

B. A chronic lung disorder characterized by deposition of coal dust in the lung parenchyma leading to the formation of black nodules and emphysema. It occurs in coal miners.

C. allergic alveolitis and pneumonitis due to inhaled organic dust and particles of fungal, actinomycetic or other origin

D. A condition due to lack of oxygen in respired air due to inhaling too much carbon monoxide",B,1_1,*Coalworker's pneumoconiosis,http://purl.obolibrary.org/obo/icdo.owl/ICDO_0000195,9,"Health & Medicine, International Classification of Disease Ontology"
"In the ontology of International Classification of Disease, which of the following definitions best describes '*Acute bronchiolitis'?","A. Bronchiolitis is an acute inflammatory injury of the bronchioles that is usually caused by a viral infection (most commonly respiratory syncytial virus)

B. acute infection that affects the lower respiratory tract.

C. an acute inflammatory injury of the bronchioles that is usually caused by a viral infection

D. lower respiratoy tract infection that causes reversible bronchia inflammation",A,1_1,*Acute bronchiolitis,http://purl.obolibrary.org/obo/icdo.owl/ICDO_0000197,10,"Health & Medicine, International Classification of Disease Ontology"
"In the ontology of International Classification of Disease, which of the following definitions best describes '*Pleural plaque'?","A. The most frequent air leak, called a pneumothorax, is when the air collects between the lung and the chest wall.

B. There are three types of pleural disorders—pleurisy, pleural effusion, and pneumothorax—and they have varying causes.

C. increased amounts of fluid in pleural cavity

D. Pleural plaques are deposits of hyalinized collagen fibers in the parietal pleura.",D,1_1,*Pleural plaque,http://purl.obolibrary.org/obo/icdo.owl/ICDO_0000198,9,"Health & Medicine, International Classification of Disease Ontology"
"In the ontology of International Classification of Disease, which of the following definitions best describes '*Pneumothorax and air leak'?","A. There are three types of pleural disorders—pleurisy, pleural effusion, and pneumothorax—and they have varying causes.

B. The most frequent air leak, called a pneumothorax, is when the air collects between the lung and the chest wall.

C. increased amounts of fluid between the thin layers of tissue lining the lung and wall of the chest cavity

D. Pleural plaques are deposits of hyalinized collagen fibers in the parietal pleura.",B,1_1,*Pneumothorax and air leak,http://purl.obolibrary.org/obo/icdo.owl/ICDO_0000199,9,"Health & Medicine, International Classification of Disease Ontology"
"In the ontology of International Classification of Disease, which of the following definitions best describes '*Other pleural conditions'?","A. increased amounts of fluid in pleural cavity

B. There are three types of pleural disorders—pleurisy, pleural effusion, and pneumothorax—and they have varying causes.

C. diseases affecting the pleura, a membrane that lines the thorax

D. The most frequent air leak, called a pneumothorax, is when the air collects between the lung and the chest wall.",B,1_1,*Other pleural conditions,http://purl.obolibrary.org/obo/icdo.owl/ICDO_0000200,9,"Health & Medicine, International Classification of Disease Ontology"
"In the ontology of International Classification of Disease, which of the following definitions best describes '*Respiratory disorders in diseases classified elsewhere'?","A. When a person has acute respiratory failure, the usual exchange between oxygen and carbon dioxide in the lungs does not occur.

B. Respiratory disorders, or lung diseases, are disorders such as asthma, cystic fibrosis, emphysema, lung cancer, mesothelioma, pulmonary hypertension, and tuberculosis.

C. disorders affecting the lungs, ie asthma, COPD, influenza, etc.

D. The aftereffect of respiratory disease and tuberculosis",B,1_1,*Respiratory disorders in diseases classified elsewhere,http://purl.obolibrary.org/obo/icdo.owl/ICDO_0000201,9,"Health & Medicine, International Classification of Disease Ontology"
"In the ontology of International Classification of Disease, which of the following definitions best describes '*Other respiratory disorders'?","A. Respiratory disorders, or lung diseases, are disorders such as asthma, cystic fibrosis, emphysema, lung cancer, mesothelioma, pulmonary hypertension, and tuberculosis.

B. Respiratory disorders, or lung diseases, are disorders such as asthma, cystic fibrosis, emphysema, lung cancer, mesothelioma, pulmonary hypertension, and tuberculosis.

C. disorders affecting the lungs, ie asthma, COPD, influenza, etc.

D. A lung disease characterized by the growth of inflammatory cells (granulomas) in the lungs",A,1_1,*Other respiratory disorders,http://purl.obolibrary.org/obo/icdo.owl/ICDO_0000202,9,"Health & Medicine, International Classification of Disease Ontology"
"In the ontology of International Classification of Disease, which of the following definitions best describes '*Respiratory failure, not elsewhere classified'?","A. conditions affecting the respiratory system

B. When a person has acute respiratory failure, the usual exchange between oxygen and carbon dioxide in the lungs does not occur.

C. Respiratory disorders, or lung diseases, are disorders such as asthma, cystic fibrosis, emphysema, lung cancer, mesothelioma, pulmonary hypertension, and tuberculosis.

D. diseases affecting the respiratory system",B,1_1,"*Respiratory failure, not elsewhere classified",http://purl.obolibrary.org/obo/icdo.owl/ICDO_0000203,9,"Health & Medicine, International Classification of Disease Ontology"
"In the ontology of International Classification of Disease, which of the following definitions best describes '*Other interstitial pulmonary diseases'?","A. Interstitial pneumonia, Idiopathic pulmonary fibrosis, Nonspecific interstitial pneumonitis

B. respiratory diseases affecting the interstitum, a fluid-filled space between a structural barrier (ie cell wall, skin) and internal structures (ie organs, muscles).

C. extravascular accumulation of fluid in the pulmonary tissue and air sacs

D. extravascular accumulation of fluid in the pulmonary tissue and air sacs",A,1_1,*Other interstitial pulmonary diseases,http://purl.obolibrary.org/obo/icdo.owl/ICDO_0000205,9,"Health & Medicine, International Classification of Disease Ontology"
"In the ontology of International Classification of Disease, which of the following definitions best describes 'Acute bronchiolitis, unspecified'?","A. A condition of the lung characterized by increase beyond normal in the size of air spaces distal to the terminal bronchioles, either from dilatation of the alveoli or from destruction of their walls.

B. an acute inflammatory injury of the bronchioles that is usually caused by a viral infection

C. Anatomical structure that is an individual member of a species and consists of more than one cell.

D. Bronchiolitis is an acute inflammatory injury of the bronchioles that is usually caused by a viral infection (most commonly respiratory syncytial virus)",B,1_1,"Acute bronchiolitis, unspecified",http://purl.obolibrary.org/obo/icdo.owl/ICDO_0000206,11,"Health & Medicine, International Classification of Disease Ontology"
"In the ontology of International Classification of Disease, which of the following definitions best describes 'Emphysema, unspecified'?","A. A condition of the lung characterized by increase beyond normal in the size of air spaces distal to the terminal bronchioles, either from dilatation of the alveoli or from destruction of their walls.

B. Renal cell carcinoma is a kidney cancer that originates in the lining of the proximal convoluted tubule, a part of the very small tubes in the kidney that transport waste molecules from the blood to the urine.

C. Actions done to prevent a disease or to relieve a symptom i.e.: Surgery to remove blood clots

D. A condition of the lung characterized by increase beyond normal in the size of air spaces distal to the terminal bronchioles, either from dilatation of the alveoli or from destruction of their walls.",A,1_1,"Emphysema, unspecified",http://purl.obolibrary.org/obo/icdo.owl/ICDO_0000207,10,"Health & Medicine, International Classification of Disease Ontology"
"In the ontology of International Classification of Disease, which of the following definitions best describes 'Nonallergic asthma'?","A. Nonallergic asthma (a condition in which your airways narrow and swell)

B. A chronic disease in which the bronchial airways in the lungs become narrowed and swollen, making it difficult to breathe. Symptoms include wheezing, coughing, tightness in the chest, shortness of breath, and rapid breathing. An attack may be brought on by pet hair, dust, smoke, pollen, mold, exercise, cold air, or stress.

C. Asthma symptoms (airway swelling) occuring fewer than three times a week

D. Bronchopneumonia, bronchial pneumonia or bronchogenic pneumonia (not to be confused with lobar pneumonia) is the acute inflammation of the walls of the bronchioles.",A,1_1,Nonallergic asthma,http://purl.obolibrary.org/obo/icdo.owl/ICDO_0000208,10,"Health & Medicine, International Classification of Disease Ontology"
"In the ontology of International Classification of Disease, which of the following definitions best describes 'Diseases of bronchus, not elsewhere classified'?","A. disease of the bronchus

B. Respiratory disorders, or lung diseases, are disorders such as asthma, cystic fibrosis, emphysema, lung cancer, mesothelioma, pulmonary hypertension, and tuberculosis.

C. Respiratory tract infections not specified as acute, chronic, lower, or upper

D. An organ part that is part of a long bone [Automatically generated definition].",A,1_1,"Diseases of bronchus, not elsewhere classified",http://purl.obolibrary.org/obo/icdo.owl/ICDO_0000211,10,"Health & Medicine, International Classification of Disease Ontology"
"In the ontology of International Classification of Disease, which of the following definitions best describes 'Respiratory infection, not elsewhere classified'?","A. Respiratory tract infections not specified as acute, chronic, lower, or upper

B. Respiratory disorders, or lung diseases, are disorders such as asthma, cystic fibrosis, emphysema, lung cancer, mesothelioma, pulmonary hypertension, and tuberculosis.

C. An artery that supplies the myocardium.

D. disease of the bronchus",A,1_1,"Respiratory infection, not elsewhere classified",http://purl.obolibrary.org/obo/icdo.owl/ICDO_0000212,10,"Health & Medicine, International Classification of Disease Ontology"
"In the ontology of International Classification of Disease, which of the following definitions best describes 'Acute maxillary sinusitis'?","A. facial pain, localized to the cheek, but also in the frontal area or the teeth, that is made worse by stooping down or straining. The pain can be unilateral or bilateral, and tenderness may overlie the sinus.

B. Acute sinusitis is most often caused by the common cold. Signs and symptoms may include a blocked and stuffy (congested) nose, which may block your sinuses and prevent drainage of mucus.

C. Acute sinusitis causes the spaces inside your nose (sinuses) to become inflamed and swollen.

D. Acute sinusitis causes the spaces inside your nose (sinuses) to become inflamed and swollen",A,1_1,Acute maxillary sinusitis,http://purl.obolibrary.org/obo/icdo.owl/ICDO_0000214,11,"Health & Medicine, International Classification of Disease Ontology"
"In the ontology of International Classification of Disease, which of the following definitions best describes 'Acute maxillary sinusitis, unspecified'?","A. facial pain, localized to the cheek, but also in the frontal area or the teeth, that is made worse by stooping down or straining. The pain can be unilateral or bilateral, and tenderness may overlie the sinus.

B. Acute sinusitis causes the spaces inside your nose (sinuses) to become inflamed and swollen.

C. A structural quality inhering in a bearer by virtue of the bearer's touching another entity.

D. A type of disease that affects the lungs and other parts of the respiratory system",B,1_1,"Acute maxillary sinusitis, unspecified",http://purl.obolibrary.org/obo/icdo.owl/ICDO_0000215,12,"Health & Medicine, International Classification of Disease Ontology"
"In the ontology of International Classification of Disease, which of the following definitions best describes 'Acute frontal sinusitis, unspecified'?","A. Acute frontal sinusitis (AFrS) is defined as an acute bacterial infection of the frontal sinus cavity.

B. Acute sinusitis is most often caused by the common cold. Signs and symptoms may include a blocked and stuffy (congested) nose, which may block your sinuses and prevent drainage of mucus.

C. Acute sinusitis causes the spaces inside your nose (sinuses) to become inflamed and swollen

D. facial pain, localized to the cheek, but also in the frontal area or the teeth, that is made worse by stooping down or straining. The pain can be unilateral or bilateral, and tenderness may overlie the sinus.",A,1_1,"Acute frontal sinusitis, unspecified",http://purl.obolibrary.org/obo/icdo.owl/ICDO_0000216,11,"Health & Medicine, International Classification of Disease Ontology"
"In the ontology of International Classification of Disease, which of the following definitions best describes 'Other acute sinusitis'?","A. Acute sinusitis causes the spaces inside your nose (sinuses) to become inflamed and swollen

B. facial pain, localized to the cheek, but also in the frontal area or the teeth, that is made worse by stooping down or straining. The pain can be unilateral or bilateral, and tenderness may overlie the sinus.

C. Acute sinusitis is most often caused by the common cold. Signs and symptoms may include a blocked and stuffy (congested) nose, which may block your sinuses and prevent drainage of mucus.

D. Acute frontal sinusitis (AFrS) is defined as an acute bacterial infection of the frontal sinus cavity.",A,1_1,Other acute sinusitis,http://purl.obolibrary.org/obo/icdo.owl/ICDO_0000217,11,"Health & Medicine, International Classification of Disease Ontology"
"In the ontology of International Classification of Disease, which of the following definitions best describes 'Acute sinusitis, unspecified'?","A. A condition in which the cavities around the nasal passages become inflamed.

B. facial pain, localized to the cheek, but also in the frontal area or the teeth, that is made worse by stooping down or straining. The pain can be unilateral or bilateral, and tenderness may overlie the sinus.

C. Acute sinusitis causes the spaces inside your nose (sinuses) to become inflamed and swollen

D. Acute sinusitis is most often caused by the common cold. Signs and symptoms may include a blocked and stuffy (congested) nose, which may block your sinuses and prevent drainage of mucus.",D,1_1,"Acute sinusitis, unspecified",http://purl.obolibrary.org/obo/icdo.owl/ICDO_0000218,11,"Health & Medicine, International Classification of Disease Ontology"
"In the ontology of International Classification of Disease, which of the following definitions best describes 'Streptococcal pharyngitis'?","A. the elongated structure connected to the posterior surface of the testis that transports, stores, and matures spermatozoa between testis and vas deferens

B. Pharyngitis, or acute pharyngitis, is an inflammation of the back of the throat, otherwise known as the pharynx. The condition generally causes pain and a sensation of scratchiness in the region of the throat, as well as difficulty swallowing. The condition is typically referred to as a sore throat.

C. Strep throat is caused by infection with a bacterium known as Streptococcus pyogenes, also called group A streptococcus

D. Acute pharyngitis is characterized by the rapid onset of sore throat and pharyngeal inflammation (with or without exudate)",C,1_1,Streptococcal pharyngitis,http://purl.obolibrary.org/obo/icdo.owl/ICDO_0000219,11,"Health & Medicine, International Classification of Disease Ontology"
"In the ontology of International Classification of Disease, which of the following definitions best describes 'Acute pharyngitis due to other specified organisms'?","A. Pharyngitis, or acute pharyngitis, is an inflammation of the back of the throat, otherwise known as the pharynx. The condition generally causes pain and a sensation of scratchiness in the region of the throat, as well as difficulty swallowing. The condition is typically referred to as a sore throat.

B. Acute pharyngitis is characterized by the rapid onset of sore throat and pharyngeal inflammation (with or without exudate)

C. patient under observation for other suspected diseases and conditions

D. Strep throat is caused by infection with a bacterium known as Streptococcus pyogenes, also called group A streptococcus",B,1_1,Acute pharyngitis due to other specified organisms,http://purl.obolibrary.org/obo/icdo.owl/ICDO_0000220,11,"Health & Medicine, International Classification of Disease Ontology"
"In the ontology of International Classification of Disease, which of the following definitions best describes 'Acute laryngitis'?","A. Cancer of the endometrium

B. Acute laryngitis is characterized by inflammation and congestion of the larynx in the early stages

C. Laryngitis may cause sore throat and hoarse voice but can also be associated with tracheitis and even bronchiolitis as the pathogen, infection, and host responses move further down the respiratory tree.

D. Presence of a blockage in one of the pulmonary arteries in the lungs in patients with acute cor pulmonale (acute right heart failure)",B,1_1,Acute laryngitis,http://purl.obolibrary.org/obo/icdo.owl/ICDO_0000222,11,"Health & Medicine, International Classification of Disease Ontology"
"In the ontology of International Classification of Disease, which of the following definitions best describes 'Influenza due to other identified influenza virus with other specified pneumonia'?","A. contagious viral infection caused by rhinovirus that causes inflammation of the bronchial tubes

B. Influenza is a common cause of pneumonia, especially among younger children, the elderly, pregnant women, or those with certain chronic health conditions or who live in a nursing home

C. Influenza, commonly known as ""the flu"", is an infectious disease caused by an influenza virus. Symptoms can be mild to severe.

D. Influenza is a common cause of pneumonia, especially among younger children, the elderly, pregnant women, or those with certain chronic health conditions or who live in a nursing home",D,1_1,Influenza due to other identified influenza virus with other specified pneumonia,http://purl.obolibrary.org/obo/icdo.owl/ICDO_0000223,11,"Health & Medicine, International Classification of Disease Ontology"
"In the ontology of International Classification of Disease, which of the following definitions best describes 'Influenza due to other identified influenza virus with other manifestations'?","A. Influenza is a common cause of pneumonia, especially among younger children, the elderly, pregnant women, or those with certain chronic health conditions or who live in a nursing home

B. Influenza is a common cause of pneumonia, especially among younger children, the elderly, pregnant women, or those with certain chronic health conditions or who live in a nursing home

C. Influenza, commonly known as ""the flu"", is an infectious disease caused by an influenza virus. Symptoms can be mild to severe.

D. Mucoid sputum production characterizes simple chronic bronchitis. Persistent or recurrent purulent sputum production in the absence of localized suppurative disease, such as bronchiectasis, characterizes chronic mucopurulent bronchitis",B,1_1,Influenza due to other identified influenza virus with other manifestations,http://purl.obolibrary.org/obo/icdo.owl/ICDO_0000224,11,"Health & Medicine, International Classification of Disease Ontology"
"In the ontology of International Classification of Disease, which of the following definitions best describes 'Adenoviral pneumonia'?","A. Viral pneumonia is an infection of your lungs caused by a virus.

B. An infection that inflames the air sacs in one or both lungs caused by Parainfluenza virus

C. Human metapneumovirus is a negative-sense single-stranded RNA virus of the family Pneumoviridae and is closely related to the Avian metapneumovirus subgroup C.

D. Adenovirus pneumonia occasionally occurs in immunocompromised hosts and is characterized by rapid clinical deterioration compared to other viral pneumonias with a reported fatality rate of 50%.",D,1_1,Adenoviral pneumonia,http://purl.obolibrary.org/obo/icdo.owl/ICDO_0000226,11,"Health & Medicine, International Classification of Disease Ontology"
"In the ontology of International Classification of Disease, which of the following definitions best describes 'Respiratory syncytial virus pneumonia'?","A. Adenovirus pneumonia occasionally occurs in immunocompromised hosts and is characterized by rapid clinical deterioration compared to other viral pneumonias with a reported fatality rate of 50%.

B. RSV is the most common cause of bronchiolitis (inflammation of the small airways in the lung) and pneumonia (infection of the lungs) in children younger than 1 year of age in the United States.

C. An infection that inflames the air sacs in one or both lungs caused by Parainfluenza virus

D. Human metapneumovirus is a negative-sense single-stranded RNA virus of the family Pneumoviridae and is closely related to the Avian metapneumovirus subgroup C.",B,1_1,Respiratory syncytial virus pneumonia,http://purl.obolibrary.org/obo/icdo.owl/ICDO_0000227,11,"Health & Medicine, International Classification of Disease Ontology"
"In the ontology of International Classification of Disease, which of the following definitions best describes 'Human metapneumovirus pneumonia'?","A. RSV is the most common cause of bronchiolitis (inflammation of the small airways in the lung) and pneumonia (infection of the lungs) in children younger than 1 year of age in the United States.

B. Viral pneumonia is an infection of your lungs caused by a virus.

C. Human metapneumovirus is a negative-sense single-stranded RNA virus of the family Pneumoviridae and is closely related to the Avian metapneumovirus subgroup C.

D. An infection that inflames the air sacs in one or both lungs caused by Parainfluenza virus",C,1_1,Human metapneumovirus pneumonia,http://purl.obolibrary.org/obo/icdo.owl/ICDO_0000228,11,"Health & Medicine, International Classification of Disease Ontology"
"In the ontology of International Classification of Disease, which of the following definitions best describes 'Pneumonia due to Methicillin susceptible Staphylococcus aureus'?","A. Respiratory tract infections not specified as acute, chronic, lower, or upper

B. MSSA, or methicillin-susceptible Staphylococcus aureus, is an infection caused by a type of bacteria commonly found on the skin.

C. lung inflammation caused by bacterial infection, in which air sacs fill with pus

D. decrease of strength in one or more muscles",B,1_1,Pneumonia due to Methicillin susceptible Staphylococcus aureus,http://purl.obolibrary.org/obo/icdo.owl/ICDO_0000230,11,"Health & Medicine, International Classification of Disease Ontology"
"In the ontology of International Classification of Disease, which of the following definitions best describes 'Pneumonia due to streptococcus, group B'?","A. An infection that inflames the air sacs in one or both lungs caused by Escherichia coli bacteria

B. Group B (i.e.,Streptococcus agalactiae) streptococci are a major cause of neonatal sepsis and pneumonia. In adults, pneumonia accounts for approximately 15% of adult infections by group B streptococci. Most adults with group B streptococcal pneumonia are debilitated and develop pneumonia as a consequence of aspiration.

C. Pneumonia is inflamed or swollen lung tissue due to infection with a germ. Mycoplasma pneumonia is caused by the bacteria Mycoplasma pneumoniae (M pneumoniae). This type of pneumonia is also called atypical pneumonia because the symptoms are different from those of pneumonia due to other common bacteria.

D. Streptococcus pneumoniae is a gram-positive, lancet-shaped bacterium and a cause of community-acquired pneumonia.",B,1_1,"Pneumonia due to streptococcus, group B",http://purl.obolibrary.org/obo/icdo.owl/ICDO_0000231,11,"Health & Medicine, International Classification of Disease Ontology"
"In the ontology of International Classification of Disease, which of the following definitions best describes 'Pneumonia due to other streptococci'?","A. Inflammation of the lung parenchyma that is caused by bacterial infections.

B. Group B (i.e.,Streptococcus agalactiae) streptococci are a major cause of neonatal sepsis and pneumonia. In adults, pneumonia accounts for approximately 15% of adult infections by group B streptococci. Most adults with group B streptococcal pneumonia are debilitated and develop pneumonia as a consequence of aspiration.

C. Streptococcus pneumoniae is a gram-positive, lancet-shaped bacterium and a cause of community-acquired pneumonia.

D. An infection that inflames the air sacs in one or both lungs caused by Escherichia coli bacteria",C,1_1,Pneumonia due to other streptococci,http://purl.obolibrary.org/obo/icdo.owl/ICDO_0000232,11,"Health & Medicine, International Classification of Disease Ontology"
"In the ontology of International Classification of Disease, which of the following definitions best describes 'Pneumonia due to Mycoplasma pneumoniae'?","A. Pneumonia is inflamed or swollen lung tissue due to infection with a germ. Mycoplasma pneumonia is caused by the bacteria Mycoplasma pneumoniae (M pneumoniae). This type of pneumonia is also called atypical pneumonia because the symptoms are different from those of pneumonia due to other common bacteria.

B. Inflammation of the lung parenchyma that is caused by bacterial infections.

C. Group B (i.e.,Streptococcus agalactiae) streptococci are a major cause of neonatal sepsis and pneumonia. In adults, pneumonia accounts for approximately 15% of adult infections by group B streptococci. Most adults with group B streptococcal pneumonia are debilitated and develop pneumonia as a consequence of aspiration.

D. Streptococcus pneumoniae is a gram-positive, lancet-shaped bacterium and a cause of community-acquired pneumonia.",A,1_1,Pneumonia due to Mycoplasma pneumoniae,http://purl.obolibrary.org/obo/icdo.owl/ICDO_0000233,11,"Health & Medicine, International Classification of Disease Ontology"
"In the ontology of International Classification of Disease, which of the following definitions best describes 'New: Infective myositis, unspecified site'?","A. A disorder characterized by an infectious process involving the skeletal muscles.

B. bacterial infection of the skeletal muscles which results in a pus-filled abscess.

C. A disorder characterized by an infectious process involving the skeletal muscles.

D. liver failure",A,1_1,"New: Infective myositis, unspecified site","http://purl.obolibrary.org/obo/icdo.owl/Infective_myositis,_unspecified_site",9,"Health & Medicine, International Classification of Disease Ontology"
